,éûçèï ,é¿ê—
6,0.0010700142386849004,0.0
13,0.24333265405300858,0.0
22,-0.018320002856717782,0.0
25,0.011065620146835708,0.0
30,-0.006688315531864907,0.0
33,0.14113027009578555,0.0
34,0.11661860057814279,0.0
36,0.09500780179699278,0.0
40,0.22723420335048175,0.0
41,0.11185004623906583,0.0
42,0.012709731425946686,0.0
44,0.006939871013166897,0.0
50,-0.010792759164802927,0.0
63,0.09474787513561052,0.0
75,-0.009337130433895082,0.0
82,0.07715020843379472,0.0
83,-0.10145538590074725,0.0
86,0.06773203650238585,0.0
87,-0.029081597353599,0.0
88,0.04878487440678507,0.0
90,0.03001938689151883,0.0
92,-0.05573840975452023,0.0
93,-0.06542557267844908,0.0
95,-0.05215369934399906,0.0
98,-0.03927512463376568,0.0
102,-0.018185353147903885,0.0
105,0.17351886570177188,0.0
106,0.07427653008322521,0.0
107,0.07576440441476015,0.0
111,-0.003619812709720157,0.0
113,0.08257432494451458,0.0
116,-0.006524686183415167,0.0
118,-0.006589136655545498,0.0
123,-0.002463387521876684,0.0
128,-0.06511266947615982,0.0
132,-0.15074946930614908,0.0
140,-0.006589136655545498,0.0
141,-0.006589136655545498,0.0
144,-0.003865127564469737,0.0
147,-0.003865127564469737,0.0
156,0.20034256381615176,0.0
159,0.31817620515182315,0.0
160,0.17503817695587,0.0
167,-0.014686079253958768,0.0
171,-0.011432763965223587,0.0
172,-0.0019147815911902196,0.0
178,0.08572843079120292,0.0
179,0.17082978091820253,0.0
182,-0.08789933990546865,0.0
183,0.07766073727091669,0.0
185,-0.007471815797939694,0.0
189,-0.006040530724859031,0.0
190,-0.006040530724859031,0.0
191,-0.018070100273343197,0.0
193,-0.003865127564469737,0.0
197,-0.003865127564469737,0.0
203,0.0553063312013123,0.0
209,0.04237348535883366,0.0
210,-0.03687897884370349,0.0
215,-0.013598008156426797,0.0
217,-0.04544813191270239,0.0
221,-0.015193406471831537,0.0
223,-0.09451487699749474,0.0
228,0.2494316852401225,0.0
235,-0.025347621806387968,0.0
236,-0.018337359220524898,0.0
238,-0.014456964453162876,0.0
248,-0.056350322607048225,0.0
253,0.26003304095183544,0.0
255,0.0500071924559032,0.0
256,0.04488580115871142,0.0
258,-0.061320640001963515,0.0
259,0.019701705696841564,0.0
260,-0.01003690175092784,0.0
261,-0.01003690175092784,0.0
263,-0.01003690175092784,0.0
269,0.0052456757482216496,0.0
272,0.37437769568146034,0.0
274,0.08040083304882847,0.0
277,0.034335769765701886,0.0
283,-0.006285823998705356,0.0
291,0.0052456757482216496,0.0
292,0.0052456757482216496,0.0
295,0.09014170670977553,0.0
296,0.09181012617277454,0.0
302,0.21346851890818,0.0
306,0.0525197264199499,0.0
308,-0.0022805344064444687,0.0
310,-0.0022805344064444687,0.0
311,-0.0022805344064444687,0.0
317,-0.05441160927577836,0.0
321,0.2571751790106768,0.0
324,0.9162820946044921,0.0
326,0.7349950443499242,0.0
327,0.5105812478413778,0.0
328,0.14176626643421955,0.0
329,0.09052473599509875,0.0
333,-0.05950424487563319,0.0
344,-0.263256762429242,0.0
346,0.004438183400832847,0.0
347,-0.06992212590227323,0.0
351,0.10450434455504376,0.0
363,-0.0023726843511166266,0.0
364,-0.0023726843511166266,0.0
365,-0.0023726843511166266,0.0
367,-0.010370322549789826,0.0
370,0.10721437736366238,0.0
373,0.1348081845606287,0.0
377,0.0982700834266553,0.0
378,-0.0016192091087780173,0.0
380,-0.008043482097394649,0.0
381,-0.008043482097394649,0.0
387,-0.008151587134219318,0.0
392,0.002290932954012741,0.0
397,0.11566113294147831,0.0
398,0.08524195554049577,0.0
400,0.02727911955332695,0.0
401,0.16720598105434248,0.0
407,0.00834329045099664,0.0
409,-0.02157529546574656,0.0
412,-0.005749624404370914,0.0
416,-0.1256387050554295,0.0
417,-0.08828418709968834,0.0
425,0.0180247291541438,0.0
429,-0.021778626908241634,0.0
430,0.03189668469047069,0.0
432,-0.0029544496368695454,0.0
439,0.0017403067168095079,0.0
452,-0.005844852930046713,0.0
454,-0.006066017536013968,0.0
458,0.0014601926186521424,0.0
461,-0.015458082758750302,0.0
463,0.11062076462370335,0.0
472,0.12314758792396813,0.0
477,-0.026703712445739523,0.0
493,0.08067594985248239,0.0
495,0.8863622384406635,0.0
501,-0.04659979188369099,0.0
502,-0.061399839631238635,0.0
503,-0.04753620964164893,0.0
504,-0.07085468150063065,0.0
507,0.038907605957264696,0.0
511,-0.0643230832157477,0.0
512,0.10171591861967093,0.0
513,0.09598087936688512,0.0
514,0.06663860592502496,0.0
515,0.1207228295638005,0.0
520,-0.06865332603292786,0.0
521,-0.18700578172972362,0.0
524,-0.027285094871451605,0.0
533,-0.0025710019781496674,0.0
534,-0.03158466332194096,0.0
535,-0.05586296068746496,0.0
539,0.12101533129498225,0.0
541,0.2573049217072455,0.0
549,-0.008241799724427692,0.0
550,-0.008241799724427692,0.0
554,-0.011037289376415415,0.0
556,-0.011709910615571835,0.0
557,-0.011709910615571835,0.0
564,0.2835364896291136,0.0
567,0.46800219857850833,0.0
569,0.2585048712815732,0.0
570,0.01409950526568693,0.0
573,-0.019525585778314255,0.0
575,-0.01976641227889445,0.0
576,-0.011709910615571835,0.0
581,0.02357997026326582,0.0
582,-0.07560207670941305,0.0
586,4.812941591486727e-05,0.0
587,-0.053554454499570525,0.0
590,-0.12121367496859957,0.0
593,0.13927998967839295,0.0
603,0.037258486553026306,0.0
605,0.0064703320189936665,0.0
607,-0.0923792485926808,0.0
609,0.18877528665004298,0.0
610,0.10006514770155839,0.0
613,0.0578955897074817,0.0
616,0.08663041175176947,2.0
617,0.01954762323273401,1.0
626,-0.007147342249461587,0.0
628,0.03215937064545085,0.0
629,0.0031273758480026407,0.0
634,-0.06412204032283304,0.0
635,-0.17577387988687782,0.0
637,-0.05480861757353934,0.0
640,0.11861368157606614,0.0
642,-0.052649783875849364,0.0
644,-0.006624813496622209,0.0
653,0.02644067942320736,0.0
658,0.09159215149443672,0.0
660,0.11480535689793075,0.0
663,0.165297679913836,0.0
664,0.047863736217047176,0.0
665,0.02137587877620572,0.0
666,0.05389902664003657,0.0
668,-0.02150571153496823,0.0
670,-0.004531865064343613,0.0
675,-0.0047649005732859195,0.0
679,0.16111413901951696,0.0
687,0.5238414816968396,0.0
688,0.1456973892988959,0.0
690,0.15523850637233025,0.0
692,-0.014877031449102811,0.0
703,-0.07636944769220068,0.0
712,0.445879283805195,2.0
714,0.054354205105696975,0.0
721,0.010463688323831672,0.0
725,0.010080126227545276,0.0
727,-0.12128618028867355,0.0
728,0.2515318077822418,0.0
731,0.9094073034971789,2.0
733,0.8507410466909506,1.0
734,1.1490708165307926,2.0
736,0.4623747559600064,1.0
741,-0.026338184198192782,0.0
744,0.0067736957375670375,0.0
746,-0.011652861180290006,0.0
755,0.22481936609475558,0.0
762,-0.02657817095901431,0.0
770,-0.0037603267899385204,0.0
771,-0.05763918271723853,0.0
783,0.49026424275505365,1.0
784,0.5533572600720319,1.0
785,0.3200173135107702,0.0
789,-0.02865062485013503,0.0
795,0.0003186135417725591,0.0
796,0.0003186135417725591,0.0
805,1.2180382500695612,2.0
808,0.8561514584099623,2.0
809,0.5850690671652506,1.0
810,0.1582932591575414,0.0
811,0.025844613825445818,0.0
819,-0.0010831265008204981,0.0
820,-0.0010831265008204981,0.0
823,0.05881624822493208,0.0
828,0.5162882326005065,1.0
829,0.7156995862578657,1.0
831,0.40153075972134256,0.0
833,0.15318975551730135,0.0
838,-0.009449055498274832,0.0
843,0.0007472343081408042,0.0
846,0.02753539796876485,0.0
847,-0.15602380023011903,0.0
848,0.3915569726594333,0.0
849,0.4622384072044162,0.0
854,0.7983511468260208,0.0
856,0.911080185129885,2.0
871,0.15662848962072473,0.0
875,0.866084068592875,1.0
876,1.078476241033861,1.0
886,-0.0035947591745212793,0.0
887,-0.0038583361064894557,0.0
888,-0.007571395549815422,0.0
892,-0.007980439857003668,0.0
900,2.7867388942934674,3.0
901,2.324644751592838,2.0
902,2.068099009573471,2.0
904,1.0920711323591072,1.0
908,-0.00640385734457798,0.0
909,-0.005856130930320433,0.0
911,-0.0057312361054215576,0.0
912,-0.004817561766986425,0.0
913,0.0297318106602145,0.0
918,0.00867309611818913,0.0
921,-0.46014761231414403,0.0
923,0.2584662666548237,0.0
928,0.11605975826209664,0.0
931,0.05263844662615675,0.0
938,-0.013120614848548753,0.0
941,0.021818959139004463,0.0
947,1.9716752585304866,2.0
950,1.2950909834164201,2.0
953,0.7446640673847569,2.0
955,0.07316730639148837,0.0
958,-0.0028115284533025216,0.0
961,-0.02775532365078375,0.0
963,0.009399523089651234,0.0
964,0.009620687695618491,0.0
965,0.009399523089651234,0.0
970,0.48477575403533063,2.0
976,0.5054765937030213,0.0
977,0.4476048655407706,0.0
980,0.006083813138981065,0.0
983,0.006745328291753835,0.0
985,0.004415964448069378,0.0
986,-0.0016201812625572598,0.0
988,0.004194799842102122,0.0
989,-0.005447877566438015,0.0
992,0.19748170717819044,0.0
995,0.4485417659447679,0.0
996,0.49188677177625206,0.0
997,0.8535686242258217,0.0
1000,0.43025639319749387,0.0
1006,0.0041063485776003834,0.0
1009,0.0075169920931619895,0.0
1013,0.006025160651063426,0.0
1015,0.13699076156285422,0.0
1016,0.09562143809490418,0.0
1017,0.23267231065167224,0.0
1018,0.27675793359338324,0.0
1019,0.3241378935007873,0.0
1027,-0.007429517844961718,0.0
1030,-0.007429517844961718,0.0
1031,0.002088464529071647,0.0
1032,0.004074814677783902,0.0
1033,0.004074814677783902,0.0
1036,0.004074814677783902,0.0
1047,2.137266826596367,3.0
1051,0.1446758573505876,0.0
1053,0.0014779824912887667,0.0
1054,0.0014779824912887667,0.0
1056,0.00465651526422726,0.0
1058,0.00465651526422726,0.0
1060,0.004272953167940862,0.0
1064,0.8745260624084005,0.0
1066,2.5206508446669207,5.0
1069,2.756708054354683,4.0
1071,1.9398218678034622,3.0
1072,1.8479197414702333,3.0
1076,0.003868838961101595,0.0
1077,0.0013572517866508056,0.0
1079,0.0037439441362027196,0.0
1080,-0.003997739792789729,0.0
1085,-0.013602447529929066,0.0
1088,-0.01361641768021761,0.0
1092,0.07430943911321686,0.0
1098,0.011284681790219103,0.0
1101,-0.008040319620126291,0.0
1112,2.979298934001316,0.0
1114,3.047283993608982,4.0
1132,0.00527656166505247,0.0
1142,1.756738503262223,3.0
1144,1.242029417054166,0.0
1151,-0.0036594226338674944,0.0
1152,-0.00146106126456406,0.0
1154,-0.00146106126456406,0.0
1156,-0.00146106126456406,0.0
1158,0.05401574542352736,0.0
1161,0.7135284805351849,0.0
1162,0.9527869253818986,0.0
1165,1.0001104814409305,1.0
1168,1.3000656612447066,3.0
1169,0.6947328687531676,2.0
1173,-0.008846458375261244,0.0
1174,-0.005556577136176857,0.0
1176,0.0018611309864958064,0.0
1179,0.0004892847087154614,0.0
1184,0.6686539215156581,0.0
1188,1.9090995632230792,3.0
1189,1.6464503767199399,3.0
1194,0.09454144208657053,0.0
1197,0.006428823284970485,0.0
1199,0.006646316415681527,0.0
1207,0.6688483444577229,0.0
1213,2.8794772120263312,3.0
1216,1.9799734290008877,3.0
1218,0.05129698225656085,0.0
1224,-0.004228017469420763,0.0
1238,0.9908797000652934,0.0
1239,0.4287615650666616,2.0
1244,-0.00969609164069103,0.0
1245,-0.009148365226433487,0.0
1249,0.12602985291507163,0.0
1251,-0.00643765872982675,0.0
1252,-0.00643765872982675,0.0
1254,-0.012709539491154519,0.0
1265,0.187877500804394,0.0
1276,0.0035192389794329467,0.0
1277,0.01733667262250131,0.0
1280,1.9863186580220573,0.0
1286,2.179656266581456,3.0
1288,1.4719568472207338,0.0
1290,-0.003892506055747205,0.0
1293,-0.008271366894111372,0.0
1294,-0.005824230191790915,0.0
1295,-0.005759779719660583,0.0
1296,0.0035192389794329467,0.0
1300,0.0035192389794329467,0.0
1301,0.015202717713436455,0.0
1302,0.10303832671249186,0.0
1305,1.9826506227227472,0.0
1308,1.3529520422881778,0.0
1314,0.290366085777629,0.0
1319,0.05941908218107603,0.0
1320,-0.0023751806883946353,0.0
1330,1.3873012919067496,2.0
1331,1.8602010344488047,3.0
1336,0.5693192958738683,3.0
1337,0.6154577789630996,2.0
1341,-0.0006960057519750018,0.0
1347,-0.004808120713275927,0.0
1348,0.002086752459335677,0.0
1351,0.3140888557170492,0.0
1358,0.9236173301915088,2.0
1365,0.006706386301658747,0.0
1371,0.009991357989928057,0.0
1372,0.009991357989928057,0.0
1378,2.423715688826759,2.0
1379,1.9329708142657431,3.0
1380,2.2669526982612678,2.0
1386,0.35177643874427916,0.0
1387,0.13934599865538916,0.0
1389,-0.0012235101175980816,0.0
1390,-0.0012235101175980816,0.0
1391,-0.0012235101175980816,0.0
1396,-0.006861526157754528,0.0
1407,2.496592358635694,1.0
1412,-0.012418226447604196,0.0
1415,-0.01229333162270532,0.0
1417,-0.008008966597963985,0.0
1419,-0.00763133433257805,0.0
1421,0.0006916404605282374,0.0
1424,-0.48774103264895396,0.0
1425,-0.07035924404532984,0.0
1426,0.2092246909775325,0.0
1433,0.09685384020513328,0.0
1434,-0.20622055839571987,0.0
1437,-0.007002412900700772,0.0
1452,1.8995360009536435,2.0
1457,0.8543844393377917,2.0
1462,0.018018128199660508,0.0
1463,0.023470174280014727,0.0
1465,0.018588913644690168,0.0
1467,0.017217067366909825,0.0
1469,0.013389371063029063,0.0
1472,0.9398741801142717,1.0
1474,2.015130027332442,2.0
1475,2.6140703375721785,2.0
1476,3.18769396080423,3.0
1477,2.847405591365696,2.0
1485,-0.02773197420003061,0.0
1487,-0.013394047101725612,0.0
1490,-0.004118550023120567,0.0
1497,1.3848083985146507,3.0
1498,2.0174648689039043,2.0
1502,2.051542381492525,2.0
1506,0.1667810064795927,0.0
1519,-0.19417837202297103,0.0
1520,0.7894515731592995,0.0
1522,2.2034003602516803,2.0
1526,2.164398773732535,2.0
1537,-0.03269706930374893,0.0
1539,0.008389349180060294,0.0
1547,1.5152046787218691,2.0
1548,1.9400398179631695,2.0
1560,-0.0068260867099343685,0.0
1563,-0.007089663641902546,0.0
1564,-0.0068260867099343685,0.0
1568,1.3863525450032013,0.0
1571,2.661235520250307,3.0
1572,2.8809248265533594,5.0
1576,1.4240417538255146,2.0
1577,1.1176468828313013,0.0
1582,-0.00640385734457798,0.0
1584,-0.005490183006142846,0.0
1592,0.3109848917981272,0.0
1593,-0.15574453069805674,0.0
1594,-0.0804456665239118,0.0
1595,-0.010553481198790668,0.0
1596,0.3143979680879442,0.0
1604,-0.00772689810844998,0.0
1608,0.0016904598195529035,0.0
1609,0.0016904598195529035,0.0
1610,0.0016904598195529035,0.0
1616,1.5355601884666565,0.0
1619,2.248743596755522,3.0
1628,-0.03023071698963579,0.0
1630,0.00177521088988003,0.0
1637,-0.10292549119577461,0.0
1638,0.1780264518097529,0.0
1642,4.0784378706402205,4.0
1645,3.58027739489608,4.0
1646,3.0949321145422686,3.0
1648,2.554000998892373,2.0
1651,0.1673573331143919,0.0
1652,-0.0006719258124404266,0.0
1662,0.13987652378376217,0.0
1664,2.1636672319677,0.0
1665,3.0015547742456694,4.0
1667,4.238006172195863,3.0
1674,-0.11059051713423627,0.0
1675,0.1441295665453123,0.0
1680,0.0010041543640601956,0.0
1682,0.0010041543640601956,0.0
1683,0.0010041543640601956,0.0
1686,0.21737033842088005,0.0
1689,3.324735346300562,4.0
1692,3.2419451596726936,5.0
1694,3.4565127715457735,3.0
1697,2.2968800088413137,2.0
1702,0.012002968165738957,0.0
1708,0.005349152989171426,0.0
1711,0.36987927936599285,1.0
1720,2.2198806480786843,2.0
1722,0.1877087230260745,0.0
1723,0.2823095169857305,0.0
1727,0.0041063485776003834,0.0
1728,-0.0005380608328260695,0.0
1729,-0.0006629556577249446,0.0
1731,-0.0012106820719824905,0.0
1732,-0.0012106820719824905,0.0
1737,2.6676904531859016,4.0
1741,3.801846762109699,4.0
1742,3.2471432976493153,3.0
1753,-0.00021225666322022822,0.0
1758,-0.06527166945426291,0.0
1759,-0.4756534092365237,0.0
1767,0.310933076655267,0.0
1775,-0.003628299052657507,0.0
1779,0.009399523089651234,0.0
1780,0.008798467862653795,0.0
1781,0.008798467862653795,0.0
1787,2.5052978163766975,5.0
1788,2.7891400979262664,2.0
1793,1.7489593082974004,2.0
1794,0.8752463643863327,0.0
1795,-0.0018637372613298534,0.0
1796,0.003501530853926585,0.0
1798,0.003501530853926585,0.0
1800,0.014929242130831723,0.0
1803,0.015146735261542765,0.0
1804,0.015146735261542765,0.0
1814,2.547188165305227,4.0
1815,3.08628342721353,4.0
1816,2.622979442369964,1.0
1821,0.009556551686598695,0.0
1822,0.009368728190136337,0.0
1824,0.001180107763315523,0.0
1825,-0.017000100355498034,0.0
1826,-0.017000100355498034,0.0
1828,0.013079507401569386,0.0
1832,1.8399022230035824,3.0
1837,1.8388861564209575,1.0
1841,1.494760174620252,0.0
1842,0.48998134706694463,0.0
1845,0.0003208654480308781,0.0
1852,0.003611523799274263,0.0
1855,0.2575138404520616,0.0
1858,1.4875356973159053,2.0
1861,1.898917266368449,0.0
1864,1.8654341423197378,2.0
1865,1.6673899362839035,1.0
1868,0.002271211421310398,0.0
1872,0.001781162990312962,0.0
1873,0.001781162990312962,0.0
1876,0.001781162990312962,0.0
1878,0.21225208370239732,0.0
1879,-0.024177287218844153,0.0
1880,1.039661206372534,0.0
1887,2.5020972368476504,2.0
1888,2.6519526687284936,3.0
1894,-0.004361473731881864,0.0
1898,-0.0052136583322630325,0.0
1900,-0.007347613241327888,0.0
1903,0.32490418449542513,2.0
1906,2.1206533650111603,3.0
1913,1.3830643264594746,1.0
1915,0.014878245530171502,0.0
1917,-0.012820191238364545,0.0
1919,-0.013127091152041897,0.0
1921,-0.011932966071951157,0.0
1922,-0.006085610900597447,0.0
1923,-0.006085610900597447,0.0
1925,-0.0044708996529705496,0.0
1927,0.20897645080725494,0.0
1931,-0.16868963996879896,0.0
1933,0.007157377615729747,0.0
1934,-0.03893450357307305,0.0
1935,0.1254373131007577,0.0
1937,-0.1971100014858272,0.0
1949,0.005614039960081731,0.0
1950,0.06783926197077728,0.0
1953,3.3681447300905742,4.0
1955,3.045035577525671,5.0
1956,2.508808349376141,3.0
1957,3.6226233013246376,4.0
1959,2.9570021643283497,4.0
1961,2.168302716724985,3.0
1965,-0.0071325707458487425,0.0
1966,-0.0071325707458487425,0.0
1969,0.005709566453056539,0.0
1978,2.030173270508604,1.0
1981,2.1897317268047836,3.0
1982,1.7597608686001371,2.0
1987,0.011560126399487076,0.0
1992,0.002583468308152963,0.0
1993,0.002583468308152963,0.0
2010,0.5838224047854889,0.0
2013,-0.0048403507102725,0.0
2024,1.3218220324823828,3.0
2027,1.9926567084226905,3.0
2029,2.1660544851741768,3.0
2043,-0.0085036677941918,0.0
2044,0.00017564770381833585,0.0
2048,2.164014558094518,3.0
2054,2.257294663609812,2.0
2056,2.0950258140241993,1.0
2058,0.12756316449373029,0.0
2059,-0.03159346421423235,0.0
2060,-0.009011767781489698,0.0
2061,-0.00972328201461802,0.0
2064,-0.006640921705808797,0.0
2071,0.37109584925857775,0.0
2072,2.4535152154670987,1.0
2073,2.821300075706925,2.0
2074,3.390367056780057,1.0
2076,2.7843315126670722,1.0
2077,3.5721583375474335,2.0
2080,0.8091232552981023,0.0
2087,-0.017859801321916727,0.0
2088,-0.005859989427757579,0.0
2091,-0.02643772938760417,0.0
2093,-0.015745817435442226,0.0
2094,-0.1368801752221087,0.0
2095,-0.013458274870501895,0.0
2097,-0.13178782207770667,0.0
2098,-0.07959295097633448,0.0
2103,-0.13950882496977,0.0
2105,-0.05822402597763278,0.0
2106,0.0409213846259959,0.0
2108,-0.008796374707711963,0.0
2109,-0.009103274621389316,0.0
2110,-0.01550978763614179,0.0
2112,0.0025175071346256054,0.0
2113,0.0025175071346256054,0.0
2117,-0.06322776723670011,0.0
2119,0.9177767760386155,0.0
2120,3.3898164310251886,0.0
2122,3.30388881272049,4.0
2127,3.2805588646755575,4.0
2131,0.035849075520151596,0.0
2138,0.02942768102198052,0.0
2139,-0.040669173269406986,0.0
2142,0.35615586527014237,0.0
2145,2.70367933208495,3.0
2146,2.5595663205070123,3.0
2153,1.4900944711804598,2.0
2154,0.022229095228046086,0.0
2156,0.025728592691545774,0.0
2157,-0.019106094665507063,0.0
2158,-0.010011259743557923,0.0
2160,0.011363204267708404,0.0
2162,0.011363204267708404,0.0
2163,-0.0020435623561930395,0.0
2168,0.9295416095966651,1.0
2169,1.7215252616286376,1.0
2170,1.3483451042556733,0.0
2182,0.0038176913341403658,0.0
2185,-0.023111802810084802,0.0
2187,0.19938988166974397,0.0
2195,2.626578232372655,2.0
2196,2.1948671787142753,3.0
2201,1.0207401532931581,2.0
2203,0.1404775733768972,0.0
2204,0.15364517538227335,0.0
2208,-0.004686060651168425,0.0
2213,0.10761773139788537,0.0
2214,-0.0005291597625882475,0.0
2215,0.45362839101868874,0.0
2216,0.6588401973078511,0.0
2217,1.1197477865817342,3.0
2218,1.6972764837945584,2.0
2239,0.12824338712476985,0.0
2240,0.29127494183566927,0.0
2242,2.0407235329620863,4.0
2243,2.665865991733833,3.0
2251,0.04720676596312296,0.0
2252,-0.006033623006954302,0.0
2253,-0.007925083333615983,0.0
2255,-0.007559362008136909,0.0
2258,-0.006321270566158878,0.0
2259,-0.0060576936341907,0.0
2263,0.21310520420764067,0.0
2264,0.20642702868415025,0.0
2266,0.20597953251718665,0.0
2268,0.15615163119576325,0.0
2271,0.033812457659298856,0.0
2272,0.024537882081175456,0.0
2275,-0.007987714220870194,0.0
2276,-0.007987714220870194,0.0
2284,0.0011229491915050458,0.0
2290,2.8060326716441373,2.0
2292,2.57117199349625,2.0
2293,2.3010057993509725,2.0
2296,1.7331155820506818,0.0
2297,1.455277326038422,0.0
2299,-0.06416787571806018,0.0
2302,-0.05274242031645275,0.0
2307,-0.012729619835962021,0.0
2308,-0.012729619835962021,0.0
2309,-0.001221220814518522,0.0
2313,3.116335387317107,3.0
2323,0.0700131455410283,0.0
2324,0.08151404597275552,0.0
2331,-0.0050441021125029505,0.0
2335,0.6773880759401366,0.0
2339,3.684536969562627,4.0
2340,3.579869735790735,3.0
2345,1.8333512743194273,3.0
2348,-0.017976290074434534,0.0
2350,0.00013969997732062264,0.0
2362,2.4684774097149345,3.0
2365,2.3067334022451713,2.0
2368,1.7442978740894264,2.0
2369,0.8742929444526065,0.0
2377,-0.01413135987855508,0.0
2392,2.0533781352272618,2.0
2393,2.039750555199591,2.0
2411,4.961900316952285,4.0
2412,4.40149727510416,3.0
2414,2.4326296171980424,2.0
2420,-0.052506924137382255,0.0
2421,0.014789849885547693,0.0
2422,-0.008445711273163478,0.0
2424,0.003594035165868854,0.0
2428,-0.003681803873804729,0.0
2429,0.003509551850369461,0.0
2433,-0.16436530990954826,0.0
2435,-0.08390120432926887,0.0
2436,0.25831351532238994,0.0
2440,0.5374184228183142,0.0
2443,0.01909206267736877,0.0
2446,-0.0043948079931210105,0.0
2447,-0.0043948079931210105,0.0
2448,0.006967018692284137,0.0
2451,0.006967018692284137,0.0
2456,3.4462266180193355,0.0
2460,5.478207736752692,5.0
2462,3.833635880054386,3.0
2466,0.23042185825331568,0.0
2468,-0.012932866789582716,0.0
2470,-0.013939407270183526,0.0
2474,-0.01064547691327044,0.0
2484,3.666726020898402,4.0
2489,1.8850037471066987,1.0
2496,-0.029135363088968625,0.0
2497,-0.02875180099268223,0.0
2501,-0.008733448371314243,0.0
2505,3.681836210373091,3.0
2506,2.5781777143023463,2.0
2507,2.9261413680740422,3.0
2508,2.640808507832207,1.0
2512,2.427547388746215,2.0
2515,0.02018354957043883,0.0
2519,0.002915861944637688,0.0
2520,0.0071759054892479,0.0
2521,-0.0009159050618249742,0.0
2526,-0.02117015103255899,0.0
2529,3.172974962272487,3.0
2531,3.2335084182573546,3.0
2538,0.8802181971351916,0.0
2540,0.04146504484863594,0.0
2544,-0.00548407765804381,0.0
2546,-0.004858975783075208,0.0
2553,3.283526585070184,5.0
2554,3.5144366560066516,2.0
2556,5.050449256543648,3.0
2560,4.473227264469295,5.0
2564,0.0010291845865350042,0.0
2567,-0.00248714700544554,0.0
2568,-0.0017016872218530866,0.0
2570,-0.00273873003507049,0.0
2581,4.335898167696548,5.0
2583,1.4772072209132023,0.0
2592,-0.00015553539883327814,0.0
2594,-0.0007032618130908244,0.0
2599,-0.9880136443411628,0.0
2606,-0.636075009338142,0.0
2619,0.0014966065593767922,0.0
2620,0.0008715046844081865,0.0
2621,0.14207761217178672,0.0
2624,6.536213092885502,7.0
2625,7.149600380101363,8.0
2639,-0.010726303973602507,0.0
2640,-0.014420310893342189,0.0
2642,-0.014420310893342189,0.0
2646,0.08398325017970155,0.0
2650,6.313077200817289,6.0
2672,4.953984561059968,3.0
2676,6.239478553653898,6.0
2679,5.948227654612193,6.0
2681,2.489401074135952,3.0
2685,-0.006715440090884161,0.0
2688,0.003225748729191239,0.0
2689,0.0021887059159738367,0.0
2691,-2.973230859041153e-05,0.0
2692,0.0021887059159738367,0.0
2696,3.778822038585553,4.0
2699,4.924582330578173,6.0
2702,4.473324354591054,5.0
2710,0.01758551852628758,0.0
2712,0.001982181580776909,0.0
2717,0.01633420860353794,0.0
2723,5.036290406392745,4.0
2739,-0.000950566101239837,0.0
2742,-0.04952580789871359,0.0
2745,2.5774361012209543,5.0
2749,3.8360392320847336,4.0
2752,1.4575446628479733,0.0
2754,0.21879490120192868,0.0
2758,-0.004391228816694072,0.0
2759,-0.0072933394900516636,0.0
2768,-0.043368570309415856,0.0
2772,-0.18331591839568212,0.0
2778,-0.5748259128579732,0.0
2781,-0.009009102627084748,0.0
2782,-0.006434861043574682,0.0
2788,0.013935241835064375,0.0
2795,4.239650863012172,6.0
2798,4.834461658396981,5.0
2800,3.493583274026505,4.0
2805,0.005008427342748776,0.0
2807,0.004001886862147967,0.0
2809,0.1223054652623405,0.0
2812,-0.037978720534840686,0.0
2814,0.18318676037077802,0.0
2820,3.5764969636561452,4.0
2822,4.440113339185193,3.0
2828,-0.015564032173875388,0.0
2831,-0.0170635667040527,0.0
2834,-0.005526148427951903,0.0
2836,-0.009406731340702154,0.0
2838,0.2083084740457246,0.0
2840,5.9123512329095655,5.0
2841,5.741472323544914,6.0
2843,5.122714362179251,6.0
2844,5.122813244747952,5.0
2846,5.483140074559507,5.0
2849,3.539275133006039,4.0
2850,-0.006441869052353427,0.0
2852,0.06156934301421683,0.0
2854,-0.004889505503926489,0.0
2855,-0.009509028221987612,0.0
2857,-0.00532243045835778,0.0
2864,3.7033441978385233,5.0
2866,5.27793451122707,5.0
2871,4.278459794444129,5.0
2877,0.03926596303462704,0.0
2881,0.01945257454526167,0.0
2893,4.046959117286085,4.0
2897,2.429512804234157,3.0
2898,0.45349382338642275,0.0
2899,0.18598932906273258,0.0
2909,-0.010480776335800357,0.0
2910,0.5032631634226953,0.0
2915,5.048451000677883,5.0
2916,5.2137675405370345,6.0
2922,-0.004277467021436109,0.0
2926,-0.007666246722600246,0.0
2928,0.07523038441309463,0.0
2932,0.06865739375771664,0.0
2933,0.07079653703411347,0.0
2934,0.28182314116789403,0.0
2935,-0.8181051501463837,0.0
2938,0.2100647526315125,0.0
2944,-0.3190809794809753,0.0
2948,0.18549867068056805,0.0
2950,0.024873717541357608,0.0
2951,-0.018421105954501228,0.0
2957,0.02469193476300815,0.0
2960,5.056832704081005,7.0
2963,5.64349172614052,7.0
2964,5.465389358101757,6.0
2970,0.46952131490700616,1.0
2978,0.01344850703868929,0.0
2981,-0.029994147610230164,0.0
2986,5.878525708530308,4.0
2989,5.327757294180152,4.0
2990,5.215141932968229,5.0
2993,3.5949860340269884,3.0
3000,-0.009958119060854139,0.0
3004,-0.042849916055112805,0.0
3007,2.683788327979683,1.0
3011,6.495380813902849,7.0
3013,5.732733048292543,5.0
3020,0.013792419919059053,0.0
3026,-0.010257769328765778,0.0
3028,0.006940539661747162,0.0
3031,3.7427215791791366,3.0
3033,6.191792145688167,4.0
3034,5.441423997190013,5.0
3036,5.986071392874037,5.0
3041,2.555720149029634,4.0
3042,1.0893139730952826,0.0
3049,0.021072193246483954,0.0
3051,0.06223180705667899,0.0
3053,0.08085850944983532,0.0
3059,4.897783826732278,6.0
3062,4.068916951921103,5.0
3065,3.348091719341447,4.0
3066,-0.04131572928394241,0.0
3068,0.06551685571644994,0.0
3070,-0.08883972404225096,0.0
3071,-0.02901456818354049,0.0
3072,-0.057003548718432065,0.0
3076,0.005977895145652205,0.0
3079,1.0541071252016734,0.0
3083,2.9167109225681767,5.0
3088,1.3718664133483627,0.0
3091,0.0016857420704630205,0.0
3095,-0.0534309967240703,0.0
3099,0.1022464704786551,0.0
3101,-0.00830554197441714,0.0
3103,0.1529656358199931,0.0
3105,-0.03730540565579958,0.0
3106,-0.005425151121913065,0.0
3112,1.005261324730167,3.0
3114,1.472733193397613,3.0
3117,0.22642675144515076,0.0
3120,0.21140049883773698,0.0
3124,-0.040950095562300906,0.0
3127,1.348625318848226,0.0
3129,3.521248251786728,6.0
3133,5.454110380968072,5.0
3134,3.770782017655386,4.0
3137,2.1774397750834416,3.0
3139,-0.16649587827624032,0.0
3142,0.05710301468533136,0.0
3143,-0.1258557191562338,0.0
3144,-0.030038159893494717,0.0
3145,0.22813215918509663,0.0
3148,0.1122988096927897,0.0
3150,0.40472476245890604,0.0
3152,6.697296107135689,5.0
3155,5.67179125041339,6.0
3156,5.9756864811764085,6.0
3158,5.724975127859239,6.0
3161,4.605394345913169,3.0
3166,0.13153067774919236,0.0
3168,-0.0682291884963954,0.0
3172,0.004723845852059521,0.0
3183,3.8053208076715705,6.0
3186,-0.1257583604283024,1.0
3187,0.011793289076373467,0.0
3198,0.0021689197701120484,0.0
3199,1.3052857066997883,0.0
3200,3.3359805807003364,0.0
3201,4.019171957763788,5.0
3204,3.529608412152674,3.0
3205,3.4098775879885075,4.0
3210,0.19617712475615265,0.0
3214,0.02633713416450194,0.0
3216,-0.010154053280818044,0.0
3218,-0.00911701046760064,0.0
3220,0.012514339429115553,0.0
3221,0.004076231730985848,0.0
3224,2.278748554072467,2.0
3228,2.502300932083034,3.0
3232,1.619016566835352,3.0
3235,-0.005359185644357494,0.0
3237,-0.006158062944940469,0.0
3238,0.04650037121039053,0.0
3239,0.04902297083396663,0.0
3246,0.016251274552792013,0.0
3247,0.5560906807782375,2.0
3252,2.699421285535266,2.0
3254,1.3079856580644484,1.0
3255,0.8100052154350839,2.0
3261,0.00907331582454896,0.0
3263,0.017335652667041866,0.0
3264,0.0008547861212148552,0.0
3266,-8.730388725562262e-05,0.0
3272,-0.03031309920862742,0.0
3273,0.18485878214530674,0.0
3274,0.11119595279745433,0.0
3275,0.1667728464926159,0.0
3276,0.3667177122096556,0.0
3277,0.18226857656285309,0.0
3278,0.25921954046193724,0.0
3280,0.3580760798309296,0.0
3282,0.03844571226579487,0.0
3288,0.0050465293320338745,0.0
3290,0.0050465293320338745,0.0
3293,0.0050465293320338745,0.0
3295,0.5540137891273651,2.0
3296,1.64248593310222,2.0
3298,2.650375682484388,2.0
3301,2.3580515915283704,3.0
3304,1.643242328363753,3.0
3305,1.684375273509702,2.0
3306,0.10933981469207363,0.0
3308,0.0093226416134622,0.0
3309,-0.014969078493596723,0.0
3310,0.0093226416134622,0.0
3311,0.02128625931877446,0.0
3317,0.010554178950679111,0.0
3318,0.010554178950679111,0.0
3323,2.7630280152075675,3.0
3325,2.3605900128227315,3.0
3327,2.0863632408687347,4.0
3328,2.0970723498289776,3.0
3333,-0.07344523970505144,0.0
3336,-0.08803608306245941,0.0
3339,-0.03613202849184342,0.0
3343,1.808883998215708,0.0
3358,0.0032774163082720485,0.0
3362,-0.0024405843980098976,0.0
3364,0.0009001156942168634,0.0
3367,1.1924122183364732,3.0
3369,5.793805120611852,6.0
3371,5.2539905243796134,6.0
3373,5.034312203007994,5.0
3374,4.472953045584057,5.0
3379,0.0270818678727026,0.0
3383,0.011447387940357193,0.0
3385,-0.030470539681709586,0.0
3386,-0.02952844967323911,0.0
3389,-0.0012147442816751808,0.0
3390,-0.019682702073949607,0.0
3391,2.397662835361202,2.0
3396,5.442749868214032,4.0
3404,5.459373410709732e-05,0.0
3411,-0.0017016872218530866,0.0
3416,4.832373820670887,3.0
3424,1.2943599146156162,3.0
3425,1.5052784191520359,1.0
3427,-0.043313396619159984,0.0
3428,0.004047979209413801,0.0
3429,0.004047979209413801,0.0
3431,0.022156571963545337,0.0
3442,0.3383519635811432,0.0
3443,0.26761742085284623,0.0
3445,-0.12518006276457647,0.0
3452,-0.15803477845107858,0.0
3453,-0.06250019671252166,0.0
3458,-0.039364748344963174,0.0
3460,-0.025987601811316957,0.0
3463,1.568230489427964,3.0
3464,3.926719521887954,6.0
3467,3.709679535939832,5.0
3468,3.7033471506267177,5.0
3470,4.122157478294914,4.0
3479,0.04599283346545982,0.0
3481,0.04795371648345431,0.0
3488,4.436359259838219,3.0
3499,-0.044342363668928554,0.0
3501,-0.00010219200482029114,0.0
3511,1.5479032046929384,3.0
3513,4.771561262688645,6.0
3520,4.541064836869822,3.0
3521,4.183142991062743,4.0
3522,1.3434109600420614,0.0
3523,0.268830656141855,0.0
3524,-0.020235744787384182,0.0
3526,-0.11856959239582802,0.0
3534,0.10564766145302248,0.0
3536,5.6701106544070905,7.0
3537,6.264631025328371,6.0
3539,5.54150480475805,7.0
3542,4.489219319104843,4.0
3543,5.055495969194273,6.0
3547,0.33037088259732833,0.0
3550,-0.31851404930586863,0.0
3553,-0.19532836126857517,0.0
3554,-0.011994576727670975,0.0
3561,6.298561203303384,7.0
3563,5.523140951272928,6.0
3567,4.568176873497394,6.0
3569,3.2374762051491652,4.0
3571,-0.140996203419423,0.0
3576,-0.10568153481968603,0.0
3577,0.29156637686141035,0.0
3584,2.7144345954198696,0.0
3587,5.852075104006041,7.0
3590,2.9141592227881437,4.0
3594,-0.3316451964848356,0.0
3598,-0.16648769063848662,0.0
3599,-0.1434763837721662,0.0
3601,-0.021005214395745844,0.0
3603,-0.07746738254508252,0.0
3606,-0.03403711123029175,0.0
3612,0.15157166665401697,0.0
3614,0.6003904051854372,0.0
3618,-0.09302289830516866,0.0
3619,0.03167802204475998,0.0
3620,-0.0038768620474460965,0.0
3621,0.024961367727244464,0.0
3625,0.05021304715403256,0.0
3627,0.15842526364256693,0.0
3632,5.3177201535913605,6.0
3635,6.767417572847476,7.0
3640,5.121135677881757,6.0
3644,-0.09497864608303334,0.0
3650,0.07475667101081777,0.0
3661,4.497736047719062,4.0
3663,2.786911666322336,3.0
3664,1.1759994730325571,3.0
3666,0.07768717100193166,0.0
3669,0.01180725644985716,0.0
3674,0.07021440238875652,0.0
3675,0.08371521886436144,0.0
3678,0.11157143424825429,0.0
3681,2.41881490425974,2.0
3687,0.7677669197074684,0.0
3697,-0.0025182215471778644,0.0
3704,0.5312230992907462,0.0
3707,1.3929540632045487,1.0
3716,0.033400663056786725,0.0
3725,-0.0017577529518650096,0.0
3726,-0.0017577529518650096,0.0
3727,0.059715133903465896,1.0
3731,1.422854566171771,1.0
3750,0.04725656963226059,0.0
3754,1.4390630802674074,1.0
3758,0.6014664733470885,1.0
3762,0.0009071270483423887,0.0
3769,-0.018730389038827806,0.0
3773,-0.0051675792643232415,0.0
3778,0.29792748027717514,0.0
3781,0.14918772466681549,0.0
3786,-0.029561497555579457,0.0
3791,-0.002116881959162264,0.0
3792,0.0014604274865343066,0.0
3793,0.0014604274865343066,0.0
3794,0.0014604274865343066,0.0
3796,0.0014604274865343066,0.0
3807,1.1101838513943347,1.0
3810,0.07049464926342709,0.0
3812,0.004391139627377069,0.0
3813,0.0044555900995073994,0.0
3816,0.0014604274865343066,0.0
3821,0.0014604274865343066,0.0
3823,0.07479510464132186,0.0
3827,1.5466966483927442,1.0
3828,1.4296189470776905,1.0
3833,0.8745668822425195,2.0
3835,0.007019505713688687,0.0
3838,0.007019505713688687,0.0
3841,5.868744394125019e-05,0.0
3847,0.22648490500975071,0.0
3849,1.7204923788687903,1.0
3852,1.7943782147614016,1.0
3855,1.4360073423556947,1.0
3864,0.0016254713209343749,0.0
3868,0.002009033417220772,0.0
3870,0.001889048252902553,0.0
3871,0.18142276588112882,0.0
3872,0.5587297358489981,1.0
3873,1.0171406775280458,2.0
3878,1.0815393935131092,1.0
3879,1.314842370995602,1.0
3881,1.4743717878820997,1.0
3883,0.0183882866744197,0.0
3886,0.0064007114162718684,0.0
3887,0.0064007114162718684,0.0
3892,0.0039939473813780536,0.0
3893,0.010122120469018501,0.0
3899,2.945928301905058,2.0
3903,2.8904333921957965,3.0
3904,2.252984910322097,2.0
3905,1.6795814156449322,2.0
3906,0.11682420689069038,0.0
3907,0.0041490834149501025,0.0
3908,0.0041490834149501025,0.0
3911,-0.03046893281162203,0.0
3916,-0.0036431864693495884,0.0
3918,0.007729054114832975,0.0
3922,2.0049029171156403,1.0
3925,2.560249522806136,1.0
3926,1.8989847445534747,2.0
3927,2.0367069125917823,2.0
3928,1.333150010066349,0.0
3933,0.07671166059594585,0.0
3934,0.05211203833232838,0.0
3937,-0.003766287189304121,0.0
3940,0.0064659678766988025,0.0
3942,-0.003681803873804729,0.0
3944,0.0688612586410742,0.0
3948,0.00018613308230165489,0.0
3950,0.008326801886183456,1.0
3951,0.10251520573706384,1.0
3957,0.008342468290016098,0.0
3959,0.0005859098987194627,0.0
3960,0.003417551132266012,0.0
3966,0.03197623418933258,0.0
3972,3.01539811884484,2.0
3975,3.2486072414443625,3.0
3978,0.08367124193775351,2.0
3982,0.007272291392814581,0.0
3985,0.00505623291884664,0.0
3986,0.00505623291884664,0.0
3988,0.008951997625921596,0.0
3989,0.009169490756632637,0.0
3990,0.020677889778076143,0.0
3993,2.2087256579290355,2.0
4001,0.6225286360131429,1.0
4003,0.008605854175171023,0.0
4005,0.014441298792842837,0.0
4007,-0.005485200247699754,0.0
4008,0.010866332828044358,0.0
4011,0.010866332828044358,0.0
4016,1.7382091810725355,1.0
4018,2.969813492556198,2.0
4020,2.806795086098101,2.0
4024,1.3253726011307752,2.0
4025,1.4069942337057453,1.0
4028,0.01258947465130717,0.0
4029,0.01258947465130717,0.0
4032,0.0035014766305738842,0.0
4046,1.6077281910626775,1.0
4047,1.7893941985305486,2.0
4051,0.027587336989512337,0.0
4061,0.0011675685610079683,0.0
4063,0.2616777032421615,1.0
4064,1.0806241847482438,0.0
4065,1.4497812725504495,2.0
4067,1.9363940465079839,2.0
4070,1.3708583845568676,1.0
4071,1.3472346797090482,2.0
4072,1.1080216251893484,1.0
4075,-0.029286626824698955,0.0
4078,0.0027193010548168736,0.0
4083,-0.01272829835601525,0.0
4086,0.0479447463313279,0.0
4087,0.2107047062433846,0.0
4089,2.7917742553180465,2.0
4093,1.060611848571284,2.0
4099,-0.05244406078846091,0.0
4110,0.03555376967815254,0.0
4111,0.12106795241204284,0.0
4122,0.04718271602809765,0.0
4124,-0.007016277180211849,0.0
4125,-0.007016277180211849,0.0
4126,-0.009644643266523463,0.0
4128,0.0032500527179982774,0.0
4131,0.0053840076270631355,0.0
4132,0.0032500527179982774,0.0
4137,2.2588191449210826,2.0
4139,2.4886753606484793,3.0
4140,2.1981637304568116,2.0
4148,0.0007400901642715247,0.0
4149,0.0007400901642715247,0.0
4150,-0.001888275922040094,0.0
4153,0.0053840076270631355,0.0
4161,2.573293587296132,2.0
4166,2.4242873184206664,3.0
4168,1.7206507281137906,2.0
4171,-9.293183541590904e-05,0.0
4172,-0.0033157264057036167,0.0
4176,0.001429164019558131,0.0
4179,0.001429164019558131,0.0
4182,0.005066435661106693,0.0
4185,2.6513211796601146,2.0
4192,2.3768453638981817,2.0
4199,0.046797030302809926,0.0
4201,0.0028110014253396372,0.0
4207,0.8716234392975737,0.0
4208,2.490355944982388,0.0
4209,4.455937441471509,4.0
4210,3.7784387976210896,4.0
4212,2.723989779242061,4.0
4217,1.6401749350375934,1.0
4219,-0.039737813599660346,0.0
4221,0.047095015360083155,0.0
4224,0.0054532649894449775,0.0
4230,0.01398054214457913,0.0
4240,2.137427505153811,1.0
4247,-0.03577340083719689,0.0
4250,-0.006307319776676824,0.0
4255,0.3473808245825081,0.0
4259,1.4320807884787947,2.0
4264,1.114268268177938,0.0
4265,0.862393175240345,1.0
4271,-0.008321049382685358,0.0
4275,0.00098911249313272,0.0
4278,0.0006233911676536499,0.0
4279,0.08955160353015215,0.0
4280,0.1416982393050241,0.0
4284,-0.0049828799184184255,0.0
4285,0.01532543395857284,3.0
4287,0.07968891553660691,1.0
4288,0.057405592196355125,1.0
4289,0.15780214344628132,1.0
4291,-0.001230613711269043,0.0
4302,0.0030324722979411284,0.0
4303,0.1543017156083026,1.0
4308,1.8191868574467274,2.0
4312,1.0078371946581874,1.0
4313,1.067846614376106,1.0
4319,-0.00037004507569229477,0.0
4322,0.008693987816359484,0.0
4323,0.008693987816359484,0.0
4324,0.002504967932318049,0.0
4339,0.005291470442726061,0.0
4340,0.005291470442726061,0.0
4341,0.005291470442726061,0.0
4342,-0.0035259155276269947,0.0
4345,-0.002755085121650377,0.0
4350,-0.000621130212585522,0.0
4358,1.5108564388273158,2.0
4364,-0.005014094394853519,0.0
4366,-0.004796601264142477,0.0
4369,-0.0008047391483708543,0.0
4370,-0.001022232279081896,0.0
4375,0.6094454791583129,1.0
4376,2.1167571573852575,2.0
4377,2.236428847640675,2.0
4383,1.2121416088282397,2.0
4386,0.009950567642016404,0.0
4387,-0.02081573325029826,0.0
4390,0.01047868039608925,0.0
4396,0.14111139766007816,0.0
4398,0.3724406477435009,0.0
4403,1.2420992524002017,1.0
4405,1.1659874045054814,1.0
4406,1.6434783664260835,0.0
4408,1.1222124096404968,1.0
4410,0.13501278775533299,0.0
4411,0.13501278775533299,0.0
4413,0.056971301339529955,0.0
4414,-0.008245788293448368,0.0
4417,-0.01112591054800412,0.0
4419,-0.0028077880141926304,0.0
4426,2.3069445888127933,2.0
4427,2.477490870221963,2.0
4430,2.1880815803624185,2.0
4431,2.207248722512005,1.0
4433,1.2335302287290664,0.0
4436,0.014377398356366554,0.0
4442,0.000901451963162008,0.0
4445,-0.007800232666935878,0.0
4446,-0.01940707511202271,0.0
4448,-0.14666608398462708,0.0
4456,0.12375360431534653,0.0
4458,-0.011212648348960626,0.0
4462,-0.004485958429806722,0.0
4472,2.0694301068334804,3.0
4474,2.926941260292031,2.0
4476,2.895295572568944,2.0
4479,2.648321970541848,3.0
4485,0.004173646496666027,0.0
4490,0.0014604274865343066,0.0
4494,0.0013404423222160874,0.0
4496,1.6227528824729023,2.0
4499,2.6697867785990463,3.0
4502,2.838402583587561,1.0
4506,0.009735198358167847,0.0
4507,0.051165583393832356,0.0
4511,0.004173646496666027,0.0
4512,-0.0001588056867697913,0.0
4513,-0.0001588056867697913,0.0
4522,2.638911505709674,3.0
4530,0.003106178496644838,0.0
4531,0.005617765671095631,0.0
4535,0.005617765671095631,0.0
4537,0.002009033417220772,0.0
4541,0.002009033417220772,0.0
4543,0.09985217698939391,0.0
4544,0.33159435968596396,2.0
4551,1.1549179074426392,1.0
4552,1.376651411865496,1.0
4553,0.4912069972567951,1.0
4556,0.018264681245015745,0.0
4557,0.018452504741478103,0.0
4562,5.868744394125019e-05,0.0
4566,5.868744394125019e-05,0.0
4568,1.561206111665889,2.0
4569,2.3532754698996743,2.0
4572,2.766121537085377,3.0
4574,2.428093366206105,3.0
4584,-0.0014284842599895044,0.0
4587,-0.007319695974921139,0.0
4588,-0.007319695974921139,0.0
4590,-0.006749219129275615,0.0
4592,1.0836313473305377,1.0
4596,1.7951436157492755,3.0
4600,0.9569035932889516,0.0
4603,-0.00040111882212917686,0.0
4604,0.13459141072251837,0.0
4607,0.13459141072251837,0.0
4608,0.1606934925814238,0.0
4610,0.1606934925814238,0.0
4617,0.3241508203828975,0.0
4620,-0.09091268051701985,0.0
4628,-0.004241907715208897,0.0
4632,0.008951997625921596,0.0
4633,0.008951997625921596,0.0
4638,0.017487613290444126,0.0
4640,2.3029959724081595,2.0
4650,0.018733894671591922,0.0
4651,0.021432052278355866,0.0
4659,0.008951997625921596,0.0
4666,1.891578755481312,1.0
4670,0.8227201269761337,0.0
4672,0.9657348950972053,1.0
4678,0.008963318808446284,0.0
4681,0.005216628622545653,0.0
4683,0.004953051690577475,0.0
4684,0.005216628622545653,0.0
4685,0.013654736320675358,0.0
4686,0.0013331951703145174,0.0
4687,0.07788646889383467,0.0
4689,0.8092913252895574,1.0
4692,1.0773977645594643,0.0
4693,0.8426398938187091,1.0
4698,0.01027573548614999,1.0
4699,0.0053824133796007805,0.0
4701,0.0053824133796007805,0.0
4702,0.0053824133796007805,0.0
4705,0.005795128318044829,0.0
4714,1.367771716168138,1.0
4717,1.6064541997548745,1.0
4720,0.8721833493261476,1.0
4725,0.011300989374688559,0.0
4727,0.011300989374688559,0.0
4729,0.019521933656885107,0.0
4733,0.011203811123073617,0.0
4737,1.908513093867502,1.0
4738,1.15153846427178,1.0
4743,1.709324645499624,1.0
4747,0.01258947465130717,0.0
4749,0.01258947465130717,0.0
4750,0.01258947465130717,0.0
4751,0.01258947465130717,0.0
4755,0.003091924999240899,0.0
4758,-0.0056097596308569845,0.0
4760,0.7661629799607327,0.0
4764,1.1028666657504984,1.0
4766,0.8749676813096299,0.0
4773,0.004615211455823038,0.0
4776,0.0009423991978076498,0.0
4782,-0.006066738061102694,0.0
4785,0.21226037263633604,0.0
4788,0.13687497739902385,0.0
4793,0.05527537372939286,0.0
4796,-0.0037729282258831772,0.0
4802,0.004012161349282785,0.0
4806,0.004012161349282785,0.0
4807,0.028405183302221436,0.0
4808,0.09194854824325538,0.0
4809,0.32395838944973687,0.0
4810,0.061576875132043685,0.0
4811,0.11587483407188265,0.0
4812,0.06873925203226766,0.0
4815,0.23504507364839342,0.0
4819,0.0012568447858426488,0.0
4822,0.0012568447858426488,0.0
4824,0.004012161349282785,0.0
4826,0.004012161349282785,0.0
4831,0.04010012638170966,0.0
4832,0.13656235708343548,0.0
4835,0.236867038492821,0.0
4836,0.21463348595900944,0.0
4839,0.2750492264485264,0.0
4840,0.21682201340244253,0.0
4844,0.0012568447858426488,0.0
4848,-0.001691093597582656,0.0
4851,-0.001691093597582656,0.0
4852,-0.001691093597582656,0.0
4856,0.22725111503546183,1.0
4859,0.423325770410281,2.0
4862,0.7750688157648541,1.0
4863,0.35257926116977334,0.0
4865,0.2270227325402124,0.0
4867,-0.01032444034303416,0.0
4868,-0.019121346199728415,0.0
4872,-0.02514091770128151,0.0
4874,-0.022262253712267678,0.0
4878,-0.01571492030034999,0.0
4881,0.20050933223721082,1.0
4890,0.02523563480765807,0.0
4897,0.00027481087248882826,0.0
4901,0.00027481087248882826,0.0
4903,0.008963370508072666,0.0
4908,0.3691305378524001,0.0
4910,0.18871430152143104,0.0
4911,0.1811420169475922,0.0
4914,0.00034191721500622594,0.0
4923,-0.0071183900573500635,0.0
4925,-0.0076661164716076095,0.0
4926,-0.0076661164716076095,0.0
4935,0.43150528161867935,0.0
4939,-0.02552908015517728,0.0
4940,-0.02301749298072649,0.0
4950,-0.006987640559372255,0.0
4952,-0.04127336824022006,0.0
4959,0.11983390259478287,0.0
4964,-0.00987671497954497,0.0
4967,-0.00987671497954497,0.0
4968,0.0019173603686340073,0.0
4969,0.0019173603686340073,0.0
4971,0.0019173603686340073,0.0
4980,0.232631927862534,0.0
4982,0.16757192916866612,0.0
4983,0.19008219681882496,0.0
4985,0.2416220283434294,0.0
4988,-0.002762675987796459,0.0
4990,0.036512860646567946,0.0
4992,0.04601512215630703,0.0
4999,0.18431793973366487,0.0
5000,0.28967778886227874,0.0
5006,0.6728180826242277,1.0
5008,0.5249365528714369,0.0
5013,-0.002617236167636821,0.0
5016,-0.003599427033807641,0.0
5018,0.01028883002253254,0.0
5019,0.01028883002253254,0.0
5020,-0.003117936601368902,0.0
5022,-0.003599427033807641,0.0
5025,0.14646629851828466,1.0
5029,0.2315028213310304,1.0
5031,0.1955838207444097,0.0
5032,0.17590830008718084,1.0
5035,-0.003887921904152306,0.0
5038,-0.003887921904152306,0.0
5040,-0.0021765854261512,0.0
5041,-0.0016950949937124594,0.0
5046,-0.0021765854261512,0.0
5048,0.2538539129605264,0.0
5052,0.4659829426560887,0.0
5053,0.5381674698482767,0.0
5057,0.7017358519852173,0.0
5059,-0.0027845908538067766,0.0
5063,0.005127972766775754,0.0
5065,-0.008923085988026993,0.0
5069,0.0016844562192247807,0.0
5071,0.08613856310264742,0.0
5076,0.5278601049770303,0.0
5077,0.7157145641208397,2.0
5079,0.7899210856099713,2.0
5085,0.0017735936142660447,0.0
5086,0.0017735936142660447,0.0
5087,0.0017735936142660447,0.0
5088,-0.0025812847981893905,0.0
5090,-0.0025812847981893905,0.0
5093,-0.0025812847981893905,0.0
5096,-0.051699259199251016,0.0
5099,0.8062799726056203,3.0
5102,1.1744271127550803,2.0
5106,0.018626481510581078,0.0
5107,0.01571777526586378,0.0
5109,-0.009968849129997613,0.0
5115,-0.00286120298837455,0.0
5116,-0.003168102902051903,0.0
5117,-0.002495481662895479,0.0
5118,-0.003168102902051903,0.0
5120,-0.0019553594493678787,0.0
5123,-0.0067701672663502055,0.0
5126,0.045127322399624685,0.0
5132,-0.011255499250775965,0.0
5140,-0.018497786325513903,0.0
5146,0.16970850178161065,0.0
5149,0.4011613284762331,0.0
5150,0.5176707535303017,0.0
5158,0.0037447589607952796,0.0
5160,0.017640318332128375,0.0
5165,0.017376741400160198,0.0
5167,-0.01161851878973724,0.0
5169,0.5267864556194946,0.0
5172,0.42015584230552006,0.0
5179,0.005254534532099549,0.0
5184,0.017664267480915187,0.0
5185,0.017664267480915187,0.0
5191,0.052163514048994414,0.0
5194,0.14298281707207608,0.0
5196,0.009410820588278527,0.0
5197,0.29652076340626077,0.0
5198,0.35399751811949115,0.0
5200,0.1065521121220974,0.0
5202,-0.05390068629891814,0.0
5203,-0.00907309550510747,0.0
5209,0.02131106868568275,0.0
5211,-2.7603465719258663e-05,0.0
5212,-2.7603465719258663e-05,0.0
5213,-2.7603465719258663e-05,0.0
5214,-2.7603465719258663e-05,0.0
5218,0.19520032216141248,2.0
5219,0.7597030782768445,2.0
5223,0.8387160777705119,1.0
5224,0.32208469301282955,0.0
5229,0.004573492767559271,0.0
5231,0.0037805939834965364,0.0
5235,-0.0019779494389987806,0.0
5243,0.5197053074574758,0.0
5245,0.3685324449741356,0.0
5246,0.6868366184248275,0.0
5247,0.6220139816842325,0.0
5248,0.24162200736911918,1.0
5249,0.21349841188276375,2.0
5258,-0.008755277630863739,0.0
5260,-0.008448377717186388,0.0
5263,0.05414241604596126,0.0
5266,0.09957368466978879,0.0
5268,0.6577596695021726,0.0
5271,0.2878797006669632,0.0
5280,-0.007084230982945055,0.0
5287,0.048094308224891115,0.0
5289,-0.07516875182610319,2.0
5291,0.04800095408107751,0.0
5293,0.07580644599760265,0.0
5295,-0.009131030062572869,0.0
5296,0.1009747112221886,0.0
5301,-0.002483134749666528,0.0
5303,-0.002483134749666528,0.0
5305,-0.017739458721347016,0.0
5308,-0.0020018985877855917,0.0
5312,-0.024891402325749778,0.0
5314,0.3814078433410077,0.0
5316,0.7921094920403383,0.0
5319,0.38996214328475476,0.0
5320,0.2131042785804464,0.0
5323,0.006950989763587589,0.0
5324,0.0027191828098111523,0.0
5332,-0.0020018985877855917,0.0
5333,-0.058449415347219966,0.0
5334,-0.0035084327959120213,0.0
5340,0.09623007284871747,0.0
5343,1.0494857251707426,0.0
5344,0.6742099120959046,2.0
5346,0.007214566695555767,0.0
5350,0.007876081848328534,0.0
5356,0.018963769395671536,0.0
5358,0.019347331491957935,0.0
5359,0.006891878284142653,0.0
5362,0.19222805013195188,0.0
5363,0.25427287481098954,0.0
5376,-0.00022335951288297504,0.0
5378,-0.003871087896030294,0.0
5382,0.005686671189727961,0.0
5385,0.2696930015268786,2.0
5386,0.43147189659943724,2.0
5390,0.9851181587026118,2.0
5392,0.4579133661514217,2.0
5393,0.3759659593806954,0.0
5394,0.03069816641895836,0.0
5397,-0.0016079390594237095,0.0
5404,0.00452149706965772,0.0
5405,0.00452149706965772,0.0
5406,0.00452149706965772,0.0
5417,0.23604558964991096,0.0
5423,-0.0035582850327032303,0.0
5428,-0.002255831122207241,0.0
5433,0.45740729696428195,2.0
5437,1.207385803981627,2.0
5441,0.16360242878746323,0.0
5443,0.0010213811044293333,0.0
5445,7.317714399346359e-06,0.0
5447,7.317714399346359e-06,0.0
5451,-0.001257405713444978,0.0
5459,0.3564968391200778,0.0
5464,0.12067702463831632,0.0
5466,0.0017986419072243379,0.0
5474,0.014316246881658468,0.0
5476,0.014316246881658468,0.0
5478,0.014316246881658468,0.0
5481,0.6588053720582477,1.0
5483,1.0869565086150674,2.0
5488,0.418764954604104,1.0
5490,0.08204876695418375,1.0
5492,0.09239169789315127,0.0
5499,0.0046635664158792165,0.0
5502,0.0046635664158792165,0.0
5504,0.10097633248111648,0.0
5506,0.4724550491746984,0.0
5507,0.47844532339987117,1.0
5508,0.4308914150138038,2.0
5509,0.4980810988708093,2.0
5510,0.4858071967611501,1.0
5518,0.006926715252485805,0.0
5519,0.03635842278657783,0.0
5522,0.0007360139400882132,0.0
5523,0.0007360139400882132,0.0
5524,0.0007360139400882132,0.0
5527,0.026429343681668743,0.0
5528,0.020653724120894255,0.0
5530,0.23829676076663353,0.0
5531,0.1979993940551541,0.0
5534,0.20285770677986778,0.0
5535,0.1536382278735929,0.0
5548,0.0026863599133677336,0.0
5550,0.0026863599133677336,0.0
5552,0.18030206779837105,0.0
5554,0.2956635968701607,1.0
5557,0.22552806164886033,1.0
5560,0.15705829607021454,1.0
5561,0.23220312858226527,0.0
5562,0.0028955356563731883,0.0
5564,0.0028955356563731883,0.0
5568,0.011920436071730874,0.0
5571,0.011920436071730874,0.0
5573,0.011920436071730874,0.0
5574,0.011920436071730874,0.0
5575,0.07587880978313866,0.0
5576,0.06920277833740687,0.0
5577,0.23927534304812934,0.0
5587,0.012129611814736332,0.0
5593,-0.007287199954893069,0.0
5595,-0.007287199954893069,0.0
5603,0.2591800393815068,0.0
5604,0.24462634481846057,0.0
5606,0.4292495266876575,0.0
5609,0.1559865269335065,0.0
5610,-0.006405402972731195,0.0
5615,-0.007078024211887617,0.0
5617,-0.006288774546130808,0.0
5621,-0.006288774546130808,0.0
5622,-0.006288774546130808,0.0
5625,-0.03251021211581429,0.0
5630,0.10831994589549893,0.0
5635,-0.005816021871157178,0.0
5641,0.0016428292286410138,0.0
5648,0.11094694760526501,0.0
5649,0.18653251729346687,0.0
5656,0.13814038243275842,0.0
5658,-0.009541632479122389,0.0
5671,-0.015730612484690286,0.0
5674,0.07692036324822706,0.0
5680,0.09964073618720512,0.0
5681,0.13401550343905796,0.0
5686,0.004425816514344425,0.0
5692,-0.004419634862314202,0.0
5697,0.016481756650112075,0.0
5698,-0.008382087673581116,0.0
5704,0.04434296717747052,0.0
5706,-0.0021943397921685144,0.0
5707,-0.006926192941813115,0.0
5710,-0.006926192941813115,0.0
5711,-0.008889542347988723,0.0
5714,-0.00246928888903468,0.0
5720,0.035915189826946324,0.0
5725,0.45120533148918496,0.0
5726,0.5455634398136027,0.0
5731,-0.0069391963747092045,0.0
5732,-0.016457178748742574,0.0
5733,-0.0069391963747092045,0.0
5738,-0.0002652661153181501,0.0
5739,-0.0002652661153181501,0.0
5740,-0.0002652661153181501,0.0
5742,-0.0002652661153181501,0.0
5743,0.0028041828459945775,0.0
5744,0.02555321864798841,0.0
5746,0.43150559349749834,0.0
5747,0.1448896953047121,0.0
5751,0.16886233514255752,0.0
5752,0.07811016828066417,0.0
5755,-0.0015786359966701645,0.0
5763,-0.011047883899444002,0.0
5764,-0.010500157485186455,0.0
5767,-0.04782207808304051,0.0
5773,0.09159290386354708,1.0
5776,0.016851259468220033,0.0
5777,0.04029562108092698,0.0
5778,0.005121681776655033,0.0
5780,0.00836025606266669,0.0
5784,-0.005899052024887502,0.0
5786,-0.008410639199338293,0.0
5792,-0.04931975966016588,0.0
5794,-0.09847602682568089,0.0
5806,-0.007885043145395936,0.0
5808,0.0031347819948497704,0.0
5810,0.0031347819948497704,0.0
5820,0.13658073618983976,0.0
5829,0.0018214121134977597,0.0
5831,0.0018214121134977597,0.0
5844,0.050460317305603485,0.0
5853,0.0018214121134977597,0.0
5857,0.1382351035078816,0.0
5858,0.1382351035078816,0.0
5860,0.10814141411641785,0.0
5862,-0.0027755043417903172,0.0
5863,0.19430734144003922,0.0
5870,0.15999310163824548,0.0
5876,-0.008809000327501374,0.0
5880,-0.021295182646934016,0.0
5883,-0.025639118454740095,0.0
5886,-0.01278858721074794,0.0
5890,-0.0829927064984197,0.0
5891,-0.013270802995512133,0.0
5894,0.06741633961029478,1.0
5896,0.0001576571402728548,0.0
5899,-0.016574828348113243,0.0
5900,-0.0062318974091457036,0.0
5902,-0.0062318974091457036,0.0
5905,-0.008172955539068542,0.0
5908,-0.008172955539068542,0.0
5909,-0.008172955539068542,0.0
5914,0.021047278639639937,0.0
5917,0.026664377898385286,0.0
5918,0.029548319442538228,0.0
5921,0.018871960925376165,0.0
5926,-0.008182243382425222,0.0
5937,-0.0604937349041485,0.0
5943,0.0028846484697434963,0.0
5952,-0.024649931222529058,0.0
5957,-0.024649931222529058,0.0
5958,-0.02678889946594166,0.0
5960,-0.10176470183568431,0.0
5963,-0.11050505711490756,0.0
5974,-0.011716964519782333,0.0
5975,-0.011716964519782333,0.0
5976,-0.006380464292049097,0.0
5981,-0.009383055957289149,0.0
5995,-0.006389752135405776,0.0
6001,-0.006380464292049097,0.0
6003,-0.006380464292049097,0.0
6005,-0.006380464292049097,0.0
6006,-0.006380464292049097,0.0
6007,-0.012031394186665191,0.0
6008,0.10793225050473938,0.0
6009,0.05852377157115048,0.0
6012,0.029761328376538228,0.0
6014,0.02371110375960683,0.0
6015,0.01638786102260184,0.0
6017,-0.09518355118764751,0.0
6020,-0.022868788303323385,0.0
6025,-0.04031625560261761,0.0
6029,-0.01673876489651833,0.0
6036,0.02736365183065305,0.0
6040,0.09286544114314223,0.0
6041,-0.0009323555210065176,0.0
6042,-0.03762051135178584,0.0
6043,-0.03424525217633448,0.0
6045,-0.00899737532538797,0.0
6047,-0.00899737532538797,0.0
6048,-0.017046728373574405,0.0
6049,-0.01774519603381668,0.0
6050,-0.017046728373574405,0.0
6052,-0.004526154334300984,0.0
6057,-0.00019050965706432407,0.0
6059,-0.02730292551127271,0.0
6067,-0.004535442177657663,0.0
6069,-0.016565011726141825,0.0
6075,-0.0064898915280257995,0.0
6077,-0.0064898915280257995,0.0
6079,-0.01657286518905806,0.0
6080,0.034967100259648845,0.0
6082,0.13674670973333466,0.0
6085,0.09593100845402068,0.0
6089,0.05950303991003625,0.0
6093,-0.0064991793713824785,0.0
6095,-0.0064991793713824785,0.0
6098,-0.006754381990788964,0.0
6102,0.0015637405430225237,0.0
6106,0.01905355987186628,0.0
6108,-0.011922124077795379,0.0
6116,-0.008308718446754853,0.0
6126,-0.005083335342870282,0.0
6127,-0.014087217445379266,0.0
6129,-0.0652388092004202,0.0
6134,0.0012020700832464926,0.0
6138,-0.006762566623735048,0.0
6144,0.003950498676866993,0.0
6145,0.003950498676866993,0.0
6148,-0.03753862831303824,0.0
6154,-0.1130560462042072,0.0
6156,-0.06857156652825476,0.0
6157,-0.04813846060546119,0.0
6160,0.005246578815671626,0.0
6163,0.032322491763688295,0.0
6167,-0.0037857640254913127,0.0
6169,-0.004785367551612912,0.0
6172,-0.0021781624936611553,0.0
6173,-0.0021781624936611553,0.0
6175,-0.022782070520980118,0.0
6178,0.4464238555702041,0.0
6179,0.49542498853244304,0.0
6180,0.22991883814300126,0.0
6183,0.1233471683216398,0.0
6186,0.011097846850998988,0.0
6188,0.002396162220901101,0.0
6190,0.002396162220901101,0.0
6194,0.0055065814409993455,0.0
6195,0.0055065814409993455,0.0
6201,-0.088984613961719,0.0
6205,-0.01986498650574609,0.0
6206,0.013676675417607195,0.0
6211,0.004335807081319851,0.0
6212,0.004335807081319851,0.0
6214,0.004335807081319851,0.0
6215,0.004335807081319851,0.0
6218,-0.00181219095521399,0.0
6219,-0.00181219095521399,0.0
6222,-0.00181219095521399,0.0
6224,0.043125807045699,0.0
6225,0.032231070104063356,0.0
6233,0.13434753473251326,0.0
6234,-0.0033665274111798825,0.0
6235,-0.0033665274111798825,0.0
6237,-0.0033665274111798825,0.0
6242,-0.0037625369284935103,0.0
6244,-0.0037625369284935103,0.0
6247,-0.022592265257093572,0.0
6252,0.07370356041896786,0.0
6253,0.04972701698516951,0.0
6254,0.07005613747566415,0.0
6255,0.03243199396237627,0.0
6266,-0.021533028735958408,0.0
6269,-0.02000674289416323,0.0
6278,-0.11746997664606436,0.0
6282,-0.0350420206817875,0.0
6285,-0.011353672734405778,0.0
6288,0.028769631247303203,0.0
6295,-0.02053340441703647,0.0
6301,0.02683543266668295,0.0
6302,-0.05123815687756619,0.0
6305,0.076471319051018,0.0
6307,-0.001417600715263026,0.0
6312,-0.0010808701558188423,0.0
6315,-0.0010808701558188423,0.0
6317,-0.033348533218256364,0.0
6318,-0.033348533218256364,0.0
6319,-0.01648874506353841,0.0
6321,0.156938144269294,0.0
6323,0.08077583730491582,0.0
6332,-0.00468917970538586,0.0
6335,-0.00468917970538586,0.0
6336,-0.0010808701558188423,0.0
6337,-0.0010808701558188423,0.0
6338,-0.0010808701558188423,0.0
6341,-0.0010808701558188423,0.0
6342,-0.0010808701558188423,0.0
6345,0.17644793997426172,0.0
6346,0.06066866587660471,0.0
6347,0.011758285947789335,0.0
6350,-0.019483220146371848,0.0
6354,-0.00468917970538586,0.0
6355,-0.00468917970538586,0.0
6357,-0.00468917970538586,0.0
6361,-0.004912896138635032,0.0
6362,-0.004912896138635032,0.0
6366,-0.007424483313085821,0.0
6378,0.0200922950984099,0.0
6380,-0.0016729858314869183,0.0
6383,-0.006579807515110159,0.0
6384,-0.015445478436040208,0.0
6386,-0.013023021290179997,0.0
6387,-0.022664448789726635,0.0
6389,-0.015445478436040208,0.0
6391,-0.016232131969077346,0.0
6392,-0.07422736475163484,0.0
6395,0.09612807885109652,0.0
6397,0.041638160912687516,0.0
6399,0.051342613141299884,0.0
6403,-0.009872715741582156,0.0
6404,-0.009872715741582156,0.0
6405,-0.005867426149321259,0.0
6406,-0.009872715741582156,0.0
6407,-0.005646261543354003,0.0
6412,-0.004912896138635032,0.0
6414,-0.004912896138635032,0.0
6418,0.03328715586007288,0.0
6423,0.04459885180893319,0.0
6425,0.06951585111053693,0.0
6429,-0.010510375953322711,0.0
6433,-0.013824179239564851,0.0
6438,-0.013560602307596672,0.0
6439,-0.01629595619414608,0.0
6445,0.0038461714124168006,0.0
6448,-0.02476131845626079,0.0
6449,0.0007904090075589658,0.0
6451,-0.04060923483585423,0.0
6453,-0.02857237969105154,0.0
6455,-0.02187988177798658,0.0
6457,-0.015518948798367974,0.0
6459,-7.599745661733548e-05,0.0
6462,0.07625407497013738,0.0
6463,0.06986422832788769,0.0
6466,0.15777593432584847,0.0
6474,-0.10611064079246535,0.0
6481,-0.005651608808042195,0.0
6483,0.019512049088538246,0.0
6490,0.15528871042129622,0.0
6491,0.11134324372737973,0.0
6498,-0.01207483891328072,0.0
6499,-0.014028753076370202,0.0
6503,-0.024805355004157308,0.0
6504,-0.011979342250156283,0.0
6513,0.1637316066149435,0.0
6514,0.08923128711716509,0.0
6516,-0.06095138454722649,0.0
6519,-0.12413527511941169,0.0
6525,-0.014772231862424793,0.0
6529,-0.004792846849374995,0.0
6530,-0.00753193286567376,0.0
6536,-0.02716488352391501,0.0
6542,-0.018556508165918858,0.0
6543,-0.09903344244651162,0.0
6544,0.15233537490670812,0.0
6545,0.12382290524507601,0.0
6546,-0.010422176523447442,0.0
6551,-0.011493564787822472,0.0
6552,-0.007142833042497963,0.0
6562,0.034611273714030076,0.0
6570,-0.027317506304457086,0.0
6572,-0.008471830550167923,0.0
6573,-0.008471830550167923,0.0
6582,-0.006673132936141367,0.0
6583,-0.0075391899383297515,0.0
6584,-0.003758438087207742,0.0
6585,0.07331663218890673,0.0
6593,0.48835794774720115,0.0
6598,0.05709601772161743,0.0
6599,0.05846093699172761,0.0
6603,-0.0009594508364319902,0.0
6607,0.01621609564051286,0.0
6608,-0.14015261595455097,0.0
6613,0.046731527608504644,0.0
6614,0.1671634016554261,0.0
6615,0.3015982122576935,0.0
6616,0.3155829085585465,0.0
6619,-0.14993378582613173,0.0
6620,-0.06480585976014684,0.0
6628,-0.02877125747056397,0.0
6629,-0.02809863623140755,0.0
6632,0.11002331906281655,0.0
6633,0.09005398279295379,0.0
6641,0.34753898532030936,0.0
6642,0.02619722338174544,0.0
6643,0.044508937267738455,0.0
6645,-0.034351917702632004,0.0
6648,-0.006458842109719047,0.0
6655,-0.04015678800982856,0.0
6656,0.10603226877871745,0.0
6658,1.0982988530924742,0.0
6660,0.27132212671776085,0.0
6664,0.11692381143254597,0.0
6666,0.03419769902967096,0.0
6667,0.03419769902967096,0.0
6672,0.03142935672837484,0.0
6679,-0.04214769095444457,0.0
6686,0.9042808988335952,0.0
6687,0.5817438436968305,0.0
6691,0.24114108600823056,0.0
6695,0.20573954301736447,0.0
6702,-0.011444949708845544,0.0
6703,-0.02498268867744067,0.0
6705,0.5048455850593768,2.0
6709,0.6514110854319765,0.0
6711,0.9519403869048033,2.0
6715,-0.028870310207559417,0.0
6720,-0.008219070539805428,0.0
6721,-0.014556711886512079,0.0
6731,0.543785853097046,0.0
6732,1.007869992581989,0.0
6733,1.189331903681517,0.0
6737,1.064948219363037,2.0
6742,0.3017663168242471,0.0
6744,0.1384210048054843,0.0
6753,0.5039207898720931,0.0
6754,0.5217990762365396,0.0
6760,0.5839636023313202,2.0
6761,0.5028536543849401,3.0
6765,-0.0166010272117466,0.0
6779,0.22185278565738148,0.0
6780,0.22156123604629485,0.0
6784,0.21424748736030189,0.0
6790,-0.02144407081408383,0.0
6791,0.028713511435463242,0.0
6795,-0.013896943867016245,0.0
6796,-0.013896943867016245,0.0
6801,0.03731017388796285,0.0
6804,-0.040066111544858354,0.0
6805,-0.12742575801652414,0.0
6811,-0.024188695881030915,0.0
6812,-0.029948039256085652,0.0
6815,0.029020411349140598,0.0
6816,0.08220599282624899,0.0
6818,0.036503404606824094,0.0
6819,0.03748063334184671,0.0
6823,0.023439726927320173,0.0
6825,1.1368993549462465,0.0
6826,1.4526442080752757,0.0
6828,0.6723790127569849,2.0
6829,0.4592070507519675,0.0
6830,0.37568356564378347,0.0
6831,0.6227590563190184,0.0
6832,0.3078508264315688,0.0
6845,-0.00859093798385829,0.0
6852,0.5215286148459248,1.0
6853,0.37103667902090026,0.0
6854,0.6752355302229424,1.0
6855,0.6398754226666029,1.0
6862,-0.031263494786451865,0.0
6865,-0.012199236531434276,0.0
6866,0.04101969760691125,0.0
6869,0.02882901323618933,0.0
6875,0.36161675329295634,0.0
6879,0.39351561911692884,0.0
6887,-0.007066345837677507,0.0
6895,-0.001483055231487485,0.0
6900,0.2681699799041368,0.0
6901,0.17347620673836187,0.0
6903,0.010151735432306165,0.0
6904,0.016337956212117137,0.0
6906,0.009645746997200715,0.0
6912,0.0015420236893141834,0.0
6913,0.0015420236893141834,0.0
6917,-0.009082202131100413,0.0
6918,-0.005506867224475459,0.0
6921,0.4195008208662993,0.0
6939,0.04385202085490609,0.0
6940,0.08325794957206173,0.0
6950,0.14047662000469377,0.0
6951,0.18146425828366625,0.0
6955,-0.007000379492906415,0.0
6958,-0.01955965646679023,0.0
6961,-0.007726990602245701,0.0
6962,-0.00990206937130244,0.0
6972,0.25230954833873476,0.0
6974,0.024529849676056377,0.0
6979,0.010437462603112829,0.0
6983,-0.01899424493097923,0.0
6985,-0.0037116674318297418,0.0
6986,-0.0037116674318297418,0.0
6987,-0.0037116674318297418,0.0
6988,-0.0037116674318297418,0.0
6989,-0.0037116674318297418,0.0
6990,-0.0037116674318297418,0.0
6991,-0.01797373845232353,0.0
6992,0.399603554415826,0.0
6993,1.4881491497318102,2.0
6998,0.30952426675967065,0.0
7000,0.23600159914372768,0.0
7003,0.02333660784075225,0.0
7006,-0.011237877586495854,0.0
7012,0.06738760846741713,0.0
7013,-0.024151722970177814,0.0
7016,0.21464392404639718,0.0
7021,0.26961105068067287,0.0
7022,-0.13138678386135852,0.0
7023,-0.006029100904751564,0.0
7029,0.005464341226413247,0.0
7038,-0.004572798565903605,0.0
7041,0.6453582674404563,1.0
7042,0.6638091776770713,0.0
7044,0.39631050657280653,0.0
7046,0.2526509940820274,0.0
7049,0.4155952988908818,0.0
7052,-0.01945780130073722,0.0
7053,-0.007160956198680195,0.0
7058,-0.002172820614920225,0.0
7060,0.08166154724459498,0.0
7063,0.02941421148211412,0.0
7069,0.15037673843178054,0.0
7071,0.08296972464624111,0.0
7072,0.23580059603714296,0.0
7082,-0.0061745420173711495,0.0
7087,0.02686306435869714,0.0
7088,0.010161559042852163,0.0
7089,0.5830328726490969,1.0
7091,0.552166531933071,1.0
7094,0.1209822843006457,0.0
7099,-0.024852343558102386,0.0
7100,-0.038412897784328666,0.0
7110,-0.016145223736537432,0.0
7111,0.013252814372749049,0.0
7114,0.045597397928111225,0.0
7115,0.12360921808464789,0.0
7118,0.42114745284830357,0.0
7121,0.2653722062859992,0.0
7122,-0.025531746657981514,0.0
7127,-0.0210662487587699,0.0
7128,-0.0178500072549881,0.0
7130,-0.01968896975195382,0.0
7136,0.0023708921830334767,0.0
7141,-0.04285276361284871,0.0
7143,0.025210693897542553,0.0
7150,-0.019084626967622316,0.0
7154,0.003384029748361808,0.0
7155,0.0061946128521602525,0.0
7163,1.2846110291572197,1.0
7169,0.29666873078205397,0.0
7173,-0.004224061513523426,0.0
7174,-0.014087262959310202,0.0
7175,-0.00021877192126253917,0.0
7178,-0.021391940355858355,0.0
7184,0.4069414078875692,0.0
7189,0.14883444737140852,0.0
7191,0.1716517718172249,1.0
7195,-0.015425330903479228,0.0
7197,-0.01261474779968079,0.0
7198,-0.01261474779968079,0.0
7199,-0.015425330903479228,0.0
7204,0.0378321523037368,0.0
7206,0.05002283667445872,0.0
7210,0.9543527086317177,2.0
7212,0.549159541137796,1.0
7215,0.19747989971172833,0.0
7224,-0.008548379925060532,0.0
7226,9.64520101302512e-06,0.0
7233,0.6155352715736037,1.0
7237,0.04181240133283771,0.0
7245,-0.015671062132893977,0.0
7247,-0.023275024825212657,0.0
7249,-0.0032059105965124264,0.0
7255,0.01465719437386697,0.0
7256,0.04917686852371937,0.0
7261,0.17491799152943155,0.0
7262,0.09773893748407868,0.0
7263,0.27377063251878153,0.0
7265,0.13190352884330525,0.0
7267,-0.008095745433998686,0.0
7268,-0.007359217843137383,0.0
7271,-0.009453969970421021,0.0
7272,-0.012543415172500521,0.0
7277,-0.0085026035049092,0.0
7278,-0.014382377669466229,0.0
7279,0.011782958611330406,0.0
7284,0.4859030016065355,0.0
7290,0.06606933182404705,0.0
7295,-0.007525165948982003,0.0
7296,-0.0073012634973606185,0.0
7297,-0.007973884736517044,0.0
7303,0.02028692705333223,0.0
7305,0.34997724276553904,0.0
7310,0.03962107723715487,0.0
7313,0.17902590711963667,0.0
7315,-0.11223117427075206,0.0
7319,-0.012579232359770282,0.0
7320,0.025450059005539916,0.0
7321,-0.01711042132638903,0.0
7328,0.5291850507562963,0.0
7330,1.0962689999528545,0.0
7337,0.3872786948127254,0.0
7339,-0.01068672587109683,0.0
7343,0.023513803993378584,0.0
7344,0.004085018473496571,0.0
7347,-0.017286569719360708,0.0
7352,0.29669703334874536,1.0
7357,0.2017803613144259,0.0
7358,0.05652704417980166,0.0
7361,0.3273554826033173,0.0
7364,-0.021686338589510478,0.0
7365,-0.021686338589510478,0.0
7368,-0.008217962209951494,0.0
7371,-0.0062640480468620086,0.0
7376,0.2475841928888613,0.0
7380,0.1996279567504811,0.0
7382,0.2786210937520532,0.0
7387,-0.031334120104611285,0.0
7389,-0.012631467144336,0.0
7392,0.0059989121617602705,0.0
7396,-0.003482011911816955,0.0
7406,0.029150506720806376,0.0
7407,0.06448034511963595,0.0
7416,-0.010922109700217916,0.0
7417,-0.02582529493606974,0.0
7421,-0.037831813154527265,0.0
7422,-0.05312741424270953,0.0
7428,0.07616397154115791,0.0
7430,0.19734183084836968,0.0
7432,0.14674340393139487,0.0
7433,0.15295831384924424,0.0
7436,-0.009281737867215875,0.0
7438,-0.009502902473183132,0.0
7439,-0.009502902473183132,0.0
7440,-0.010291378001647249,0.0
7441,-0.009514805436711132,0.0
7442,-0.00920790552303378,0.0
7447,-0.020289964925429484,0.0
7449,0.3065318648361834,0.0
7455,0.15469024582973764,0.0
7460,-0.03826906260024661,0.0
7462,0.06885891914221155,0.0
7465,-0.02776217845068838,0.0
7470,0.05289255352446124,0.0
7478,-0.055959971737255865,0.0
7481,0.347946992604519,0.0
7482,-0.08508785593848817,0.0
7490,0.12849752576558182,0.0
7492,0.14236956871566797,0.0
7498,1.0649214701990477,0.0
7499,1.1303676715292872,0.0
7500,0.8425348562284177,0.0
7501,0.4273010049058409,0.0
7503,0.10464099807918387,0.0
7506,-0.09562103209777466,0.0
7512,-0.011571199541803256,0.0
7513,-0.015604709605270503,0.0
7519,-0.04267190342169013,0.0
7523,0.6511953798709796,0.0
7529,0.13860916719908492,0.0
7533,-0.008101162430590078,0.0
7534,-0.008101162430590078,0.0
7537,-0.0053771533395143185,0.0
7538,-0.005185096457700974,0.0
7544,0.20208339626689015,0.0
7547,0.47912471422374187,0.0
7550,0.2034341105086039,0.0
7553,0.100590585095145,0.0
7562,-0.004469661870600626,0.0
7568,0.06420652566838443,0.0
7573,0.4882952721420361,0.0
7574,0.9608823049684677,0.0
7578,0.1534871431536539,0.0
7579,0.05405838404164495,0.0
7586,-0.06432275514830571,0.0
7597,0.41260617439477354,2.0
7603,-0.005770024742869727,0.0
7604,-0.005770024742869727,0.0
7607,-0.005770024742869727,0.0
7611,-0.025069501756955614,0.0
7612,-0.004236879093788507,0.0
7614,-0.0367079740822324,0.0
7617,0.8797285947937926,0.0
7619,0.9519148805589429,4.0
7625,0.4493411751788588,1.0
7628,-0.01154892752597242,0.0
7629,-0.01154892752597242,0.0
7632,-0.0058781297796943925,0.0
7633,-0.0058781297796943925,0.0
7638,-0.005571229866017042,0.0
7639,0.12587653432604115,0.0
7641,0.4251812398305708,0.0
7644,0.21363753248723721,0.0
7659,-0.000514375541715793,0.0
7667,1.817332593118861,4.0
7669,0.6919082333605503,1.0
7670,0.6211481220625343,1.0
7671,0.5819449043247085,0.0
7672,0.41932794194684264,0.0
7673,0.6281379801248862,0.0
7680,0.009600847309386812,0.0
7688,0.5073696595174669,0.0
7689,1.2489084604843819,3.0
7698,0.002266694036534044,0.0
7699,0.0020746371547207005,0.0
7705,-0.0038847101261612026,0.0
7706,-0.0038847101261612026,0.0
7713,0.326453055055429,3.0
7719,0.16793610230694683,0.0
7725,-0.013856158754500412,0.0
7726,0.004279167483638345,0.0
7727,-0.015810072917589894,0.0
7729,-0.0038355722052524953,0.0
7734,-0.01643209138168433,0.0
7735,0.21084201563634047,0.0
7737,0.566243490037328,3.0
7738,0.5841600452171875,0.0
7744,0.20688039432336172,0.0
7747,-0.041175733619214824,0.0
7757,-0.005785918178532015,0.0
7758,-0.005785918178532015,0.0
7760,-0.02492780521870849,0.0
7761,0.19736746980861322,0.0
7768,0.22044819635638696,0.0
7779,-0.00990206937130244,0.0
7782,-0.007275533969056532,0.0
7783,0.1393190812451573,0.0
7785,0.16458660170568584,0.0
7788,0.08960868126327842,0.0
7792,0.19127195208255696,0.0
7793,0.19129703718286034,0.0
7799,-0.004153033202580423,0.0
7800,0.027518418576477466,0.0
7803,-0.03474282954592561,0.0
7813,-0.01675783713561605,0.0
7814,0.08654885535437849,0.0
7815,-0.006631580259582434,0.0
7819,-0.01725742354470525,0.0
7823,-0.020884829987947693,0.0
7824,-0.015148028277423438,0.0
7825,0.05464066979262406,0.0
7826,0.05464066979262406,0.0
7835,1.5190372606283666,1.0
7837,0.6965454943150663,0.0
7843,-0.0061339093075352385,0.0
7846,-0.013500655819776785,0.0
7847,-0.00031183809821507154,0.0
7849,0.0019825499494446727,0.0
7853,-0.008611093552805727,0.0
7855,0.22872681693033894,0.0
7857,1.1435587326733356,0.0
7861,0.28086286902573626,0.0
7865,0.5566557564489505,0.0
7866,0.10992937809669688,0.0
7868,-0.004817818669147518,0.0
7870,-0.023798358849958255,0.0
7874,-0.014618422592753248,0.0
7878,-0.014618422592753248,0.0
7879,0.2497130237218446,0.0
7883,1.625446987018319,3.0
7887,0.6001948552697741,4.0
7888,0.4806615309994412,3.0
7897,-0.025799990978258934,0.0
7903,0.04412191981755985,0.0
7905,0.7081872380173289,2.0
7907,0.9697365926952076,1.0
7908,0.503869779914613,0.0
7911,0.2542082863946594,0.0
7913,0.44328440145803777,0.0
7915,-0.04503132398747128,0.0
7920,-0.007323114203613756,0.0
7922,-0.014625742638067004,0.0
7924,-0.014625742638067004,0.0
7927,0.16904118382592495,0.0
7930,0.8135712135721036,2.0
7937,0.30219573879844325,0.0
7944,-0.017241584895603953,0.0
7946,-0.01711669007070508,0.0
7947,-0.00823155222410325,0.0
7949,-0.01077904872399844,0.0
7950,-0.017482411396184148,0.0
7952,0.3082489289648798,0.0
7954,0.6792339511126785,0.0
7957,0.8918702412989452,2.0
7960,0.337978426666286,1.0
7964,0.027829135494593857,0.0
7968,-0.005964882393929127,0.0
7974,0.004071148631361058,0.0
7977,0.04563256130819427,0.0
7983,0.17321954639578022,0.0
7984,0.18415334061884533,0.0
7985,0.15737566989317278,0.0
7988,-0.011720951035259898,0.0
7989,-0.011720951035259898,0.0
7990,-0.019186456708461072,0.0
7993,0.0012493041842831535,0.0
7994,-0.010169542219244907,0.0
7995,-0.010169542219244907,0.0
7997,-0.007091005416846445,0.0
8001,0.926246953765383,0.0
8002,0.5267661273274296,0.0
8005,0.27917574952172264,0.0
8009,0.16958005223241218,0.0
8012,0.03232022026502479,0.0
8019,0.01065062811495334,0.0
8028,-0.03893766029543337,0.0
8030,0.004148113940229864,0.0
8035,-0.0459430847604541,0.0
8040,0.011286784752802965,0.0
8048,0.043054388267450755,0.0
8052,0.010336921869731907,0.0
8053,-0.013219132135015233,0.0
8057,-0.019336802982764627,0.0
8060,-0.010814064665533724,0.0
8061,0.016248232787608053,0.0
8062,-0.011940304057417236,0.0
8071,0.09313458694496138,0.0
8075,-0.00822716481023254,0.0
8078,-0.011058787232847582,0.0
8079,0.2090691638475143,0.0
8081,0.05591811649922436,0.0
8086,0.029455444586257304,0.0
8089,-0.013234997666928663,0.0
8092,-0.023482300884600626,0.0
8093,-0.015123511049290406,0.0
8097,0.21057142796516315,1.0
8098,-0.017764182929135647,0.0
8102,-0.009606286143340203,0.0
8107,-0.007990876698138551,0.0
8110,-0.007990876698138551,0.0
8111,-0.007990876698138551,0.0
8116,-0.009096303933314887,0.0
8117,-0.00964403034757243,0.0
8125,0.024625429094968725,0.0
8126,-0.14313580272590687,0.0
8130,0.11838617541127935,0.0
8142,-0.03419985156137391,0.0
8144,-0.12013688695483345,0.0
8147,-0.04692825884520218,0.0
8148,-0.16021339317880098,0.0
8150,0.1676849214483209,0.0
8154,0.3185338063760104,0.0
8156,-0.01748156641444353,0.0
8158,-0.01748156641444353,0.0
8163,0.05700480621664711,0.0
8164,0.10382135127387604,0.0
8169,0.1140603823032013,0.0
8176,-0.010356476341709511,0.0
8178,0.027806383741412706,0.0
8180,-0.02133752344942696,0.0
8181,0.022842570878546554,0.0
8182,-0.01501950039651833,0.0
8184,-0.011625807769015518,0.0
8187,-0.005180364109019144,0.0
8190,-0.0054015287149864,0.0
8194,0.7319703699593522,0.0
8201,0.04529458239165324,0.0
8212,-0.003865127564469737,0.0
8214,-0.003865127564469737,0.0
8215,0.02893186785732448,0.0
8218,-0.09104328837095807,0.0
8222,-0.07847437407900887,0.0
8223,0.20506629091930692,0.0
8224,-0.14794301119451553,0.0
8225,0.02706322951506391,0.0
8227,-0.014686079253958768,0.0
8233,-0.0031496929773693933,0.0
8246,0.009487825472337322,0.0
8251,-0.007275442111038208,0.0
8252,-0.007275442111038208,0.0
8253,-0.007275442111038208,0.0
8257,0.0014127987784528805,0.0
8266,0.03248140448906419,0.0
8272,0.162611217265104,0.0
8274,0.08092019080188463,0.0
8281,-0.004366104004649811,0.0
8283,-0.004366104004649811,0.0
8284,-0.004366104004649811,0.0
8286,-0.004366104004649811,0.0
8290,0.4384507690158601,0.0
8293,0.37700540610663097,0.0
8297,0.31111673263413925,0.0
8298,0.06062940665459418,0.0
8309,-0.003693482765493392,0.0
8319,0.08978179903641306,0.0
8322,0.034713577111346414,0.0
8323,-0.025253413846149427,0.0
8324,-0.025264519932533067,0.0
8328,0.0052456757482216496,0.0
8331,0.002798539045901188,0.0
8333,0.002798539045901188,0.0
8335,0.017524615422040913,0.0
8338,1.370796506131939,0.0
8340,0.727436038416409,0.0
8345,0.03729731496598752,0.0
8348,-0.0047276711087649225,0.0
8349,-0.0022805344064444687,0.0
8357,0.010729310988144997,0.0
8358,0.019430995618242883,0.0
8362,0.17486655424856629,0.0
8363,0.1105815537740124,0.0
8369,0.23780955364006146,0.0
8371,-0.04822082264340366,0.0
8373,-0.008161961175473378,0.0
8379,-0.00906788690693684,0.0
8382,-0.0023726843511166266,0.0
8388,0.12489926449459661,0.0
8390,0.24978807378424503,0.0
8391,0.07383631548129253,0.0
8397,-0.008043482097394649,0.0
8398,-0.008043482097394649,0.0
8399,-0.008043482097394649,0.0
8404,-0.0004223383778371034,0.0
8406,-0.0004223383778371034,0.0
8407,0.010554764323555055,0.0
8418,0.07788131046900393,0.0
8419,-0.006093136124115128,0.0
8434,0.3657470864808016,0.0
8436,0.25940343826046725,0.0
8439,0.16255791655002996,0.0
8444,-0.06836369247897134,0.0
8447,-0.08543410433064735,0.0
8453,-0.007193117303472019,0.0
8461,0.06236349712097723,0.0
8465,0.16950783142790574,0.0
8472,-0.01212450797857854,0.0
8475,-0.010021965111315995,0.0
8476,-0.001583857413186287,0.0
8478,-0.008151587134219318,0.0
8480,0.015441749973786837,0.0
8484,-0.10269995227611264,0.0
8485,-0.09133935146356334,0.0
8486,-0.012505379899444315,0.0
8488,-0.03281141502888257,0.0
8491,-0.021653732083342755,0.0
8497,0.0014601926186521424,0.0
8500,0.0014601926186521424,0.0
8503,0.0593363707205006,0.0
8505,0.3356851867209167,0.0
8510,0.0330102146477419,0.0
8512,0.07743737632645104,0.0
8514,0.031611299082457994,0.0
8515,-0.006066017536013968,0.0
8516,-0.006066017536013968,0.0
8517,-0.006066017536013968,0.0
8518,-0.006066017536013968,0.0
8521,0.0014601926186521424,0.0
8523,-0.0009869440836683162,0.0
8526,0.030950261068706804,0.0
8528,0.35260933262309063,0.0
8530,1.223308109237197,2.0
8532,1.2312959014195644,2.0
8533,1.020211363074825,3.0
8534,0.7981622714722677,0.0
8542,-0.008513154238334425,0.0
8546,-0.03483866504058719,0.0
8547,-0.03697261994965204,0.0
8548,-0.03483866504058719,0.0
8550,-0.028270935319554165,0.0
8551,-0.0005627214836612449,0.0
8556,0.009597876776989636,0.0
8558,0.08840222259411518,0.0
8561,0.08585583319245149,0.0
8565,-0.008241799724427692,0.0
8571,-0.005851039836286294,0.0
8573,-0.008329970707834602,0.0
8576,0.08506071022137471,0.0
8581,-0.05241027602341831,0.0
8582,-0.03653236187586626,0.0
8583,0.15751502548137702,0.0
8595,0.0013716206019841032,0.0
8598,-0.0097587041363499,0.0
8603,0.26882515318348066,0.0
8604,-0.05621690758123182,0.0
8608,0.17337257208643486,0.0
8617,-0.0057776250800036216,0.0
8620,-0.011966644964045058,0.0
8636,-0.02772937519706942,0.0
8638,-0.044884635272160585,0.0
8641,-0.05290579270296404,0.0
8643,-0.006125350199500243,0.0
8645,-0.014100599873109913,0.0
8647,-0.015034456104286298,0.0
8648,-0.25862741468071276,0.0
8651,0.043689074156235116,0.0
8655,0.05347318250285977,0.0
8656,0.020335971507697302,0.0
8658,0.004492572226605,0.0
8659,-0.005699152342630728,0.0
8662,-0.013001780777083971,0.0
8664,-0.005976568243359181,0.0
8669,0.03788975236121722,0.0
8670,-0.0012278248215011932,0.0
8681,0.004871276413418113,0.0
8684,-0.0012780462459940317,0.0
8688,-0.01067067551187556,0.0
8695,0.05279525620655132,0.0
8697,0.5726907556778877,0.0
8698,0.048866925881019554,0.0
8700,0.11360786581727338,0.0
8704,0.053482806770462514,0.0
8706,-0.0007280448736286529,0.0
8708,-0.007152317862245288,0.0
8710,-0.007152317862245288,0.0
8711,-0.007152317862245288,0.0
8719,0.08097306853482714,0.0
8722,0.007444953801616315,0.0
8725,0.02138730114618385,0.0
8726,0.09524500303226623,0.0
8733,-0.014612023482802208,0.0
8735,-0.014612023482802208,0.0
8740,-0.012966636744648177,0.0
8744,0.009587449797467638,0.0
8745,0.10633875145382583,0.0
8748,0.2247683762286186,0.0
8758,-0.01661282456004608,0.0
