,EHP1-1,EHP1-2,EHP1-3,EHP2-3,EHP2-4,EHP3-1,EHP3-2,EHP3-3,EHP3-4,EHP4-1,EHP4-3,EHP4-5,EHP4-6
2018-04-01,6,10,24,2,4,0,0,2,4,3,0,3,1
2018-04-02,5,12,23,2,8,0,0,15,15,3,0,2,1
2018-04-03,10,5,24,3,10,0,0,16,14,3,0,3,1
2018-04-04,4,5,24,3,11,3,5,13,15,3,1,2,3
2018-04-05,10,6,24,1,11,9,0,15,14,3,0,2,0
2018-04-06,10,3,23,2,11,7,5,13,14,3,0,3,3
2018-04-07,4,3,24,2,3,0,4,11,14,3,0,4,0
2018-04-08,5,3,24,0,4,0,0,10,10,3,0,4,0
2018-04-09,4,9,24,1,6,7,0,16,16,3,0,2,0
2018-04-10,5,5,24,1,3,6,0,14,15,3,0,2,1
2018-04-11,4,11,24,4,8,7,0,14,15,3,0,3,0
2018-04-12,4,6,24,2,11,9,0,14,15,3,1,2,2
2018-04-13,5,9,24,1,8,9,0,14,15,2,0,2,0
2018-04-14,9,12,24,1,4,0,0,11,12,3,0,3,0
2018-04-15,5,10,23,0,3,0,0,2,4,3,0,2,0
2018-04-16,4,9,24,1,4,7,0,14,14,3,0,2,1
2018-04-17,5,13,24,1,4,2,3,14,15,3,0,2,0
2018-04-18,4,5,24,0,5,1,0,15,15,3,0,3,0
2018-04-19,5,6,24,1,7,8,0,15,14,3,0,2,1
2018-04-20,4,3,24,1,9,8,4,15,15,3,0,2,2
2018-04-21,5,3,23,2,4,0,0,10,12,3,0,3,0
2018-04-22,4,3,24,1,7,0,0,3,4,3,1,2,2
2018-04-23,5,3,24,1,10,9,0,13,15,3,0,2,1
2018-04-24,4,2,23,0,12,9,8,14,15,3,0,3,1
2018-04-25,4,3,24,3,12,7,4,14,14,3,0,2,1
2018-04-26,5,5,24,3,11,7,10,15,15,3,1,2,0
2018-04-27,4,3,24,3,12,8,0,15,14,3,0,2,5
2018-04-28,7,3,24,1,4,9,8,11,13,3,1,3,0
2018-04-29,4,10,24,2,7,0,0,3,3,3,0,2,0
2018-04-30,4,4,23,1,4,0,5,11,13,8,1,2,2
2018-05-01,6,3,24,2,11,9,9,12,12,3,1,2,7
2018-05-02,6,10,24,10,13,9,8,11,12,3,0,3,8
2018-05-03,4,3,24,6,4,8,9,12,12,10,1,2,2
2018-05-04,4,3,24,2,11,0,10,11,12,2,1,2,8
2018-05-05,4,4,22,1,4,6,4,10,12,6,1,3,0
2018-05-06,9,6,24,2,5,0,0,2,3,3,0,2,0
2018-05-07,7,8,24,3,12,7,9,11,13,3,0,2,7
2018-05-08,9,3,24,1,3,8,2,11,12,3,0,2,3
2018-05-09,4,3,24,0,4,3,2,11,13,2,0,3,1
2018-05-10,9,7,24,1,4,3,0,11,13,3,0,2,0
2018-05-11,5,4,24,2,6,6,0,12,12,3,0,2,0
2018-05-12,7,7,24,1,3,8,4,11,12,3,1,3,0
2018-05-13,4,7,24,1,4,0,0,11,12,2,0,2,0
2018-05-14,6,9,24,2,11,6,9,12,12,3,1,2,7
2018-05-15,9,10,24,7,14,9,9,11,13,7,5,4,8
2018-05-16,6,5,24,13,13,9,10,12,14,6,6,4,9
2018-05-17,5,10,24,14,14,9,9,12,12,7,13,3,13
2018-05-18,10,14,24,14,14,11,11,12,12,12,12,9,9
2018-05-19,9,10,24,2,12,10,6,11,13,12,0,13,1
2018-05-20,10,8,24,1,9,0,0,4,6,3,4,4,0
2018-05-21,4,10,23,12,11,10,9,11,12,3,9,6,8
2018-05-22,4,11,24,7,13,9,10,11,13,3,11,7,11
2018-05-23,4,6,24,6,14,8,10,11,13,2,13,3,8
2018-05-24,7,11,23,10,14,6,10,12,12,4,11,7,13
2018-05-25,5,12,24,14,12,9,10,16,15,3,11,7,9
2018-05-26,4,8,24,10,5,8,10,11,12,9,0,2,5
2018-05-27,10,10,24,1,13,0,0,3,3,10,4,5,4
2018-05-28,7,12,24,10,14,11,10,10,13,3,13,8,11
2018-05-29,12,12,24,10,14,10,9,11,12,3,12,4,11
2018-05-30,6,9,24,9,14,11,9,12,12,6,0,7,11
2018-05-31,4,8,24,11,12,11,10,11,12,2,4,2,9
2018-06-01,8,5,24,8,13,8,14,12,12,7,9,2,11
2018-06-02,11,11,24,11,5,0,12,10,12,9,0,2,7
2018-06-03,11,8,24,9,6,0,5,2,4,7,0,2,2
2018-06-04,7,13,24,15,14,11,13,12,14,5,13,10,11
2018-06-05,8,15,24,16,12,10,13,11,13,5,11,11,11
2018-06-06,14,12,24,17,10,9,13,12,12,4,12,3,11
2018-06-07,7,12,24,16,13,9,13,11,13,8,11,7,9
2018-06-08,4,15,24,14,15,11,14,12,12,8,11,9,12
2018-06-09,11,11,24,12,11,3,14,11,12,11,0,4,0
2018-06-10,5,3,24,2,10,0,4,3,4,4,11,2,7
2018-06-11,4,8,24,15,13,11,13,12,12,5,6,7,9
2018-06-12,5,12,24,15,12,11,13,11,13,12,9,8,9
2018-06-13,9,14,24,14,12,9,13,12,12,13,10,4,11
2018-06-14,9,10,24,13,13,11,13,12,12,8,10,2,10
2018-06-15,4,3,24,14,12,9,12,11,12,3,10,2,7
2018-06-16,4,3,24,3,4,8,10,10,12,3,0,2,0
2018-06-17,10,2,24,1,3,0,4,3,4,7,0,2,0
2018-06-18,4,8,24,10,13,10,13,11,12,3,0,2,2
2018-06-19,4,13,24,14,15,10,12,11,12,7,6,4,8
2018-06-20,4,10,24,11,10,10,12,11,12,8,9,3,3
2018-06-21,5,12,24,11,13,10,14,12,12,7,7,2,6
2018-06-22,5,15,24,14,14,10,13,12,12,11,10,7,9
2018-06-23,10,7,24,2,5,0,9,11,13,5,8,5,2
2018-06-24,9,4,13,1,3,1,6,3,6,4,7,2,2
2018-06-25,6,13,17,16,15,11,13,12,12,12,11,9,8
2018-06-26,7,13,24,19,12,10,15,12,12,12,12,10,10
2018-06-27,16,10,24,14,13,10,14,12,12,9,11,13,14
2018-06-28,4,14,24,15,14,10,13,12,12,12,11,13,11
2018-06-29,12,11,24,15,15,11,14,12,12,13,12,10,11
2018-06-30,4,11,24,3,13,10,14,11,12,13,8,13,12
2018-07-01,4,10,24,10,12,0,4,3,6,7,11,12,9
2018-07-02,10,11,24,16,15,10,14,12,12,15,11,12,15
2018-07-03,4,14,24,14,15,11,14,13,13,16,14,12,11
2018-07-04,6,16,24,15,15,9,14,12,13,13,13,14,14
2018-07-05,4,14,24,16,15,10,13,12,12,15,11,13,14
2018-07-06,7,11,24,14,15,6,14,11,12,15,12,10,9
2018-07-07,13,10,24,9,12,9,11,12,12,3,8,4,9
2018-07-08,16,9,24,13,11,0,5,2,4,7,8,9,16
2018-07-09,6,15,24,16,16,10,13,12,12,16,13,12,11
2018-07-10,6,14,24,16,16,10,13,11,13,16,13,12,14
2018-07-11,10,14,24,12,15,7,14,14,14,17,15,11,16
2018-07-12,4,14,24,15,16,9,13,13,13,15,15,14,8
2018-07-13,10,14,24,14,16,11,14,12,12,16,13,17,14
2018-07-14,4,11,24,12,13,10,13,12,12,11,11,12,11
2018-07-15,8,10,24,11,13,0,4,2,4,3,10,11,16
2018-07-16,8,11,24,8,13,6,13,12,13,11,19,9,13
2018-07-17,14,13,24,16,16,9,13,11,12,16,13,14,15
2018-07-18,4,15,24,14,16,11,13,11,12,16,14,13,16
2018-07-19,4,15,24,14,16,9,13,12,14,17,16,14,10
2018-07-20,4,15,24,15,15,11,13,12,13,18,17,17,14
2018-07-21,14,10,24,12,13,10,14,12,12,11,12,12,15
2018-07-22,12,11,24,12,16,0,4,2,4,8,9,2,14
2018-07-23,7,14,24,14,14,11,13,12,13,17,13,14,12
2018-07-24,14,15,24,14,16,9,14,12,13,17,12,12,15
2018-07-25,13,12,24,17,14,12,13,12,13,16,13,14,17
2018-07-26,13,15,24,16,17,10,14,12,13,14,12,12,16
2018-07-27,13,12,24,12,14,10,13,12,12,17,12,15,10
2018-07-28,11,8,24,3,14,10,12,9,11,3,6,8,12
2018-07-29,13,10,24,10,12,0,4,3,4,4,11,12,15
2018-07-30,12,15,24,12,15,4,13,11,12,14,15,13,15
2018-07-31,14,14,24,14,15,10,13,12,12,16,13,15,13
2018-08-01,8,15,24,14,15,8,13,12,13,18,13,14,14
2018-08-02,7,13,24,15,15,11,13,11,12,17,13,14,15
2018-08-03,10,14,24,15,17,10,14,11,12,16,13,18,12
2018-08-04,4,10,24,11,14,4,13,12,13,16,7,11,12
2018-08-05,11,14,24,5,15,7,4,2,9,16,12,3,14
2018-08-06,6,15,24,15,15,10,14,12,13,18,13,14,14
2018-08-07,7,14,24,12,15,10,13,11,12,16,10,11,9
2018-08-08,12,12,24,11,13,9,13,12,13,16,11,9,6
2018-08-09,5,13,24,13,16,9,13,11,12,16,12,12,10
2018-08-10,9,14,24,14,15,10,13,12,13,17,13,15,10
2018-08-11,10,11,24,10,14,6,13,11,12,10,13,12,0
2018-08-12,4,2,24,2,13,0,4,3,4,9,11,2,9
2018-08-13,10,12,24,16,14,9,14,10,12,16,12,11,10
2018-08-14,12,8,24,14,14,10,13,12,13,15,11,13,13
2018-08-15,13,13,24,13,14,11,13,12,13,16,11,12,13
2018-08-16,7,14,24,13,15,9,14,12,12,16,13,13,11
2018-08-17,9,13,24,14,16,10,13,11,12,16,13,16,13
2018-08-18,10,10,24,4,8,8,15,11,12,8,8,13,8
2018-08-19,4,8,24,3,9,0,4,3,4,13,9,2,9
2018-08-20,10,13,24,11,14,5,14,12,12,12,12,11,12
2018-08-21,11,12,24,10,15,10,13,12,12,15,13,11,10
2018-08-22,6,11,24,11,15,9,14,12,12,19,12,7,14
2018-08-23,11,13,24,12,14,9,13,11,13,16,13,13,10
2018-08-24,9,14,24,11,15,9,14,12,13,18,12,14,12
2018-08-25,12,12,24,10,13,10,13,11,12,15,9,14,12
2018-08-26,12,12,24,12,17,0,4,3,4,15,8,11,12
2018-08-27,10,13,24,15,15,11,15,12,12,17,13,16,6
2018-08-28,8,13,24,14,14,9,13,11,13,16,13,20,15
2018-08-29,14,16,24,12,14,10,13,12,13,14,13,15,12
2018-08-30,5,15,24,14,15,12,13,11,12,17,14,11,13
2018-08-31,8,11,24,15,15,11,14,12,12,16,10,12,14
2018-09-01,11,10,24,4,13,7,12,12,13,10,2,6,3
2018-09-02,9,11,24,1,13,0,4,2,4,7,11,2,7
2018-09-03,5,13,24,13,11,10,13,12,12,15,13,10,10
2018-09-04,4,15,24,10,17,10,13,12,12,15,9,11,12
2018-09-05,5,14,24,13,15,9,14,12,13,16,13,12,10
2018-09-06,4,10,24,14,15,9,14,12,12,16,13,13,11
2018-09-07,8,11,24,14,16,9,13,12,12,15,10,10,9
2018-09-08,11,10,24,7,13,9,14,11,12,13,7,10,0
2018-09-09,13,11,24,11,15,0,4,3,4,8,10,2,9
2018-09-10,10,11,24,14,15,11,14,11,13,17,13,12,7
2018-09-11,4,11,24,13,14,9,13,11,12,15,10,7,8
2018-09-12,9,13,24,12,15,10,13,15,14,7,10,3,3
2018-09-13,6,11,24,12,14,10,13,12,12,12,5,8,7
2018-09-14,8,13,24,14,17,0,12,11,12,17,9,3,8
2018-09-15,7,6,24,1,8,0,11,12,13,9,8,2,2
2018-09-16,9,8,24,1,7,0,4,2,6,5,0,2,1
2018-09-17,12,4,24,1,6,0,4,7,8,11,6,2,4
2018-09-18,6,14,24,13,16,9,14,10,12,15,13,6,11
2018-09-19,7,11,24,10,15,9,13,13,13,14,12,5,9
2018-09-20,7,9,24,10,15,9,13,14,12,13,8,7,5
2018-09-21,4,8,24,7,13,7,12,11,12,13,2,5,4
2018-09-22,4,3,24,1,7,7,12,11,15,10,0,2,3
2018-09-23,12,2,24,2,3,0,4,5,12,7,0,3,0
2018-09-24,12,3,24,1,13,0,5,2,4,3,0,2,0
2018-09-25,4,10,24,13,13,0,13,12,12,15,9,10,8
2018-09-26,5,3,24,11,10,0,13,11,12,14,0,2,3
2018-09-27,4,3,24,6,13,6,10,12,14,7,0,2,6
2018-09-28,9,5,24,8,15,7,12,12,12,11,0,2,4
2018-09-29,5,5,24,5,3,4,12,12,12,8,0,2,0
2018-09-30,4,3,23,2,4,0,9,2,4,3,0,2,0
2018-10-01,7,8,24,11,17,8,9,14,12,14,6,7,8
2018-10-02,7,7,24,12,13,8,10,13,14,12,8,4,9
2018-10-03,7,13,24,10,14,0,10,12,12,9,9,2,7
2018-10-04,4,6,24,10,14,0,9,13,13,12,8,5,4
2018-10-05,7,4,24,8,15,0,9,14,12,11,2,7,3
2018-10-06,4,4,24,9,4,6,6,12,12,10,0,2,4
2018-10-07,10,14,24,2,13,0,0,2,4,11,1,5,11
2018-10-08,10,11,24,10,5,8,9,12,12,8,10,3,0
2018-10-09,6,11,24,9,14,5,10,12,12,15,9,2,7
2018-10-10,6,14,23,13,16,8,10,11,12,15,9,2,6
2018-10-11,5,7,24,11,13,9,10,11,13,15,6,2,5
2018-10-12,5,6,24,11,16,7,10,12,12,14,0,2,0
2018-10-13,4,5,24,0,3,0,9,10,12,3,0,2,2
2018-10-14,4,2,24,1,12,0,0,3,3,2,0,2,0
2018-10-15,4,5,23,6,13,0,8,11,13,7,0,2,1
2018-10-16,11,7,24,5,12,6,9,12,12,6,0,2,2
2018-10-17,7,3,24,4,12,8,8,11,11,3,0,2,10
2018-10-18,7,3,24,4,11,4,9,12,13,8,0,2,2
2018-10-19,7,3,24,3,11,0,9,11,12,4,0,10,0
2018-10-20,4,5,23,1,3,6,8,12,13,10,0,2,2
2018-10-21,4,2,23,1,5,0,0,2,4,3,0,3,0
2018-10-22,6,3,23,1,10,10,9,12,12,6,0,2,0
2018-10-23,4,3,24,0,4,0,9,12,13,4,0,12,3
2018-10-24,4,3,23,2,8,9,8,12,13,3,0,2,3
2018-10-25,4,3,24,3,9,8,5,11,13,4,0,2,0
2018-10-26,7,3,23,6,10,0,9,12,12,6,0,12,0
2018-10-27,5,2,24,1,4,0,8,11,12,5,0,2,0
2018-10-28,5,3,23,1,4,0,0,2,4,3,0,2,0
2018-10-29,7,4,24,5,12,8,5,12,12,5,0,7,0
2018-10-30,5,3,23,5,10,5,10,12,12,3,0,11,2
2018-10-31,4,5,24,6,7,3,9,12,12,3,0,2,1
2018-11-01,6,3,24,4,6,0,9,11,12,3,0,2,0
2018-11-02,5,3,24,1,10,5,9,12,12,2,0,2,0
2018-11-03,9,8,24,0,3,8,0,10,12,3,0,3,0
2018-11-04,8,4,24,1,4,0,0,2,4,3,0,2,0
2018-11-05,5,18,24,0,4,0,6,12,12,3,0,2,0
2018-11-06,5,3,24,5,7,0,9,10,12,3,0,3,4
2018-11-07,4,3,24,2,10,0,10,12,13,2,0,2,3
2018-11-08,6,6,24,1,5,0,10,13,13,3,0,2,3
2018-11-09,9,7,24,1,8,0,8,11,12,3,0,3,0
2018-11-10,5,3,23,1,4,5,7,11,12,3,0,2,4
2018-11-11,9,3,24,0,3,0,0,3,4,2,0,2,0
2018-11-12,4,3,24,0,6,0,9,11,12,3,0,3,0
2018-11-13,4,3,24,1,7,5,5,10,13,3,0,10,0
2018-11-14,4,3,24,1,3,0,7,11,13,3,0,2,0
2018-11-15,4,7,23,0,4,0,7,12,12,2,0,11,0
2018-11-16,8,10,24,1,3,0,8,11,12,3,0,13,0
2018-11-17,4,3,24,7,4,4,2,11,12,3,0,7,0
2018-11-18,10,11,24,2,3,0,0,2,3,2,0,2,0
2018-11-19,6,3,24,2,4,0,5,9,13,3,0,12,0
2018-11-20,4,9,24,14,3,0,2,12,12,3,0,11,0
2018-11-21,4,11,24,2,4,0,7,11,13,2,0,3,0
2018-11-22,5,9,24,2,4,0,1,12,12,3,0,10,0
2018-11-23,3,2,16,2,2,0,0,2,3,2,0,2,0
2018-11-24,12,13,24,11,5,0,0,9,12,8,8,7,1
2018-11-25,4,19,24,11,5,1,1,5,6,8,10,2,1
2018-11-26,6,14,24,6,5,0,1,11,12,3,10,4,1
2018-11-27,10,18,23,13,4,0,1,12,13,3,2,11,1
2018-11-28,13,5,24,2,4,0,8,11,13,4,3,2,1
2018-11-29,12,3,24,3,4,0,4,12,12,3,2,12,2
2018-11-30,13,3,24,3,4,0,7,10,12,3,2,2,1
2018-12-01,11,5,24,10,4,0,2,11,11,3,9,11,1
2018-12-02,13,11,24,2,9,0,0,3,4,7,10,10,9
2018-12-03,8,13,24,3,5,0,0,10,13,3,2,2,1
2018-12-04,5,13,24,3,4,0,7,11,13,3,2,9,1
2018-12-05,12,4,24,2,4,0,6,11,13,3,3,12,1
2018-12-06,11,8,24,3,5,0,1,13,12,3,2,2,1
2018-12-07,12,3,24,2,4,0,4,11,13,4,3,12,2
2018-12-08,12,4,24,9,5,0,0,10,6,8,7,7,1
2018-12-09,14,20,24,3,13,0,0,2,9,8,2,13,1
2018-12-10,12,15,24,12,7,0,0,11,12,8,3,10,3
2018-12-11,9,13,24,9,7,0,3,11,13,3,2,10,4
2018-12-12,14,21,24,12,9,0,11,10,12,10,10,12,8
2018-12-13,12,14,24,14,10,0,6,11,12,7,2,11,1
2018-12-14,12,20,24,14,13,0,2,11,13,4,2,11,1
2018-12-15,11,3,24,10,14,0,0,8,11,11,9,9,12
2018-12-16,12,16,23,3,15,0,0,2,4,12,10,15,13
2018-12-17,13,14,24,13,6,0,0,10,11,6,13,2,8
2018-12-18,4,14,24,11,8,0,0,10,12,3,12,14,4
2018-12-19,12,19,23,14,6,0,0,10,12,3,2,10,7
2018-12-20,14,14,24,14,9,0,2,12,12,3,12,13,3
2018-12-21,12,14,24,10,6,0,2,11,13,4,12,11,1
2018-12-22,4,15,24,13,5,0,0,10,12,9,5,3,5
2018-12-23,11,10,24,3,12,0,0,3,4,5,11,12,8
2018-12-24,11,9,24,10,14,0,0,9,12,10,3,12,4
2018-12-25,9,15,24,14,16,0,0,9,12,3,8,12,7
2018-12-26,12,14,24,10,15,0,0,11,12,4,12,11,8
2018-12-27,13,15,24,11,11,0,0,10,12,3,2,9,9
2018-12-28,8,14,24,14,16,0,0,10,12,3,13,13,8
2018-12-29,4,6,24,10,12,0,0,2,8,7,11,8,9
2018-12-30,4,15,23,11,4,0,0,3,5,3,8,11,1
2018-12-31,5,3,22,2,5,0,0,2,4,4,2,2,1
2019-01-01,4,4,22,3,4,0,0,2,4,3,3,3,1
2019-01-02,5,3,21,2,5,0,0,2,4,3,2,2,2
2019-01-03,4,3,20,10,4,0,0,2,4,3,3,3,1
2019-01-04,4,3,21,12,5,0,0,3,5,14,11,9,1
2019-01-05,13,12,23,11,13,0,0,2,4,11,14,14,5
2019-01-06,13,11,22,10,14,0,0,2,4,13,10,10,14
2019-01-07,13,15,24,14,17,0,5,5,8,7,12,12,9
2019-01-08,13,14,24,14,15,0,11,8,11,6,12,14,4
2019-01-09,15,16,23,13,14,0,11,10,11,4,13,21,10
2019-01-10,12,13,23,14,15,4,7,10,12,6,11,12,12
2019-01-11,11,14,24,14,8,0,6,10,12,4,8,11,1
2019-01-12,16,20,24,10,13,0,8,8,11,13,11,12,11
2019-01-13,12,13,24,3,14,0,0,3,5,5,14,11,13
2019-01-14,11,12,23,11,14,0,0,10,10,6,15,10,8
2019-01-15,6,15,24,13,15,6,11,10,13,6,13,12,8
2019-01-16,13,14,24,14,10,0,3,9,12,4,3,12,9
2019-01-17,13,13,23,13,10,0,0,10,14,4,9,12,4
2019-01-18,13,15,23,16,7,0,0,11,12,3,2,15,3
2019-01-19,17,9,22,11,14,0,0,10,12,6,2,21,10
2019-01-20,19,23,22,11,12,0,0,2,4,3,10,2,15
2019-01-21,13,21,22,13,13,0,0,10,12,4,10,12,4
2019-01-22,5,22,24,7,14,0,0,10,12,5,12,11,4
2019-01-23,12,23,24,5,11,0,0,10,12,3,12,13,11
2019-01-24,13,18,21,4,13,0,0,11,12,4,11,10,5
2019-01-25,12,14,24,6,12,0,0,10,12,4,11,11,9
2019-01-26,14,3,24,13,13,0,0,9,12,7,9,15,9
2019-01-27,13,13,23,3,13,0,0,2,4,7,12,11,6
2019-01-28,12,13,24,14,14,4,0,10,11,8,11,11,4
2019-01-29,16,15,24,14,9,0,0,10,11,4,8,15,4
2019-01-30,13,13,23,12,10,0,0,11,12,6,8,16,5
2019-01-31,12,14,24,8,9,0,0,11,13,11,13,14,6
2019-02-01,12,12,24,12,13,0,0,9,12,5,12,13,1
2019-02-02,12,3,24,11,13,0,0,9,11,5,13,13,10
2019-02-03,14,14,24,3,13,0,0,2,4,3,2,3,3
2019-02-04,13,13,24,5,11,0,3,10,12,4,9,12,1
2019-02-05,8,14,23,6,11,0,0,10,12,4,10,17,5
2019-02-06,13,12,24,10,9,0,0,11,13,5,12,18,8
2019-02-07,14,15,24,10,7,0,0,10,12,3,9,16,1
2019-02-08,10,16,24,14,7,0,0,10,12,4,12,10,1
2019-02-09,13,7,23,13,13,0,0,2,12,13,12,12,11
2019-02-10,14,14,23,2,14,0,0,3,4,4,8,11,9
2019-02-11,11,12,23,12,15,0,0,2,4,15,12,11,12
2019-02-12,10,10,24,13,15,7,0,9,11,12,11,11,5
2019-02-13,13,16,23,12,14,8,0,10,12,8,11,12,10
2019-02-14,13,14,23,13,12,2,7,9,12,7,12,14,1
2019-02-15,13,12,24,14,12,0,11,10,12,9,13,19,6
2019-02-16,13,9,24,10,12,0,0,2,12,3,14,16,2
2019-02-17,15,15,24,3,14,0,0,2,4,7,10,4,12
2019-02-18,12,9,23,10,13,0,7,10,11,9,11,14,4
2019-02-19,15,15,23,12,15,0,6,11,12,7,11,7,6
2019-02-20,10,12,24,7,5,0,3,11,12,4,11,3,3
2019-02-21,12,9,24,10,6,0,5,11,12,3,7,10,1
2019-02-22,13,7,24,11,6,0,0,11,12,3,2,12,1
2019-02-23,4,11,22,11,5,0,0,10,12,3,3,13,1
2019-02-24,12,11,24,2,13,0,0,3,4,3,2,11,1
2019-02-25,9,13,23,10,8,0,1,11,12,5,11,11,2
2019-02-26,8,11,24,7,7,0,2,11,12,5,10,13,1
2019-02-27,13,12,24,5,8,0,2,10,13,6,8,9,1
2019-02-28,11,15,24,9,8,0,0,10,13,4,8,10,1
2019-03-01,12,13,24,6,7,0,0,10,13,3,2,13,1
2019-03-02,13,10,24,11,9,0,0,10,12,3,3,12,9
2019-03-03,13,12,24,3,15,0,0,3,4,7,2,10,11
2019-03-04,7,13,23,6,9,0,0,9,13,4,11,11,10
2019-03-05,7,15,23,6,8,0,0,11,12,3,2,11,1
2019-03-06,13,11,24,2,7,0,0,11,12,3,10,9,12
2019-03-07,14,9,22,9,7,0,0,10,12,5,8,11,2
2019-03-08,9,13,23,4,5,0,0,10,12,4,10,10,1
2019-03-09,4,3,22,10,6,0,0,7,8,3,2,11,1
2019-03-10,8,12,23,3,9,0,0,2,4,9,2,11,7
2019-03-11,12,12,24,4,7,0,0,11,12,3,10,11,3
2019-03-12,8,14,23,5,7,0,0,11,13,3,7,2,1
2019-03-13,7,3,24,12,5,0,0,10,12,4,8,2,7
2019-03-14,12,13,24,9,7,0,0,11,12,3,11,11,1
2019-03-15,12,15,24,7,8,0,0,11,13,3,10,12,1
2019-03-16,4,3,24,9,5,0,0,2,10,3,3,17,5
2019-03-17,12,16,24,2,12,0,0,2,4,6,2,10,3
2019-03-18,8,11,24,10,5,0,0,11,12,4,10,12,3
2019-03-19,4,14,23,3,4,0,0,10,13,3,2,6,1
2019-03-20,9,12,23,3,5,0,0,12,13,3,3,3,1
2019-03-21,4,8,24,2,7,0,0,10,12,3,2,4,1
2019-03-22,8,4,24,3,5,0,0,11,13,3,2,4,1
2019-03-23,7,14,23,11,5,0,0,3,12,6,3,12,9
2019-03-24,12,13,24,6,12,0,0,2,4,3,2,12,2
2019-03-25,7,12,22,7,5,0,0,11,13,3,3,2,1
2019-03-26,5,9,24,2,4,0,0,11,12,4,2,3,1
2019-03-27,13,13,23,3,5,0,0,10,12,3,2,2,2
2019-03-28,13,13,24,2,4,0,0,11,12,3,3,4,1
2019-03-29,13,4,24,8,5,0,0,11,14,3,2,17,1
2019-03-30,9,3,24,11,4,0,0,2,12,3,7,11,1
2019-03-31,11,14,24,2,8,0,0,3,4,3,2,2,1
2019-04-01,6,12,24,3,5,0,0,11,12,4,2,2,1
2019-04-02,4,15,24,11,14,0,0,11,13,3,6,3,1
2019-04-03,12,9,24,9,7,0,0,11,13,3,8,11,1
2019-04-04,13,13,24,3,6,0,0,10,13,3,10,8,1
2019-04-05,13,3,24,3,5,0,0,12,12,3,5,2,2
2019-04-06,11,3,24,2,4,0,0,11,12,3,8,3,1
2019-04-07,5,9,24,3,6,0,0,2,4,4,2,3,1
2019-04-08,6,12,24,2,5,0,0,11,12,3,8,2,1
2019-04-09,5,4,23,3,5,0,0,12,12,3,9,4,2
2019-04-10,13,11,24,13,4,0,0,11,13,3,3,16,5
2019-04-11,12,6,24,9,7,0,0,11,13,3,10,2,3
2019-04-12,13,4,24,10,6,0,0,10,12,4,9,9,1
2019-04-13,8,17,24,11,5,0,0,10,12,3,7,7,1
2019-04-14,13,15,24,2,5,0,0,3,4,3,2,6,6
2019-04-15,4,8,24,3,6,0,0,10,11,3,2,2,4
2019-04-16,4,14,24,3,6,0,0,12,12,3,3,2,1
2019-04-17,12,3,24,2,4,0,0,12,13,3,2,2,1
2019-04-18,9,4,24,3,5,0,5,12,13,3,3,2,1
2019-04-19,7,3,24,2,5,0,9,12,14,4,2,2,1
2019-04-20,7,3,24,3,4,0,8,10,12,3,2,3,1
2019-04-21,4,11,24,3,4,0,0,2,4,3,3,2,1
2019-04-22,7,3,23,2,5,4,8,11,15,3,2,2,1
2019-04-23,4,12,24,3,8,2,9,10,14,3,3,3,1
2019-04-24,8,3,24,2,9,0,9,12,14,3,2,2,1
2019-04-25,5,5,23,3,16,3,9,11,14,3,6,2,5
2019-04-26,4,9,24,3,10,0,10,11,12,4,2,2,8
2019-04-27,12,3,24,2,4,0,9,11,13,3,2,2,0
2019-04-28,10,8,24,3,4,0,0,3,5,3,2,2,0
2019-04-29,11,3,24,3,4,0,0,2,4,3,3,2,0
2019-04-30,4,4,24,9,5,0,3,10,13,3,10,3,0
2019-05-01,11,3,23,3,4,0,0,3,4,3,2,2,0
2019-05-02,9,3,24,3,5,0,8,11,13,4,10,2,0
2019-05-03,4,3,23,2,4,0,7,11,13,10,4,2,0
2019-05-04,5,3,23,3,4,0,9,10,12,3,2,2,0
2019-05-05,4,3,22,2,4,0,0,2,5,2,3,2,0
2019-05-06,4,4,23,3,4,0,0,3,4,3,2,2,0
2019-05-07,5,3,24,3,7,0,9,11,13,3,2,2,0
2019-05-08,4,3,23,2,4,0,8,11,13,3,3,2,0
2019-05-09,4,3,23,3,13,0,8,10,12,3,2,2,0
2019-05-10,11,3,23,2,9,0,10,13,14,3,6,4,2
2019-05-11,13,7,24,3,5,5,9,11,12,3,2,2,0
2019-05-12,4,5,23,3,11,0,1,2,4,9,2,2,0
2019-05-13,4,3,24,2,9,2,9,12,12,2,2,2,0
2019-05-14,4,3,24,3,10,5,10,10,15,5,3,2,1
2019-05-15,4,4,24,2,11,7,9,14,14,2,10,2,2
2019-05-16,10,5,24,4,14,7,10,15,14,9,10,3,0
2019-05-17,8,3,23,10,15,7,9,10,14,3,9,5,2
2019-05-18,12,8,24,3,12,9,10,11,12,3,2,2,2
2019-05-19,5,10,23,4,15,0,4,3,4,5,10,6,9
2019-05-20,4,3,23,13,15,9,9,11,12,3,9,11,0
2019-05-21,10,3,24,5,14,0,9,12,12,10,7,3,4
2019-05-22,11,7,24,10,11,4,9,12,12,3,9,3,7
2019-05-23,10,5,24,12,13,10,9,10,12,3,11,5,2
2019-05-24,13,10,24,11,14,8,10,12,13,3,10,10,8
2019-05-25,16,10,24,11,14,7,10,12,13,10,2,2,4
2019-05-26,16,11,24,4,11,0,0,2,8,10,6,2,5
2019-05-27,14,3,24,13,14,9,11,12,14,13,13,14,10
2019-05-28,15,13,24,15,16,8,10,12,13,14,13,2,3
2019-05-29,14,6,24,11,16,5,10,12,13,12,15,1,5
2019-05-30,9,4,24,11,15,11,10,10,13,12,13,5,6
2019-05-31,10,7,24,11,16,10,10,12,13,12,12,5,7
2019-06-01,16,12,24,6,12,6,14,11,13,11,2,3,0
2019-06-02,15,11,24,3,13,0,5,2,4,10,2,1,0
2019-06-03,14,7,24,12,16,8,12,12,12,13,14,5,3
2019-06-04,13,7,24,13,17,9,13,12,12,13,14,6,3
2019-06-05,15,4,24,14,15,6,13,12,13,9,14,6,7
2019-06-06,11,12,24,14,17,9,13,12,12,17,12,10,6
2019-06-07,12,9,24,15,16,8,13,11,13,16,14,8,4
2019-06-08,16,14,24,3,10,3,9,12,12,9,2,12,0
2019-06-09,11,7,24,10,11,0,4,2,4,3,3,2,2
2019-06-10,7,3,24,8,14,0,13,12,12,9,2,2,1
2019-06-11,11,7,24,9,14,8,13,12,13,10,2,2,3
2019-06-12,11,3,24,10,13,0,12,11,12,13,6,3,2
2019-06-13,11,3,24,12,17,2,13,11,13,15,13,2,5
2019-06-14,9,10,24,14,17,8,13,12,12,13,14,7,5
2019-06-15,13,3,24,2,8,3,8,10,13,4,2,1,1
2019-06-16,14,10,24,3,15,0,4,3,4,10,2,2,6
2019-06-17,11,9,24,11,17,3,13,10,13,14,13,4,3
2019-06-18,14,10,24,12,17,0,13,12,12,14,13,7,10
2019-06-19,16,13,24,13,17,0,13,10,13,14,13,9,12
2019-06-20,13,10,24,14,16,6,13,12,12,14,14,10,10
2019-06-21,12,11,24,15,17,0,13,11,12,16,12,9,8
2019-06-22,13,11,24,12,11,10,14,10,12,10,9,2,10
2019-06-23,15,10,24,3,11,0,4,2,4,13,8,2,4
2019-06-24,13,11,24,10,15,1,13,12,14,13,5,2,4
2019-06-25,14,10,24,13,16,9,13,10,12,16,9,6,8
2019-06-26,17,10,24,15,17,8,13,12,13,13,14,8,9
2019-06-27,14,12,24,15,17,0,13,12,12,17,14,8,4
2019-06-28,15,13,24,14,18,9,13,12,13,16,11,9,10
2019-06-29,14,8,24,12,14,0,11,12,12,12,9,8,5
2019-06-30,16,9,24,2,15,0,4,2,4,12,3,3,7
2019-07-01,13,7,24,14,15,0,13,12,12,16,12,4,8
2019-07-02,13,10,24,13,17,9,13,12,12,15,12,7,11
2019-07-03,14,11,24,15,17,9,13,12,14,15,14,7,14
2019-07-04,12,11,24,15,17,3,13,12,12,17,14,4,7
2019-07-05,13,11,24,11,17,9,13,11,13,13,15,2,7
2019-07-06,13,13,23,10,12,0,11,11,13,6,2,2,8
2019-07-07,16,9,24,3,13,0,8,3,4,3,7,8,8
2019-07-08,13,9,23,12,16,6,12,11,12,13,9,3,5
2019-07-09,12,7,24,11,15,2,12,11,12,16,10,2,5
2019-07-10,13,11,24,11,16,6,11,11,12,14,12,6,3
2019-07-11,12,7,24,15,15,0,12,12,13,15,10,4,4
2019-07-12,11,6,24,13,15,8,12,10,12,13,7,8,7
2019-07-13,13,10,24,8,14,3,9,11,12,4,10,3,8
2019-07-14,15,8,24,6,4,0,4,3,4,6,3,2,9
2019-07-15,5,3,24,3,14,0,12,11,13,8,4,2,7
2019-07-16,13,7,24,11,14,9,13,12,13,16,4,4,3
2019-07-17,14,13,24,13,18,8,13,11,12,16,11,5,11
2019-07-18,16,13,24,14,15,0,13,12,13,15,15,10,11
2019-07-19,15,13,24,14,16,9,15,12,13,16,12,10,9
2019-07-20,16,10,24,3,12,9,11,12,12,12,11,4,10
2019-07-21,16,12,24,3,16,0,4,2,4,3,13,2,14
2019-07-22,13,12,24,15,16,9,13,12,13,14,15,6,8
2019-07-23,15,12,24,15,15,6,14,12,13,17,11,7,12
2019-07-24,16,12,24,14,13,9,13,10,13,16,14,10,10
2019-07-25,17,13,24,15,16,0,13,12,14,16,13,11,12
2019-07-26,14,13,24,15,16,9,13,10,12,18,14,15,14
2019-07-27,16,14,24,10,13,7,14,11,12,9,16,14,11
2019-07-28,14,13,24,3,13,0,4,2,5,11,14,3,13
2019-07-29,17,13,24,15,15,9,13,12,12,17,13,11,14
2019-07-30,17,14,24,16,16,11,13,11,12,16,13,13,12
2019-07-31,14,12,24,15,16,11,13,12,12,17,14,14,13
2019-08-01,15,13,24,15,15,11,15,12,12,17,15,19,13
2019-08-02,11,13,24,16,15,9,13,12,13,17,12,13,12
2019-08-03,16,13,24,12,13,8,13,11,13,14,12,11,14
2019-08-04,16,11,24,11,14,0,4,2,5,15,14,14,14
2019-08-05,16,13,24,16,17,10,13,12,12,16,13,14,12
2019-08-06,16,13,24,14,15,11,13,11,12,16,15,19,11
2019-08-07,16,13,24,13,15,11,13,12,13,18,13,18,14
2019-08-08,15,12,24,15,17,11,14,11,12,16,15,13,14
2019-08-09,15,13,24,15,15,11,14,12,14,15,13,18,13
2019-08-10,16,10,24,14,14,7,12,12,12,15,15,13,0
2019-08-11,16,13,24,2,14,0,3,2,5,12,12,11,10
2019-08-12,17,14,24,7,12,0,6,2,4,13,13,13,11
2019-08-13,14,13,24,16,16,11,13,12,14,16,13,16,10
2019-08-14,14,15,24,11,14,11,13,12,12,17,15,16,10
2019-08-15,15,14,24,14,16,11,13,12,13,16,13,12,14
2019-08-16,13,15,24,13,15,11,13,12,13,17,13,15,7
2019-08-17,16,15,24,11,13,7,13,12,12,11,12,18,8
2019-08-18,16,15,24,4,14,0,7,2,4,11,15,11,10
2019-08-19,15,14,24,14,15,0,13,12,14,16,15,13,9
2019-08-20,15,13,24,12,16,11,14,12,12,15,15,13,10
2019-08-21,14,13,24,14,15,11,13,11,12,18,13,14,12
2019-08-22,15,13,24,10,15,11,13,11,13,16,14,9,11
2019-08-23,15,14,24,12,15,11,13,12,15,16,14,12,10
2019-08-24,16,12,24,3,14,8,12,11,11,11,11,11,4
2019-08-25,16,10,24,3,14,0,4,2,4,14,12,3,10
2019-08-26,15,13,24,11,15,9,13,12,14,16,15,13,7
2019-08-27,14,12,24,12,17,11,13,11,12,17,13,13,10
2019-08-28,16,10,24,12,14,11,13,10,13,16,13,14,12
2019-08-29,16,12,24,14,16,10,13,12,12,16,13,14,10
2019-08-30,18,8,24,10,16,10,13,11,13,16,11,12,11
2019-08-31,17,11,24,6,14,10,13,12,13,13,13,13,12
2019-09-01,15,14,24,2,15,0,7,2,5,3,17,13,9
2019-09-02,15,13,24,15,17,11,13,12,12,12,14,14,12
2019-09-03,15,14,24,16,15,1,14,12,13,10,14,14,8
2019-09-04,16,10,24,15,17,7,13,10,13,15,14,11,11
2019-09-05,20,12,24,12,16,11,13,12,12,14,14,10,9
2019-09-06,14,14,24,12,16,10,13,12,13,15,14,12,9
2019-09-07,15,15,24,7,13,6,12,11,12,13,10,11,1
2019-09-08,16,14,24,11,12,0,4,2,4,5,12,10,11
2019-09-09,14,12,24,13,15,9,12,11,12,13,13,13,9
2019-09-10,15,13,24,13,17,11,14,11,13,17,15,14,12
2019-09-11,13,11,24,16,16,9,12,12,12,16,15,20,1
2019-09-12,16,12,24,15,17,11,13,12,13,16,13,11,9
2019-09-13,14,10,24,15,16,10,13,12,14,16,14,13,11
2019-09-14,17,10,24,3,14,6,12,10,12,5,9,7,7
2019-09-15,15,10,24,11,13,0,4,2,4,11,13,5,8
2019-09-16,17,14,24,2,13,0,13,11,12,5,11,3,6
2019-09-17,15,11,24,15,18,11,14,12,14,16,12,8,12
2019-09-18,13,12,24,13,16,11,13,11,13,17,14,7,8
2019-09-19,14,9,24,13,16,10,13,13,15,15,12,8,6
2019-09-20,15,11,24,12,17,0,13,11,12,17,10,7,10
2019-09-21,15,8,21,3,11,10,12,11,11,10,2,2,2
2019-09-22,16,9,22,5,5,0,4,3,4,6,2,2,9
2019-09-23,16,7,24,3,15,9,13,11,13,8,8,6,7
2019-09-24,16,15,24,13,17,11,13,11,13,15,13,8,2
2019-09-25,15,13,24,14,16,10,13,12,12,17,14,7,11
2019-09-26,15,12,24,13,16,11,13,15,17,16,14,7,4
2019-09-27,14,11,24,16,16,11,14,13,15,15,10,7,9
2019-09-28,16,11,24,4,12,10,13,10,14,10,2,2,8
2019-09-29,16,11,24,10,16,0,4,3,4,4,12,3,9
2019-09-30,16,11,24,16,16,7,13,12,12,16,10,11,4
2019-10-01,16,13,24,18,17,11,11,12,13,17,12,12,6
2019-10-02,14,9,24,12,16,9,11,11,13,15,12,9,10
2019-10-03,14,13,24,13,15,4,10,12,15,17,11,8,7
2019-10-04,15,12,24,13,17,9,10,12,13,16,11,9,8
2019-10-05,16,11,24,12,13,11,10,12,13,10,2,3,10
2019-10-06,14,9,24,2,10,0,0,2,4,4,11,2,5
2019-10-07,15,14,23,12,17,8,9,12,13,13,8,6,3
2019-10-08,13,11,24,8,17,9,9,11,12,16,13,5,6
2019-10-09,14,7,24,14,13,10,10,12,13,16,9,3,5
2019-10-10,15,13,24,13,15,7,9,12,14,16,9,3,6
2019-10-11,13,16,24,11,16,9,10,11,12,10,11,2,5
2019-10-12,4,3,24,2,4,0,0,3,5,3,2,2,0
2019-10-13,4,5,24,3,12,0,0,2,4,11,2,2,0
2019-10-14,13,3,24,3,4,9,5,11,12,5,3,2,4
2019-10-15,14,13,23,4,16,2,10,12,13,9,2,1,6
2019-10-16,10,9,24,4,10,2,10,11,13,7,2,2,1
2019-10-17,7,6,24,2,13,3,10,12,16,9,3,2,2
2019-10-18,11,6,24,3,12,0,10,11,13,9,2,2,1
2019-10-19,10,7,23,2,4,6,7,12,13,4,2,2,0
2019-10-20,13,10,23,3,7,0,0,2,4,8,2,2,4
2019-10-21,10,12,24,2,12,8,9,12,12,3,3,2,4
2019-10-22,10,3,24,3,9,0,0,2,4,3,2,2,0
2019-10-23,13,6,23,2,15,3,9,14,15,9,2,2,8
2019-10-24,9,5,24,3,12,0,9,11,13,7,2,2,2
2019-10-25,8,12,24,2,11,0,8,12,13,10,3,2,0
2019-10-26,13,4,24,3,4,7,9,10,13,7,2,2,0
2019-10-27,12,5,24,2,10,0,0,3,4,3,2,2,2
2019-10-28,10,5,23,3,11,0,9,12,14,3,2,2,5
2019-10-29,12,6,24,2,10,0,9,10,13,3,3,2,2
2019-10-30,6,4,23,3,8,4,9,11,12,5,2,2,4
2019-10-31,4,3,23,2,11,0,9,11,13,3,2,1,0
2019-11-01,4,4,24,2,11,0,9,12,14,3,3,2,3
2019-11-02,4,5,24,3,4,6,9,10,13,5,2,2,0
2019-11-03,8,3,24,2,7,0,0,2,4,7,2,2,0
2019-11-04,4,4,24,3,4,0,8,11,12,10,2,2,3
2019-11-05,7,3,24,2,6,0,9,11,13,2,3,6,9
2019-11-06,12,3,24,3,8,0,9,11,12,3,3,2,4
2019-11-07,9,4,24,2,6,0,9,13,13,3,2,3,1
2019-11-08,11,5,24,3,6,0,9,11,12,3,2,2,0
2019-11-09,8,5,24,2,4,9,8,9,11,3,2,8,0
2019-11-10,5,3,24,2,8,0,0,2,4,11,3,7,0
2019-11-11,0,0,0,0,0,0,0,0,0,0,0,0,0
2019-11-12,4,3,24,2,5,0,9,11,13,3,2,2,0
2019-11-13,9,12,24,3,5,0,7,12,13,3,2,2,0
2019-11-14,6,3,24,2,4,0,6,12,13,3,3,3,0
2019-11-15,7,3,24,3,5,0,8,10,12,3,2,10,0
2019-11-16,5,10,24,2,4,0,0,11,12,3,2,13,0
2019-11-17,11,4,24,2,4,0,0,3,4,3,2,11,9
2019-11-18,8,12,24,3,5,0,9,10,13,3,2,2,1
2019-11-19,4,3,24,2,4,0,9,12,12,3,3,2,1
2019-11-20,12,7,24,3,5,0,7,11,12,3,2,8,1
2019-11-21,12,3,24,7,4,0,4,10,13,3,2,9,1
2019-11-22,12,8,24,12,5,0,0,11,12,3,7,16,1
2019-11-23,8,3,24,11,6,0,0,6,12,4,15,15,9
2019-11-24,11,7,24,11,4,1,1,4,6,3,2,5,1
2019-11-25,6,11,24,2,5,0,8,11,12,4,3,5,1
2019-11-26,7,3,24,12,4,0,0,11,12,3,2,9,1
2019-11-27,12,3,24,2,5,0,0,12,12,3,3,9,3
2019-11-28,13,5,23,8,4,0,0,12,13,3,2,11,1
2019-11-29,12,14,23,6,5,0,2,10,12,4,3,12,1
2019-11-30,6,12,22,9,5,0,0,11,12,4,2,9,1
2019-12-01,12,11,24,11,4,0,0,2,4,3,14,12,1
2019-12-02,10,8,24,8,6,0,0,11,12,3,8,12,12
2019-12-03,4,14,24,3,5,0,0,11,13,3,11,11,2
2019-12-04,13,15,24,2,6,0,2,10,13,4,10,11,5
2019-12-05,12,12,24,3,8,0,2,12,12,3,3,12,1
2019-12-06,12,16,24,11,7,0,0,11,13,3,9,12,7
2019-12-07,11,10,24,10,4,0,0,11,12,10,15,20,15
2019-12-08,12,3,23,3,14,0,0,2,4,4,19,13,3
2019-12-09,12,13,24,11,8,0,0,9,13,3,10,11,9
2019-12-10,7,14,24,7,4,0,0,10,12,4,4,12,4
2019-12-11,8,10,24,3,5,0,0,12,14,3,10,11,12
2019-12-12,13,6,24,3,4,0,0,12,16,7,5,9,1
2019-12-13,13,10,24,3,5,0,0,11,15,12,12,14,2
2019-12-14,9,3,24,11,5,0,0,10,12,3,12,14,2
2019-12-15,11,11,24,11,5,0,0,3,4,4,18,11,7
2019-12-16,8,11,23,9,5,0,0,10,12,3,9,12,2
2019-12-17,11,13,24,3,7,0,0,10,13,12,8,11,3
2019-12-18,12,12,24,3,6,0,0,11,13,3,6,10,4
2019-12-19,15,12,24,6,5,1,0,10,13,3,3,13,3
2019-12-20,8,13,24,2,5,0,0,11,12,4,9,11,3
2019-12-21,6,4,23,10,5,0,0,11,12,10,20,17,11
2019-12-22,12,10,19,3,5,0,0,2,4,12,23,13,14
2019-12-23,15,8,23,12,5,3,0,10,13,11,14,11,3
2019-12-24,12,15,24,11,4,0,0,10,12,7,8,12,11
2019-12-25,12,13,23,12,5,0,2,11,12,14,17,14,9
2019-12-26,0,0,0,0,0,0,0,0,0,0,0,0,0
2019-12-27,13,10,24,13,5,0,0,11,13,6,16,12,9
2019-12-28,12,5,24,12,4,0,0,12,4,16,16,12,2
2019-12-29,5,4,22,3,5,0,0,2,4,4,13,12,4
2019-12-30,4,3,22,3,4,0,0,2,4,6,11,11,1
2019-12-31,4,3,22,2,5,0,0,3,4,4,6,10,1
2020-01-01,5,3,21,3,4,0,0,2,4,3,2,3,1
2020-01-02,4,3,21,3,5,0,0,2,5,3,2,2,2
2020-01-03,5,3,20,2,4,0,0,2,4,3,3,2,1
2020-01-04,15,15,23,3,14,0,0,3,4,15,12,12,13
2020-01-05,15,12,22,10,13,0,0,2,4,8,15,13,2
2020-01-06,8,11,22,14,14,9,0,4,5,15,17,14,12
2020-01-07,15,15,22,14,12,9,0,9,10,13,11,13,1
2020-01-08,15,13,22,13,10,9,0,9,11,13,18,13,11
2020-01-09,4,12,24,10,4,0,0,11,12,6,14,11,8
2020-01-10,10,17,24,10,5,0,0,11,12,15,11,9,1
2020-01-11,18,11,24,11,6,0,0,9,12,17,11,10,10
2020-01-12,12,10,24,2,5,0,0,2,4,5,19,13,10
2020-01-13,14,14,24,11,5,0,0,3,9,6,17,11,14
2020-01-14,8,14,24,11,4,3,0,9,12,14,11,12,8
2020-01-15,15,8,24,7,8,4,0,11,13,14,13,12,6
2020-01-16,13,14,24,11,6,0,0,10,12,13,4,11,3
2020-01-17,7,9,24,12,5,0,0,11,12,11,10,13,1
2020-01-18,13,14,23,9,5,2,0,9,12,13,20,16,16
2020-01-19,15,15,22,3,11,0,0,2,5,7,19,14,9
2020-01-20,11,12,24,11,9,4,0,9,11,8,12,10,2
2020-01-21,7,13,20,7,11,0,0,8,12,5,11,12,5
2020-01-22,13,16,24,12,15,6,0,9,12,4,11,9,11
2020-01-23,13,12,24,12,12,5,0,11,12,16,11,11,10
2020-01-24,6,5,24,7,4,1,0,10,14,6,12,12,10
2020-01-25,15,11,23,11,14,0,0,10,11,15,20,13,1
2020-01-26,14,15,24,12,10,0,0,2,5,13,20,12,13
2020-01-27,11,9,24,14,6,8,0,9,11,16,13,12,5
2020-01-28,11,11,24,12,9,6,7,11,12,13,17,13,1
2020-01-29,12,8,24,6,5,0,3,11,12,3,11,16,8
2020-01-30,13,13,24,6,4,0,4,10,12,4,3,12,13
2020-01-31,5,12,24,7,5,0,2,12,13,4,11,13,2
2020-02-01,16,12,24,10,5,0,0,9,12,3,6,19,6
2020-02-02,11,14,24,11,9,0,0,2,4,5,13,12,8
2020-02-03,13,10,24,10,7,0,11,10,12,7,11,11,1
2020-02-04,16,15,24,8,6,0,11,9,12,13,3,11,1
2020-02-05,12,12,24,6,6,0,11,11,12,14,9,10,7
2020-02-06,13,17,24,15,7,0,4,9,12,8,12,14,1
2020-02-07,13,15,24,12,13,1,11,10,12,13,11,14,8
2020-02-08,14,9,22,11,6,0,0,6,12,11,13,13,6
2020-02-09,14,14,23,2,14,0,0,3,4,5,10,11,3
2020-02-10,14,17,24,14,7,0,13,9,11,13,11,14,6
2020-02-11,14,3,24,12,8,0,0,10,12,7,14,20,14
2020-02-12,9,13,24,12,6,0,11,10,11,3,11,10,4
2020-02-13,8,4,23,10,6,0,8,11,13,3,11,12,9
2020-02-14,7,8,24,7,5,0,0,11,13,3,2,11,1
2020-02-15,15,8,24,3,5,0,0,10,12,3,5,11,1
2020-02-16,13,11,24,3,10,0,0,2,4,15,12,12,11
2020-02-17,8,7,24,8,6,0,0,11,12,3,10,12,2
2020-02-18,8,11,23,7,6,0,0,11,12,4,3,14,10
2020-02-19,9,5,24,8,6,0,0,10,12,3,12,11,3
2020-02-20,12,7,24,6,5,0,0,11,13,5,11,13,1
2020-02-21,10,16,24,7,4,0,0,11,13,3,8,5,2
2020-02-22,17,3,24,8,5,0,0,10,12,5,6,14,2
2020-02-23,9,12,24,3,5,0,0,2,4,3,6,11,2
2020-02-24,11,3,24,8,4,0,0,8,7,5,12,11,1
2020-02-25,9,9,24,9,6,0,0,11,12,3,2,11,1
2020-02-26,13,10,24,13,5,0,0,11,12,4,11,11,12
2020-02-27,12,14,24,11,6,0,0,10,13,3,11,12,1
2020-02-28,13,13,24,7,7,0,0,9,12,3,10,11,1
2020-02-29,15,9,24,3,4,0,0,6,12,3,10,3,1
2020-03-01,16,14,23,3,12,0,0,2,4,5,12,11,1
2020-03-02,6,5,24,13,9,0,0,10,12,4,9,12,10
2020-03-03,6,11,24,6,5,0,0,11,13,3,3,12,2
2020-03-04,12,12,24,11,4,0,0,12,13,7,2,10,3
2020-03-05,14,9,24,10,5,0,0,11,12,3,7,10,1
2020-03-06,15,13,24,3,5,0,0,10,12,3,9,13,1
2020-03-07,7,16,24,11,5,0,0,6,12,11,2,4,12
2020-03-08,15,11,24,3,13,0,0,2,4,12,12,13,9
2020-03-09,14,12,24,7,5,0,0,9,12,3,13,13,6
2020-03-10,6,7,24,6,5,0,0,12,12,3,5,12,1
2020-03-11,8,13,24,3,4,0,0,12,12,3,2,2,1
2020-03-12,13,5,24,3,5,0,0,11,13,4,4,12,1
2020-03-13,12,11,24,2,4,0,0,12,13,3,5,13,2
2020-03-14,5,12,24,10,5,0,0,6,13,11,11,11,7
2020-03-15,13,11,24,5,4,0,0,3,5,3,2,11,10
2020-03-16,14,12,23,11,5,0,0,9,11,3,13,12,7
2020-03-17,15,14,24,13,4,0,0,9,12,4,12,14,2
2020-03-18,13,14,24,3,5,0,0,10,13,3,12,12,1
2020-03-19,7,3,24,2,4,0,4,12,13,3,13,13,1
2020-03-20,5,3,24,5,5,0,0,10,12,5,11,10,1
2020-03-21,5,8,24,3,4,0,0,10,12,4,11,13,1
2020-03-22,5,12,24,3,5,0,0,2,4,3,2,2,6
2020-03-23,11,8,24,12,4,0,0,11,13,3,6,13,5
2020-03-24,6,12,24,13,5,0,0,11,12,3,2,11,11
2020-03-25,12,10,24,12,4,0,0,11,12,3,13,14,3
2020-03-26,10,11,24,10,5,0,2,12,12,3,9,11,1
2020-03-27,6,9,24,2,5,0,5,11,12,4,5,12,1
2020-03-28,12,3,24,5,4,0,0,10,11,5,8,11,10
2020-03-29,16,11,24,8,5,0,0,3,4,12,13,13,11
2020-03-30,11,12,23,11,4,0,0,10,12,3,13,13,1
2020-03-31,13,15,23,12,5,0,0,11,13,3,12,12,1
2020-04-01,15,8,24,3,4,0,0,11,13,3,10,13,1
2020-04-02,16,7,24,11,5,0,0,10,12,3,3,10,1
2020-04-03,15,6,24,7,4,0,0,11,12,4,2,2,1
2020-04-04,9,13,24,3,5,0,0,12,13,4,9,13,1
2020-04-05,16,12,24,2,4,0,0,2,4,11,3,11,10
2020-04-06,11,10,24,3,5,0,0,11,12,3,2,12,1
2020-04-07,11,6,24,3,5,0,0,11,12,3,3,12,1
2020-04-08,12,14,24,2,4,0,0,12,14,3,2,11,1
2020-04-09,8,10,24,3,5,0,0,12,12,3,3,13,5
2020-04-10,7,8,24,3,4,0,0,11,12,4,11,14,10
2020-04-11,16,15,24,2,5,0,0,11,4,4,9,10,8
2020-04-12,17,12,23,3,5,0,0,2,4,5,11,13,6
2020-04-13,13,15,24,13,4,0,2,10,13,3,3,11,12
2020-04-14,7,14,24,2,5,0,4,11,13,4,2,19,6
2020-04-15,7,14,23,3,6,0,0,11,12,3,3,2,2
2020-04-16,10,14,24,3,5,0,2,11,13,3,2,3,1
2020-04-17,10,15,23,2,6,0,0,12,13,3,2,4,1
2020-04-18,16,11,24,3,4,0,0,11,12,7,9,14,1
2020-04-19,9,14,24,3,5,0,0,2,5,4,2,9,1
2020-04-20,11,12,24,2,4,0,0,8,13,3,3,8,1
2020-04-21,4,14,24,3,5,0,0,11,12,3,2,3,0
2020-04-22,10,15,24,3,4,0,0,11,12,3,3,2,0
2020-04-23,10,13,24,2,5,0,0,12,13,4,2,3,0
2020-04-24,11,15,24,3,4,0,0,11,13,3,3,2,0
2020-04-25,23,14,24,3,4,0,0,8,13,3,2,2,0
2020-04-26,8,5,22,2,5,0,0,2,4,3,2,2,0
2020-04-27,8,14,24,3,4,0,3,11,12,3,3,3,0
2020-04-28,6,11,24,3,5,0,2,10,13,4,2,2,0
2020-04-29,15,6,23,2,4,0,9,3,12,3,3,2,0
2020-04-30,4,3,24,3,5,0,7,11,12,3,2,2,0
2020-05-01,4,6,23,3,4,0,5,12,12,3,3,3,0
2020-05-02,7,3,23,4,4,0,9,2,12,3,2,2,0
2020-05-03,12,4,23,3,5,0,0,2,4,4,3,2,0
2020-05-04,13,6,22,2,4,0,0,11,13,3,2,2,0
2020-05-05,4,3,23,4,5,5,8,11,12,3,3,2,1
2020-05-06,12,13,24,3,4,0,0,10,12,3,2,3,0
2020-05-07,4,3,23,2,5,0,0,12,13,3,2,2,0
2020-05-08,9,8,23,2,4,0,0,10,12,3,3,2,0
2020-05-09,4,4,22,3,4,0,4,3,12,4,2,2,0
2020-05-10,8,3,24,2,5,0,0,2,4,3,3,2,0
2020-05-11,12,7,24,4,10,4,9,12,12,9,9,4,5
2020-05-12,9,3,24,6,11,9,9,11,12,3,2,2,4
2020-05-13,13,3,24,10,12,4,9,12,14,3,2,2,4
2020-05-14,11,3,24,7,13,6,9,12,14,3,2,2,5
2020-05-15,13,3,23,6,14,0,9,11,14,3,2,2,8
2020-05-16,8,6,22,3,4,0,1,3,13,2,3,2,0
2020-05-17,11,3,24,2,7,0,0,2,5,3,2,2,0
2020-05-18,5,3,24,3,11,0,10,14,13,3,2,2,6
2020-05-19,8,12,24,2,13,0,9,10,13,3,2,2,0
2020-05-20,10,14,24,2,7,0,0,11,14,3,2,2,0
2020-05-21,8,14,24,3,10,0,0,12,13,3,3,2,0
2020-05-22,6,11,24,2,6,0,1,12,13,3,2,2,0
2020-05-23,9,3,23,3,4,0,2,11,13,3,2,2,0
2020-05-24,5,3,22,2,4,0,0,2,5,3,2,2,0
2020-05-25,4,3,24,3,12,0,9,11,13,3,2,2,4
2020-05-26,7,4,24,2,17,6,9,12,13,3,5,2,0
2020-05-27,5,3,24,3,14,8,9,12,13,3,6,2,9
2020-05-28,4,3,24,4,12,8,8,12,13,3,2,2,2
2020-05-29,9,5,23,4,15,2,9,11,12,3,2,2,5
2020-05-30,10,10,23,2,8,8,8,12,13,3,2,1,3
2020-05-31,5,6,24,3,7,0,0,2,4,3,3,2,3
2020-06-01,4,6,24,7,13,9,11,12,13,3,10,2,0
2020-06-02,9,3,24,7,12,9,11,11,13,13,11,2,3
2020-06-03,15,7,24,9,12,10,12,12,13,12,11,2,7
2020-06-04,11,9,24,10,15,5,11,12,13,13,10,2,9
2020-06-05,13,13,24,12,16,6,11,11,13,13,13,2,7
2020-06-06,16,11,24,11,12,9,11,11,12,11,10,2,0
2020-06-07,13,9,24,3,4,0,4,3,5,3,7,5,9
2020-06-08,12,8,24,12,16,9,11,11,12,12,12,2,3
2020-06-09,16,13,24,15,15,10,13,11,13,13,12,11,4
2020-06-10,18,10,24,12,16,11,13,12,14,8,12,11,11
2020-06-11,15,11,24,13,15,9,13,13,15,13,13,15,7
2020-06-12,16,11,24,14,17,10,13,11,13,14,13,13,13
2020-06-13,14,6,24,2,12,8,11,9,12,3,4,4,2
2020-06-14,9,10,24,3,9,0,4,3,4,3,2,2,7
2020-06-15,16,8,24,14,15,10,12,11,13,15,12,10,9
2020-06-16,13,14,24,15,14,10,12,12,13,16,16,12,5
2020-06-17,15,6,24,14,16,9,12,11,14,12,14,13,8
2020-06-18,14,6,24,14,18,8,12,12,13,16,14,10,6
2020-06-19,4,4,24,13,13,8,11,12,13,12,6,2,6
2020-06-20,16,12,24,11,11,5,12,10,13,3,2,2,9
2020-06-21,12,6,24,2,9,0,4,2,4,4,2,2,0
2020-06-22,4,3,24,10,15,7,12,12,13,13,2,2,7
2020-06-23,17,9,24,11,15,9,12,11,13,14,8,2,6
2020-06-24,15,6,24,14,13,8,12,12,13,14,9,2,9
2020-06-25,10,3,24,12,15,5,11,12,14,16,3,2,7
2020-06-26,16,9,24,14,17,9,12,12,13,16,10,8,11
2020-06-27,17,12,24,11,9,7,12,12,12,8,2,2,7
2020-06-28,17,5,24,2,12,0,4,2,4,3,3,2,0
2020-06-29,15,5,24,15,16,9,13,11,13,16,15,7,9
2020-06-30,13,7,24,15,15,9,13,12,13,16,11,7,6
2020-07-01,16,6,24,15,14,10,14,12,13,15,12,5,10
2020-07-02,16,8,24,15,16,10,13,12,14,17,13,10,10
2020-07-03,15,9,24,15,18,10,12,12,14,14,12,9,5
2020-07-04,16,5,24,3,12,5,12,10,12,3,2,2,7
2020-07-05,14,9,24,10,12,0,4,2,5,12,13,2,10
2020-07-06,13,8,24,13,17,9,13,12,12,15,13,3,9
2020-07-07,15,11,24,14,16,9,12,12,13,16,15,6,6
2020-07-08,12,8,24,14,17,10,12,12,12,16,14,6,10
2020-07-09,13,3,24,10,15,9,13,12,13,16,11,3,5
2020-07-10,15,3,24,13,18,9,13,11,13,15,11,6,8
2020-07-11,18,15,24,11,13,7,12,11,13,12,11,3,11
2020-07-12,18,15,24,3,14,1,7,4,5,14,13,2,6
2020-07-13,11,7,24,13,17,9,13,11,13,13,13,5,8
2020-07-14,16,14,24,13,17,8,12,12,15,17,14,3,5
2020-07-15,16,10,24,11,15,9,12,10,13,14,7,2,8
2020-07-16,14,12,24,12,14,4,11,12,14,13,5,2,6
2020-07-17,10,6,24,10,15,5,12,12,13,12,2,2,3
2020-07-18,12,9,24,4,4,7,11,10,13,5,3,1,5
2020-07-19,17,9,22,3,7,0,4,2,5,5,2,3,8
2020-07-20,17,14,24,15,17,9,12,12,12,17,15,9,11
2020-07-21,16,15,24,15,16,9,13,12,13,16,14,7,10
2020-07-22,16,13,24,15,16,9,12,13,13,17,15,7,10
2020-07-23,17,12,24,4,13,8,10,10,12,3,11,2,12
2020-07-24,17,9,24,5,13,8,12,12,13,11,11,8,11
2020-07-25,18,13,24,6,6,8,12,11,12,3,10,2,13
2020-07-26,18,11,24,4,15,0,4,2,5,10,3,10,7
2020-07-27,16,13,24,13,16,10,12,12,12,16,13,12,10
2020-07-28,17,13,24,15,16,11,13,12,13,14,16,14,14
2020-07-29,14,15,24,13,16,9,12,12,13,16,11,11,10
2020-07-30,16,15,24,13,15,10,12,12,13,14,15,9,9
2020-07-31,15,14,24,15,16,10,12,12,13,16,14,10,11
2020-08-01,16,12,24,11,14,9,11,10,13,11,2,2,6
2020-08-02,15,10,24,2,14,0,11,3,5,13,13,10,11
2020-08-03,14,16,24,15,15,10,12,11,12,15,14,16,12
2020-08-04,16,11,24,15,17,10,12,12,14,17,16,14,11
2020-08-05,11,13,24,14,16,10,12,12,14,14,15,16,12
2020-08-06,16,13,24,13,17,9,12,12,13,15,14,17,9
2020-08-07,17,11,24,17,16,9,12,12,13,16,15,14,6
2020-08-08,17,14,24,7,13,5,12,12,12,8,10,10,9
2020-08-09,16,14,24,10,13,0,8,2,4,10,14,14,9
2020-08-10,17,15,24,13,13,10,12,12,12,7,14,13,7
2020-08-11,16,13,24,15,15,10,14,13,14,16,14,15,11
2020-08-12,16,13,24,14,16,11,15,12,12,16,16,15,11
2020-08-13,15,13,24,13,15,11,14,11,14,16,14,17,10
2020-08-14,15,10,24,12,16,10,16,11,13,18,15,13,13
2020-08-15,17,17,24,12,13,11,13,10,14,15,11,6,11
2020-08-16,16,15,24,2,16,0,11,3,4,12,12,12,9
2020-08-17,13,15,24,15,17,10,13,11,12,16,16,14,7
2020-08-18,23,13,24,15,16,10,14,12,14,17,18,14,11
2020-08-19,13,14,24,14,18,9,15,11,14,17,14,15,11
2020-08-20,16,11,24,15,15,10,15,13,13,14,15,19,11
2020-08-21,15,14,24,16,19,10,15,12,14,17,14,15,10
2020-08-22,16,13,24,10,16,10,13,11,13,12,2,2,12
2020-08-23,16,10,24,12,15,0,4,3,4,13,14,11,8
2020-08-24,14,15,24,16,19,11,14,11,13,13,13,14,14
2020-08-25,13,15,24,14,17,11,13,12,14,16,14,13,9
2020-08-26,16,14,24,16,18,10,13,11,13,16,14,13,10
2020-08-27,13,14,24,15,17,10,13,12,14,18,14,17,12
2020-08-28,14,15,24,15,17,10,15,12,14,16,11,20,14
2020-08-29,16,16,24,10,16,11,15,11,14,13,11,8,9
2020-08-30,17,15,24,3,19,0,3,3,4,9,17,12,12
2020-08-31,14,14,24,13,17,11,14,10,12,15,12,13,14
2020-09-01,15,13,24,15,17,10,13,12,13,16,15,10,10
2020-09-02,14,13,24,15,17,10,13,11,15,17,14,16,13
2020-09-03,17,15,24,16,15,10,15,12,13,16,15,17,12
2020-09-04,12,15,24,14,19,10,13,13,16,15,13,11,8
2020-09-05,16,15,24,8,16,9,11,11,13,11,11,2,9
2020-09-06,17,13,24,11,12,4,10,2,4,3,15,13,11
2020-09-07,12,13,24,14,17,11,14,12,14,16,13,5,10
2020-09-08,13,15,24,13,17,11,13,13,15,16,14,12,10
2020-09-09,12,13,24,14,16,10,14,11,13,17,14,14,12
2020-09-10,15,13,24,13,20,10,14,15,14,17,14,15,12
2020-09-11,13,14,24,13,22,10,14,12,16,16,15,15,9
2020-09-12,16,14,24,13,12,10,13,11,12,11,2,2,6
2020-09-13,16,11,24,11,13,0,4,3,4,13,13,7,4
2020-09-14,13,12,24,11,16,11,13,10,14,15,13,9,8
2020-09-15,12,14,24,13,17,11,11,11,13,17,12,3,10
2020-09-16,11,12,24,14,20,10,13,11,15,16,13,4,9
2020-09-17,13,14,24,15,16,11,13,15,14,15,15,6,11
2020-09-18,14,14,24,16,19,10,15,14,16,16,14,10,11
2020-09-19,16,12,22,10,16,11,13,10,12,3,2,2,3
2020-09-20,17,4,21,3,11,11,12,13,13,12,2,2,1
2020-09-21,12,6,22,3,10,8,11,12,13,5,3,2,2
2020-09-22,15,7,24,3,13,8,11,11,12,13,3,2,6
2020-09-23,12,10,24,9,15,9,13,12,14,14,3,2,8
2020-09-24,11,4,24,8,14,8,11,11,15,11,2,2,4
2020-09-25,4,3,24,7,16,10,12,13,15,4,2,2,10
2020-09-26,9,3,24,3,4,8,13,11,12,3,2,2,0
2020-09-27,11,5,23,3,4,0,4,2,4,3,3,2,0
2020-09-28,10,4,22,6,15,10,11,12,13,12,2,2,3
2020-09-29,12,8,23,8,15,11,13,11,14,6,2,2,2
2020-09-30,11,5,23,10,11,9,12,11,13,3,2,2,8
2020-10-01,9,9,24,11,13,10,9,12,13,9,3,2,3
2020-10-02,13,7,23,12,15,9,10,11,14,9,4,1,0
2020-10-03,15,8,24,4,4,9,10,10,12,10,10,2,1
2020-10-04,14,7,24,5,12,0,0,3,4,3,2,2,1
2020-10-05,12,8,24,14,15,9,10,11,12,13,11,2,2
2020-10-06,10,3,24,10,16,10,10,10,13,3,6,2,4
2020-10-07,5,7,24,9,16,9,9,12,13,3,2,2,2
2020-10-08,10,3,24,4,8,0,8,12,15,3,2,2,2
2020-10-09,10,3,24,3,8,4,8,11,13,3,2,2,0
2020-10-10,5,3,24,2,4,0,5,11,13,3,8,7,1
2020-10-11,10,3,24,3,5,0,0,3,4,3,3,2,1
2020-10-12,9,3,23,4,13,6,9,10,13,3,2,3,4
2020-10-13,9,3,24,8,12,10,9,12,14,11,5,2,9
2020-10-14,11,3,21,7,15,7,9,12,13,3,2,2,3
2020-10-15,4,9,24,7,12,7,9,12,15,3,3,2,5
2020-10-16,7,12,24,2,6,6,8,10,14,3,2,2,0
2020-10-17,13,14,24,3,4,0,8,10,12,3,2,3,0
2020-10-18,8,14,24,2,4,0,0,3,5,5,9,2,0
2020-10-19,7,15,24,3,8,4,0,10,12,3,2,2,0
2020-10-20,5,3,24,2,8,4,7,12,13,3,3,2,1
2020-10-21,5,11,24,3,7,0,9,12,14,3,2,2,0
2020-10-22,9,11,24,3,6,4,5,12,14,4,3,9,1
2020-10-23,10,10,24,2,10,0,9,12,13,3,2,2,0
2020-10-24,9,16,24,3,4,0,5,9,13,3,3,3,0
2020-10-25,11,16,24,2,8,0,1,3,4,3,2,2,2
2020-10-26,4,6,24,3,11,0,5,11,12,3,3,2,8
2020-10-27,6,7,24,2,9,1,9,12,13,4,2,2,0
2020-10-28,10,11,24,3,13,0,9,11,14,3,2,2,0
2020-10-29,9,14,24,3,9,0,9,11,13,3,3,3,0
2020-10-30,8,10,24,3,10,0,9,11,13,3,2,2,0
2020-10-31,10,13,24,2,4,9,0,12,13,3,6,11,0
2020-11-01,15,15,24,3,9,0,0,2,4,4,10,2,0
2020-11-02,14,9,24,2,7,2,9,10,13,3,3,2,0
2020-11-03,5,16,24,3,4,0,0,3,12,3,2,2,0
2020-11-04,6,14,24,2,10,3,9,11,13,3,3,2,2
2020-11-05,5,14,24,3,6,0,8,12,13,4,2,10,0
2020-11-06,8,13,24,2,4,0,8,11,13,3,2,2,0
2020-11-07,14,16,24,3,6,0,0,2,12,8,5,4,0
2020-11-08,12,13,24,2,6,0,0,3,4,3,2,2,0
2020-11-09,4,14,24,3,6,0,7,11,13,3,3,4,0
2020-11-10,8,12,24,2,5,0,0,11,13,4,3,2,0
2020-11-11,9,15,24,3,4,0,5,11,13,3,3,2,0
2020-11-12,11,14,24,2,8,0,0,10,14,3,10,10,0
2020-11-13,11,16,24,3,7,0,0,10,13,3,3,3,0
2020-11-14,13,9,24,2,6,0,0,9,7,3,9,2,0
2020-11-15,14,15,24,3,5,0,0,2,5,4,3,2,0
2020-11-16,12,14,24,2,8,0,0,10,12,3,7,2,0
2020-11-17,10,14,24,3,5,0,0,12,13,3,3,2,0
2020-11-18,4,13,24,2,4,0,0,11,14,3,2,3,2
2020-11-19,4,7,23,3,7,0,0,12,14,3,3,2,1
2020-11-20,5,3,23,9,7,8,8,11,13,4,2,2,1
2020-11-21,5,15,24,2,6,0,4,10,12,5,10,2,1
2020-11-22,17,16,24,3,4,0,0,2,5,3,11,2,2
2020-11-23,10,16,24,2,5,0,0,3,13,6,2,3,1
2020-11-24,13,12,24,7,4,0,0,12,13,3,2,2,1
2020-11-25,16,13,24,9,5,0,0,11,13,3,3,2,1
2020-11-26,15,13,24,7,4,0,0,12,12,3,3,2,1
2020-11-27,17,15,24,5,5,0,0,12,13,3,2,8,1
2020-11-28,12,15,24,3,12,0,0,10,13,4,9,6,1
2020-11-29,16,16,24,14,10,0,0,2,4,5,5,12,1
2020-11-30,9,14,24,10,8,0,0,7,9,3,3,2,1
2020-12-01,11,15,24,10,12,0,0,10,13,4,2,2,2
2020-12-02,12,13,24,9,8,0,6,10,13,3,11,9,5
2020-12-03,11,15,24,10,13,0,6,9,13,3,12,11,2
2020-12-04,6,14,24,8,13,0,0,10,13,3,9,2,3
2020-12-05,17,16,24,11,14,0,0,5,12,8,9,9,13
2020-12-06,17,16,24,3,14,0,0,2,5,4,15,13,6
2020-12-07,6,15,24,12,14,0,1,10,13,3,13,4,3
2020-12-08,11,15,24,13,8,0,1,10,14,3,9,2,3
2020-12-09,10,15,24,13,13,0,3,12,13,3,11,2,11
2020-12-10,10,14,24,13,9,0,3,11,14,3,10,10,2
2020-12-11,6,15,24,12,5,0,2,12,16,4,2,2,2
2020-12-12,16,16,24,11,11,0,0,8,13,3,11,11,9
2020-12-13,17,16,24,3,15,0,0,2,5,3,12,10,6
2020-12-14,10,15,24,13,12,0,5,4,12,3,12,12,9
2020-12-15,11,15,24,11,14,0,9,10,12,4,14,14,5
2020-12-16,16,16,23,14,15,0,8,8,10,3,13,15,7
2020-12-17,13,14,23,14,16,0,10,10,11,5,11,17,1
2020-12-18,10,15,24,13,14,0,5,8,11,3,11,9,2
2020-12-19,17,16,24,11,12,0,0,3,10,14,14,15,6
2020-12-20,17,17,24,3,13,0,0,2,4,3,12,11,13
2020-12-21,10,15,24,14,16,0,10,8,10,3,14,15,4
2020-12-22,16,16,24,19,17,0,10,8,9,3,12,20,4
2020-12-23,11,17,24,14,15,0,4,9,11,4,13,17,11
2020-12-24,12,15,24,12,15,8,5,9,13,3,12,13,11
2020-12-25,11,15,24,14,13,0,4,10,14,3,14,14,10
2020-12-26,17,15,24,10,14,0,0,3,11,3,11,2,10
2020-12-27,17,17,23,14,13,0,0,2,4,3,12,11,9
2020-12-28,13,15,24,12,14,0,7,9,11,4,12,12,2
2020-12-29,4,4,24,3,13,0,6,8,11,12,5,7,1
2020-12-30,4,3,24,3,5,0,0,2,4,5,3,2,1
2020-12-31,5,3,23,2,4,0,0,3,5,5,2,3,1
2021-01-01,4,3,21,3,5,0,0,2,4,3,2,2,2
2021-01-02,4,3,22,2,4,0,0,2,4,3,3,2,1
2021-01-03,5,3,21,3,4,0,0,2,4,7,2,3,1
2021-01-04,10,14,22,14,17,5,11,2,4,13,14,15,10
2021-01-05,15,16,23,14,17,1,10,3,4,12,13,14,2
2021-01-06,15,15,24,14,17,8,11,4,6,11,13,20,15
2021-01-07,16,16,24,13,17,8,9,9,10,3,13,18,8
2021-01-08,16,15,23,13,15,8,11,7,9,13,11,16,3
2021-01-09,19,16,24,11,14,6,9,2,11,3,12,15,13
2021-01-10,17,17,24,12,14,0,0,2,3,10,17,13,15
2021-01-11,19,16,24,10,15,0,9,4,9,13,13,9,16
2021-01-12,17,17,24,13,16,10,9,8,11,13,13,17,3
2021-01-13,15,16,24,14,15,6,4,9,11,10,12,12,13
2021-01-14,10,15,24,13,15,4,10,10,11,14,13,14,8
2021-01-15,11,15,24,13,14,8,9,10,12,7,14,15,12
2021-01-16,15,15,24,10,15,0,1,4,11,8,9,12,9
2021-01-17,16,16,24,2,15,0,0,2,4,6,17,13,12
2021-01-18,9,15,24,13,13,9,11,6,10,13,12,12,5
2021-01-19,14,15,24,13,15,8,9,4,10,7,15,17,14
2021-01-20,12,16,23,13,15,9,9,5,4,12,13,18,12
2021-01-21,10,16,24,12,17,8,9,4,9,7,16,19,13
2021-01-22,11,15,23,13,18,0,9,10,11,3,11,11,10
2021-01-23,20,17,24,11,13,6,9,3,11,13,9,2,8
2021-01-24,16,15,24,3,13,0,0,3,4,9,15,15,12
2021-01-25,10,15,24,12,16,0,9,7,10,3,12,13,10
2021-01-26,15,16,23,12,17,0,9,8,12,8,14,16,9
2021-01-27,16,15,23,14,8,0,5,11,13,9,14,19,10
2021-01-28,10,15,24,13,15,4,11,9,12,7,11,12,8
2021-01-29,13,14,24,13,15,3,11,11,12,5,11,14,15
2021-01-30,21,22,24,12,14,9,2,2,8,12,7,7,13
2021-01-31,22,15,24,3,12,0,0,2,4,10,14,12,19
2021-02-01,10,15,24,11,18,6,9,3,10,11,12,16,4
2021-02-02,14,15,23,12,11,7,0,10,12,8,19,18,14
2021-02-03,10,15,23,11,9,5,9,7,12,3,14,19,12
2021-02-04,14,17,24,14,12,3,9,9,11,3,18,17,1
2021-02-05,12,15,24,12,13,4,6,9,12,3,12,12,2
2021-02-06,16,15,24,10,12,8,4,3,11,4,4,11,10
2021-02-07,17,11,24,3,15,0,0,2,4,4,10,12,10
2021-02-08,9,15,24,13,16,8,8,7,9,3,16,14,10
2021-02-09,12,15,24,12,15,5,9,8,9,7,14,18,11
2021-02-10,12,15,24,13,16,4,9,10,11,4,20,18,6
2021-02-11,23,16,24,9,15,7,0,10,12,3,18,18,9
2021-02-12,9,15,24,12,9,5,11,6,9,9,11,11,1
2021-02-13,17,15,24,11,10,0,9,8,12,6,3,9,10
2021-02-14,15,15,24,2,12,0,0,2,4,3,13,13,9
2021-02-15,11,15,24,12,8,0,4,10,12,4,12,10,1
2021-02-16,9,15,24,12,7,0,0,12,13,3,13,13,3
2021-02-17,11,15,24,3,7,0,5,11,13,4,12,13,10
2021-02-18,10,16,23,13,9,7,10,8,12,15,14,13,10
2021-02-19,10,15,23,13,10,5,10,11,12,5,12,14,8
2021-02-20,22,14,24,10,13,0,9,2,12,3,3,17,11
2021-02-21,18,14,24,3,9,0,0,2,4,5,11,11,1
2021-02-22,7,13,24,3,7,0,0,11,10,4,5,3,2
2021-02-23,18,15,24,2,11,0,0,10,12,5,11,12,1
2021-02-24,10,16,24,14,14,4,10,6,11,3,15,14,9
2021-02-25,11,16,24,13,15,9,9,9,11,12,12,12,2
2021-02-26,15,14,24,13,13,0,0,10,13,3,14,13,2
2021-02-27,16,15,24,10,14,0,0,3,10,7,7,7,10
2021-02-28,17,16,24,3,14,0,0,2,5,6,12,12,5
2021-03-01,13,16,24,14,8,8,1,8,10,3,10,10,10
2021-03-02,14,14,24,13,5,0,0,12,13,8,12,12,1
2021-03-03,11,14,24,14,10,4,8,7,12,3,11,12,13
2021-03-04,14,15,24,13,7,0,6,10,14,3,12,11,9
2021-03-05,12,15,24,14,8,0,0,11,13,6,11,2,5
2021-03-06,18,14,24,2,4,0,1,10,12,4,3,2,10
2021-03-07,18,15,24,3,13,0,0,3,4,3,12,12,1
2021-03-08,16,15,24,12,12,4,9,8,12,8,10,11,9
2021-03-09,11,15,24,14,6,0,4,9,14,3,12,10,11
2021-03-10,13,17,24,14,5,0,0,11,13,3,12,13,7
2021-03-11,7,14,24,13,5,0,3,11,13,3,11,11,2
2021-03-12,11,16,24,3,5,0,0,10,14,4,11,11,1
2021-03-13,24,16,24,3,7,0,0,3,12,7,2,7,8
2021-03-14,20,14,24,2,13,0,0,2,4,3,5,8,8
2021-03-15,6,15,24,13,5,0,0,6,12,3,11,10,1
2021-03-16,10,10,24,13,7,0,4,12,13,3,11,10,1
2021-03-17,9,12,24,14,4,0,0,12,13,4,3,11,2
2021-03-18,12,12,24,13,5,0,2,12,13,5,11,9,9
2021-03-19,9,14,24,13,4,0,2,12,13,3,12,11,1
2021-03-20,20,15,24,10,5,0,0,10,12,5,10,3,10
2021-03-21,14,15,24,3,6,0,0,3,4,3,2,2,1
2021-03-22,10,15,24,3,4,0,0,11,12,4,12,11,1
2021-03-23,13,9,24,13,5,0,0,11,13,3,8,19,1
2021-03-24,12,14,24,13,5,0,0,13,14,3,3,4,1
2021-03-25,10,13,24,13,4,0,1,12,13,3,9,2,2
2021-03-26,8,10,24,2,4,0,4,12,13,3,2,3,1
2021-03-27,12,13,24,3,5,0,0,10,12,4,18,19,1
2021-03-28,13,11,24,3,10,0,0,2,5,3,9,2,6
2021-03-29,4,3,23,12,4,0,7,10,11,3,3,2,1
2021-03-30,7,6,23,7,5,0,8,11,13,3,2,2,1
2021-03-31,7,6,23,5,4,0,9,12,16,3,3,3,3
2021-04-01,5,3,23,3,5,2,8,12,15,3,2,2,0
2021-04-02,4,12,24,6,4,0,8,13,13,4,2,2,0
2021-04-03,16,6,24,3,4,0,7,9,13,3,11,2,0
2021-04-04,13,3,24,2,5,0,0,3,4,3,12,2,0
2021-04-05,13,16,24,3,4,0,7,11,11,3,2,3,0
2021-04-06,13,17,24,3,5,0,0,11,13,3,3,6,0
2021-04-07,12,8,24,13,4,0,5,12,13,3,2,3,0
2021-04-08,12,8,24,3,5,0,7,11,14,4,3,2,1
2021-04-09,13,12,24,12,5,0,2,12,13,3,2,2,0
2021-04-10,14,15,24,3,4,0,5,7,12,3,5,5,0
2021-04-11,14,15,24,3,5,0,0,2,4,4,3,7,0
2021-04-12,4,14,24,12,4,0,0,11,12,3,2,3,0
2021-04-13,9,9,24,3,5,0,0,12,13,3,3,2,0
2021-04-14,4,13,24,14,4,0,8,13,15,3,2,2,8
2021-04-15,11,12,24,8,4,0,2,11,13,3,3,2,0
2021-04-16,4,12,24,6,5,0,0,12,13,4,2,3,3
2021-04-17,14,14,24,3,4,0,0,10,13,6,3,2,0
2021-04-18,15,12,24,3,5,0,0,2,5,3,2,7,0
2021-04-19,5,10,24,9,4,0,4,11,13,3,2,2,4
2021-04-20,4,7,23,7,5,0,9,12,14,3,3,2,2
2021-04-21,4,7,24,8,4,0,9,12,13,3,2,2,3
2021-04-22,5,6,24,8,4,0,9,11,15,3,3,2,5
2021-04-23,4,13,24,2,5,3,9,13,16,4,2,3,2
2021-04-24,6,11,24,3,4,0,9,11,12,3,3,2,0
2021-04-25,5,5,23,2,5,0,0,2,4,3,2,2,0
2021-04-26,4,13,24,3,4,2,0,10,13,3,3,2,0
2021-04-27,5,15,24,2,5,0,7,15,16,3,2,3,0
2021-04-28,4,12,24,3,4,0,9,15,17,3,2,2,5
2021-04-29,5,12,24,2,4,0,9,11,12,4,3,2,0
2021-04-30,4,4,23,3,5,3,9,14,15,3,2,2,1
2021-05-01,4,3,23,2,4,9,9,9,11,3,3,2,0
2021-05-02,4,6,23,3,5,0,0,3,5,3,2,3,0
2021-05-03,4,15,24,2,4,4,8,10,13,3,3,2,0
2021-05-04,4,3,23,3,5,8,7,11,12,3,2,2,0
2021-05-05,4,3,22,2,4,6,6,11,13,3,3,2,0
2021-05-06,4,6,22,4,4,3,9,13,15,4,2,3,1
2021-05-07,5,3,23,9,5,9,9,12,14,3,3,2,3
2021-05-08,4,3,23,2,4,9,8,12,12,3,2,2,0
2021-05-09,7,5,22,3,11,0,0,2,5,3,2,2,0
2021-05-10,4,7,24,10,14,9,9,11,13,3,3,3,5
2021-05-11,4,3,24,11,8,7,8,12,13,3,2,2,0
2021-05-12,4,4,23,9,10,0,9,13,14,4,3,2,2
2021-05-13,4,11,24,9,4,0,9,11,13,3,2,2,5
2021-05-14,4,3,23,11,12,3,9,13,14,10,3,2,6
2021-05-15,12,8,24,5,5,9,8,12,13,3,2,2,0
2021-05-16,5,3,22,2,4,0,0,2,4,3,3,2,0
2021-05-17,8,3,24,14,15,8,9,12,12,11,6,6,2
2021-05-18,8,12,24,13,13,7,9,12,14,12,12,2,8
2021-05-19,6,3,24,11,11,5,9,13,13,13,10,2,9
2021-05-20,4,3,24,9,9,9,9,13,13,10,2,2,3
2021-05-21,9,7,24,13,12,9,9,12,14,12,2,2,5
2021-05-22,10,5,23,3,4,2,9,11,13,3,3,2,0
2021-05-23,9,4,23,2,14,0,0,2,4,3,2,2,0
2021-05-24,4,3,24,13,13,7,9,12,12,10,10,2,6
2021-05-25,10,11,24,13,14,2,9,13,14,13,13,2,8
2021-05-26,4,9,23,11,14,9,9,12,13,13,13,2,9
2021-05-27,10,5,24,13,11,6,9,12,13,13,13,2,4
2021-05-28,4,11,24,10,12,9,9,13,13,11,8,5,8
2021-05-29,13,10,23,10,7,8,9,12,13,3,2,2,0
2021-05-30,12,7,24,3,14,0,0,2,5,3,3,2,0
2021-05-31,7,11,23,13,13,10,9,12,12,13,13,4,11
2021-06-01,10,12,23,11,13,10,12,12,13,12,11,2,6
2021-06-02,12,13,23,13,14,9,11,12,15,11,12,2,14
2021-06-03,10,9,24,12,13,9,13,12,13,11,12,2,7
2021-06-04,11,9,23,11,14,6,11,13,14,11,11,2,7
2021-06-05,11,11,24,5,11,8,12,11,14,4,8,2,3
2021-06-06,12,12,24,2,8,0,4,2,4,3,2,2,0
2021-06-07,10,10,23,11,15,9,12,12,13,13,13,2,8
2021-06-08,11,12,24,14,15,9,12,12,13,13,15,12,13
2021-06-09,16,13,24,12,13,9,12,13,13,13,12,8,12
2021-06-10,14,12,24,12,14,10,11,12,13,13,14,7,10
2021-06-11,5,12,24,14,16,11,12,13,13,12,13,12,11
2021-06-12,16,13,24,9,13,9,13,10,13,8,2,2,11
2021-06-13,17,12,24,3,12,0,4,3,5,3,15,2,11
2021-06-14,10,13,24,15,14,10,12,10,12,13,13,2,9
2021-06-15,13,12,24,14,14,10,11,13,13,13,14,8,9
2021-06-16,15,11,24,11,14,9,12,12,16,11,13,3,9
2021-06-17,10,10,24,10,13,6,12,13,13,13,13,2,10
2021-06-18,8,11,24,13,16,7,12,11,13,13,13,4,10
2021-06-19,10,12,24,4,5,11,13,10,12,3,2,2,3
2021-06-20,12,13,24,3,9,0,4,3,4,3,3,2,6
2021-06-21,12,15,24,11,14,11,13,10,13,13,13,5,11
2021-06-22,9,12,24,10,15,11,11,13,13,13,13,5,12
2021-06-23,14,12,23,9,14,10,12,11,14,12,13,4,13
2021-06-24,10,11,24,8,16,11,13,12,13,12,13,3,6
2021-06-25,10,15,24,10,15,11,12,13,14,12,13,6,12
2021-06-26,17,13,24,7,13,8,13,10,13,11,2,2,6
2021-06-27,16,14,24,2,12,0,4,2,4,8,10,2,8
2021-06-28,13,12,24,11,14,9,12,12,13,14,12,9,9
2021-06-29,12,13,24,9,15,11,13,12,14,14,10,8,8
2021-06-30,9,9,23,7,14,5,12,13,13,12,13,3,10
2021-07-01,10,10,24,6,13,9,12,13,13,11,10,6,12
2021-07-02,13,11,23,6,15,6,12,13,13,17,9,6,5
2021-07-03,15,14,24,5,9,7,13,11,12,9,2,2,9
2021-07-04,12,10,24,2,10,0,4,2,4,4,8,2,7
2021-07-05,11,11,24,14,15,5,12,11,13,12,9,2,12
2021-07-06,14,13,24,13,15,9,13,13,13,13,14,2,10
2021-07-07,16,12,24,15,14,10,12,13,14,13,15,10,10
2021-07-08,11,15,24,14,16,10,12,12,14,13,15,7,11
2021-07-09,8,12,24,15,15,9,12,13,13,15,15,5,9
2021-07-10,17,16,24,11,12,11,15,11,12,3,10,2,15
2021-07-11,17,14,24,3,12,0,4,2,4,8,12,4,9
2021-07-12,11,15,23,14,16,9,11,12,14,15,14,14,10
2021-07-13,14,15,24,15,17,11,13,12,15,13,15,14,14
2021-07-14,16,12,24,15,16,11,11,13,13,13,16,15,11
2021-07-15,13,12,24,15,16,11,12,12,14,16,15,12,14
2021-07-16,21,12,24,15,16,11,12,13,14,14,14,13,14
2021-07-17,17,13,24,11,14,6,14,10,13,3,2,2,13
2021-07-18,16,16,24,2,17,0,6,3,4,8,16,17,9
2021-07-19,16,12,24,16,17,11,14,11,12,12,14,14,15
2021-07-20,14,13,24,15,17,10,12,12,13,13,15,16,15
2021-07-21,16,15,24,15,16,10,12,12,14,13,15,15,16
2021-07-22,16,16,24,11,14,10,13,11,12,12,12,11,15
2021-07-23,16,14,24,10,15,11,15,12,16,4,11,12,14
2021-07-24,16,15,24,10,13,6,13,10,13,9,11,11,11
2021-07-25,17,16,18,4,13,0,5,3,4,10,13,11,12
2021-07-26,14,14,16,14,16,11,12,11,12,12,15,15,15
2021-07-27,16,14,24,15,16,11,13,12,14,12,14,14,13
2021-07-28,15,15,24,15,16,10,13,11,13,13,15,15,15
2021-07-29,14,14,24,15,17,12,14,13,14,12,14,14,17
2021-07-30,13,12,24,15,16,11,12,13,13,16,14,12,14
2021-07-31,15,14,24,11,12,10,13,11,13,11,10,4,9
2021-08-01,17,15,24,11,14,0,10,2,5,11,13,5,9
2021-08-02,14,14,24,14,17,12,14,12,12,13,15,16,13
2021-08-03,16,7,24,16,16,12,12,12,14,13,14,20,13
2021-08-04,15,13,24,14,15,11,12,13,14,13,15,19,11
2021-08-05,15,12,24,16,16,11,14,13,13,13,16,16,14
2021-08-06,15,14,24,14,17,11,14,13,13,14,13,18,14
2021-08-07,20,16,24,11,14,6,12,11,13,12,2,5,10
2021-08-08,17,12,24,2,11,6,7,2,4,8,14,4,9
2021-08-09,15,15,24,11,13,10,12,12,13,8,13,10,10
2021-08-10,15,15,24,15,15,11,14,13,15,13,14,16,14
2021-08-11,14,14,24,14,16,11,13,11,13,13,15,16,11
2021-08-12,15,13,24,15,16,9,13,12,13,13,14,13,8
2021-08-13,14,10,24,14,16,10,12,12,15,13,14,13,10
2021-08-14,15,7,24,3,12,11,14,12,13,4,3,2,8
2021-08-15,14,5,24,2,8,0,7,2,4,3,2,2,8
2021-08-16,9,7,23,13,14,11,14,11,12,15,6,2,4
2021-08-17,13,7,24,14,15,11,15,13,13,12,12,9,11
2021-08-18,14,15,24,15,17,10,14,12,13,14,15,11,11
2021-08-19,16,14,24,15,16,11,13,12,13,13,15,16,13
2021-08-20,13,13,24,15,16,11,13,12,13,15,13,15,10
2021-08-21,17,14,24,7,15,10,13,12,12,12,12,10,7
2021-08-22,16,12,24,3,12,0,9,2,5,15,13,9,10
2021-08-23,16,14,24,16,16,11,13,11,12,16,14,13,13
2021-08-24,14,13,24,15,17,10,13,13,13,15,15,16,11
2021-08-25,13,16,24,21,16,11,13,13,13,14,15,20,13
2021-08-26,17,14,24,15,16,11,13,13,15,16,15,18,10
2021-08-27,12,14,24,14,18,11,13,12,14,15,14,14,14
2021-08-28,16,14,24,11,15,9,13,11,13,11,2,16,10
2021-08-29,17,14,24,2,18,0,9,2,4,3,12,14,11
2021-08-30,14,15,24,14,17,11,13,11,12,15,15,15,13
2021-08-31,16,14,24,16,16,11,13,13,14,14,13,13,14
2021-09-01,11,14,24,14,15,7,12,12,13,15,13,11,6
2021-09-02,12,3,24,14,12,7,11,12,13,12,2,11,4
2021-09-03,9,6,24,13,13,11,11,11,13,13,3,2,2
2021-09-04,15,6,24,5,9,8,13,12,13,3,2,5,0
2021-09-05,12,4,24,3,7,0,4,2,5,3,2,2,0
2021-09-06,8,7,23,11,14,9,13,11,12,13,3,3,1
2021-09-07,8,6,24,12,13,10,12,13,15,12,2,4,1
2021-09-08,11,8,24,12,12,10,12,12,16,13,2,3,8
2021-09-09,12,7,24,10,13,10,13,12,15,12,4,3,4
2021-09-10,14,9,23,14,15,11,15,14,15,14,12,10,9
2021-09-11,14,9,24,10,9,9,13,12,12,9,2,2,9
2021-09-12,15,7,24,3,11,4,8,2,4,3,12,2,5
2021-09-13,15,9,24,14,15,13,13,12,15,14,14,9,11
2021-09-14,14,11,24,15,17,11,15,12,13,14,13,7,4
2021-09-15,15,8,24,14,16,10,14,15,16,10,12,10,12
2021-09-16,15,11,24,14,14,11,13,14,15,14,14,2,7
2021-09-17,12,14,24,14,15,10,13,15,15,13,10,8,8
2021-09-18,17,13,24,9,13,10,13,11,12,3,2,10,9
2021-09-19,16,13,24,5,12,0,5,2,4,6,3,2,10
2021-09-20,14,5,22,10,12,10,13,11,12,3,2,2,4
2021-09-21,14,10,24,12,14,11,13,13,13,14,11,10,8
2021-09-22,14,13,24,14,16,11,13,12,13,13,14,14,13
2021-09-23,16,14,24,2,13,9,13,10,13,11,12,16,8
2021-09-24,13,12,24,15,16,11,14,12,13,13,10,3,12
2021-09-25,13,6,24,8,8,9,13,11,12,3,2,6,9
2021-09-26,15,3,23,3,10,5,9,2,4,3,3,2,2
2021-09-27,10,9,24,10,13,11,13,11,12,14,2,7,0
2021-09-28,13,8,24,12,12,10,11,13,13,12,3,3,0
2021-09-29,13,10,24,13,15,10,12,13,13,13,10,6,8
2021-09-30,14,10,24,13,16,11,12,12,14,15,11,7,7
2021-10-01,7,5,23,11,12,9,10,12,14,9,2,2,3
2021-10-02,14,10,24,5,9,7,9,11,13,11,2,2,6
2021-10-03,15,4,24,2,10,0,6,2,4,10,3,2,9
2021-10-04,15,12,24,13,14,10,10,12,13,13,10,6,7
2021-10-05,16,9,24,13,15,11,9,11,13,13,9,10,10
2021-10-06,15,14,23,13,14,10,10,13,13,13,11,6,8
2021-10-07,12,9,23,12,14,10,10,12,13,11,11,5,5
2021-10-08,14,13,23,12,14,10,10,11,15,12,9,2,9
2021-10-09,14,12,20,8,9,6,10,9,12,10,2,2,10
2021-10-10,15,5,18,3,9,0,1,2,4,2,2,1,5
2021-10-11,14,11,24,12,13,10,10,12,13,14,11,6,10
2021-10-12,9,4,24,14,14,10,9,12,14,13,6,2,7
2021-10-13,6,3,24,6,13,8,9,11,14,10,3,2,1
2021-10-14,15,7,21,8,14,9,9,13,13,13,2,2,4
2021-10-15,14,5,23,9,16,11,9,13,13,12,6,2,6
2021-10-16,7,13,22,3,11,6,9,11,12,4,2,2,6
2021-10-17,10,4,24,2,9,0,2,3,5,3,2,2,2
2021-10-18,6,3,24,3,11,2,8,11,12,3,3,2,2
2021-10-19,11,4,24,2,7,0,8,13,13,3,2,2,1
2021-10-20,4,11,23,3,10,6,9,12,14,3,2,2,3
2021-10-21,13,11,23,2,11,4,9,11,14,3,3,2,0
2021-10-22,6,11,23,4,9,2,5,12,13,3,9,10,0
2021-10-23,11,16,23,3,4,3,8,12,12,3,3,9,0
2021-10-24,15,13,24,3,4,0,4,2,4,3,11,5,0
2021-10-25,5,10,23,13,9,1,6,11,13,3,11,11,0
2021-10-26,10,9,23,3,7,5,8,12,13,3,12,12,1
2021-10-27,11,14,24,10,4,5,8,12,13,3,10,8,0
2021-10-28,13,12,24,6,11,0,9,12,14,6,2,2,0
2021-10-29,11,8,24,8,7,5,9,12,14,3,8,8,0
2021-10-30,4,6,23,10,4,7,6,11,12,3,3,3,0
2021-10-31,13,15,21,3,4,0,0,2,4,3,10,10,0
2021-11-01,6,14,24,8,5,0,9,12,13,4,8,6,3
2021-11-02,4,13,23,5,7,0,9,12,12,3,11,12,0
2021-11-03,11,7,24,2,9,0,6,11,12,3,4,5,0
2021-11-04,7,11,24,7,6,7,9,12,13,3,11,10,2
2021-11-05,9,7,24,4,4,2,9,12,13,3,9,12,1
2021-11-06,6,17,24,5,8,0,6,10,12,7,3,4,1
2021-11-07,16,6,24,3,4,1,1,3,7,5,10,3,2
2021-11-08,11,12,24,6,5,0,9,11,12,3,4,11,7
2021-11-09,10,6,24,4,4,2,6,12,15,4,3,11,0
2021-11-10,12,10,24,4,5,0,8,12,13,2,2,2,1
2021-11-11,9,3,24,5,4,9,8,13,13,3,3,2,7
2021-11-12,10,11,24,5,5,0,9,11,13,3,2,3,3
2021-11-13,13,16,24,3,4,7,7,10,4,8,11,10,0
2021-11-14,14,16,24,3,5,0,2,3,5,6,9,2,0
2021-11-15,7,15,24,8,4,11,9,11,12,5,3,4,5
2021-11-16,9,7,24,5,5,8,6,11,13,3,2,2,4
2021-11-17,9,14,24,6,4,0,9,13,14,3,3,3,0
2021-11-18,13,12,24,8,5,5,7,12,13,3,5,11,0
2021-11-19,17,7,24,7,4,7,8,12,13,3,6,8,0
2021-11-20,10,6,24,11,5,0,7,10,8,5,2,2,0
2021-11-21,15,16,24,2,4,0,0,3,4,3,12,4,0
2021-11-22,13,13,24,7,8,0,7,11,12,5,7,11,4
2021-11-23,11,12,24,9,4,0,5,11,12,3,2,8,1
2021-11-24,16,13,24,10,5,0,8,11,13,3,13,13,10
2021-11-25,13,16,24,7,5,0,9,11,13,3,3,9,7
2021-11-26,13,15,24,8,4,0,6,12,13,3,8,16,1
2021-11-27,16,14,24,9,7,1,1,11,12,3,3,6,1
2021-11-28,16,16,24,2,13,0,0,2,4,3,10,3,1
2021-11-29,15,14,24,13,11,0,2,10,12,3,12,14,0
2021-11-30,15,3,24,12,10,0,6,10,13,3,8,14,0
2021-12-01,11,10,24,10,8,0,8,12,13,3,4,16,1
2021-12-02,15,15,24,6,7,2,4,11,13,3,12,19,0
2021-12-03,11,16,24,2,7,0,8,13,13,3,10,10,0
2021-12-04,18,16,24,10,5,0,7,10,12,3,3,16,0
2021-12-05,16,16,23,3,13,0,0,3,4,3,11,20,0
2021-12-06,14,15,24,12,11,0,0,10,12,4,13,15,0
2021-12-07,15,15,24,6,8,0,0,11,14,3,8,13,6
2021-12-08,16,16,24,14,6,0,0,12,13,3,12,14,9
2021-12-09,14,15,24,6,7,0,0,12,15,2,11,19,1
2021-12-10,14,14,24,13,6,0,0,11,13,3,10,18,1
2021-12-11,17,15,24,9,12,0,0,11,12,3,2,13,4
2021-12-12,16,17,24,3,14,0,0,2,4,3,11,11,11
2021-12-13,12,14,24,14,13,0,0,9,12,7,12,15,3
2021-12-14,13,15,24,9,15,0,2,11,13,3,11,15,1
2021-12-15,15,16,24,9,15,0,7,11,13,3,15,18,2
2021-12-16,15,13,24,11,9,0,4,11,13,4,12,11,0
2021-12-17,14,15,24,11,10,0,0,12,15,3,11,10,7
2021-12-18,16,16,24,10,14,0,1,8,11,5,9,8,9
2021-12-19,17,16,23,3,13,0,0,2,4,13,13,12,1
2021-12-20,12,15,23,14,15,0,6,10,10,3,15,14,3
2021-12-21,14,15,24,11,17,0,1,9,13,3,14,13,2
2021-12-22,16,16,24,14,16,0,0,11,13,3,14,14,1
2021-12-23,14,15,24,14,14,0,0,10,12,3,11,13,4
2021-12-24,12,15,24,9,8,0,2,10,13,4,11,12,3
2021-12-25,18,16,24,11,14,0,0,9,11,13,12,21,10
2021-12-26,14,17,23,3,14,0,0,2,4,3,14,16,9
2021-12-27,11,15,22,13,16,0,9,9,11,5,15,17,3
2021-12-28,15,16,23,14,15,0,7,8,10,5,13,12,7
2021-12-29,5,23,22,3,11,0,9,6,11,17,6,10,15
2021-12-30,5,3,21,2,5,0,0,2,5,5,8,10,2
2021-12-31,4,3,19,3,4,0,0,3,4,3,3,2,2
2022-01-01,5,4,17,3,5,0,0,2,4,3,2,2,1
2022-01-02,4,3,16,2,7,0,0,2,4,4,3,3,1
2022-01-03,5,3,18,3,10,0,0,2,5,4,2,2,1
2022-01-04,15,15,19,16,16,2,9,3,4,14,15,15,4
2022-01-05,16,17,22,15,16,7,11,2,4,15,16,17,8
2022-01-06,16,14,21,15,16,4,9,6,8,14,14,20,14
2022-01-07,16,15,21,14,18,4,9,8,9,14,14,15,12
2022-01-08,18,17,22,11,12,0,0,4,9,8,11,16,18
2022-01-09,17,16,21,2,14,0,0,2,5,4,14,14,17
2022-01-10,18,17,24,10,15,3,7,8,10,9,14,9,11
2022-01-11,14,16,24,14,16,5,9,10,12,12,14,14,7
2022-01-12,16,16,23,13,17,0,9,10,11,3,15,15,6
2022-01-13,16,15,24,13,17,1,8,9,12,13,14,14,6
2022-01-14,16,15,24,14,17,0,10,10,13,14,13,13,15
2022-01-15,16,16,23,11,14,0,10,7,10,3,3,3,11
2022-01-16,16,16,23,3,12,0,0,2,4,13,16,5,9
2022-01-17,16,16,24,11,16,4,9,8,11,12,14,14,1
2022-01-18,15,16,24,15,17,1,4,9,12,13,16,16,4
2022-01-19,15,15,23,12,16,1,9,10,11,13,15,21,2
2022-01-20,15,17,23,13,16,1,11,9,11,13,14,14,14
2022-01-21,16,15,23,16,18,3,10,9,12,5,14,13,11
2022-01-22,16,16,24,10,13,0,7,2,10,9,11,3,11
2022-01-23,16,16,23,3,15,0,0,3,5,7,15,12,10
2022-01-24,15,15,24,13,16,4,11,7,10,3,15,15,7
2022-01-25,16,16,24,14,14,2,9,8,11,5,15,15,9
2022-01-26,16,16,24,13,14,4,9,9,12,3,14,15,6
2022-01-27,15,15,24,15,13,1,4,11,12,3,12,12,8
2022-01-28,13,15,24,13,12,1,4,10,12,13,16,15,3
2022-01-29,17,16,23,11,15,2,8,10,10,3,10,4,13
2022-01-30,16,17,24,2,12,0,0,3,4,3,17,14,11
2022-01-31,12,16,22,15,16,2,9,7,11,4,13,13,8
2022-02-01,15,16,24,12,15,2,9,10,11,3,14,14,8
2022-02-02,15,17,23,14,15,1,8,10,13,3,16,20,6
2022-02-03,17,16,23,13,17,0,6,10,13,3,13,13,4
2022-02-04,15,15,23,13,16,0,9,10,13,3,13,14,1
2022-02-05,17,16,23,12,12,0,1,2,10,4,14,20,1
2022-02-06,17,16,23,2,12,0,0,3,4,7,13,14,11
2022-02-07,16,15,22,14,16,0,9,8,10,3,16,18,11
2022-02-08,15,15,23,13,17,0,9,8,11,5,14,20,13
2022-02-09,17,15,23,14,17,0,9,9,11,3,16,15,3
2022-02-10,16,15,24,15,16,2,9,10,12,12,14,16,4
2022-02-11,16,16,23,11,13,4,7,8,10,8,15,6,11
2022-02-12,17,16,23,11,13,7,10,2,10,6,11,12,11
2022-02-13,16,16,23,3,15,0,0,3,4,10,13,13,12
2022-02-14,18,15,22,13,17,6,9,7,9,4,15,15,13
2022-02-15,16,16,23,14,16,4,9,9,12,3,14,17,13
2022-02-16,16,16,24,8,18,2,9,9,12,3,14,16,9
2022-02-17,17,15,24,14,17,1,10,10,13,4,13,15,14
2022-02-18,15,15,19,11,18,0,2,11,13,3,13,16,12
2022-02-19,19,16,14,11,14,0,0,8,11,5,11,14,9
2022-02-20,17,16,14,2,14,0,0,2,4,9,18,16,10
2022-02-21,16,15,17,13,18,6,9,9,10,4,11,13,8
2022-02-22,16,15,24,14,17,2,8,9,11,13,15,17,1
2022-02-23,16,16,23,11,14,8,8,8,4,6,14,16,9
2022-02-24,16,15,22,14,17,3,9,8,11,3,14,14,7
2022-02-25,16,14,23,15,15,4,8,10,13,4,13,14,4
2022-02-26,17,17,24,11,14,7,5,8,11,14,10,18,1
2022-02-27,14,16,23,2,13,0,0,3,5,12,13,12,1
2022-02-28,11,14,23,12,13,0,0,9,10,3,13,13,1
2022-03-01,11,15,24,10,7,0,0,10,13,3,15,15,2
2022-03-02,14,15,24,11,7,0,0,11,14,3,14,13,1
2022-03-03,16,15,24,10,7,0,0,12,13,3,14,14,1
2022-03-04,16,15,24,14,7,1,0,11,13,4,13,14,2
2022-03-05,17,17,24,10,4,0,0,9,12,6,11,10,1
2022-03-06,15,16,23,3,13,0,0,2,5,4,11,11,4
2022-03-07,11,15,23,11,11,0,0,8,11,3,5,14,1
2022-03-08,16,16,24,8,12,2,9,9,13,3,12,12,8
2022-03-09,12,15,23,6,10,0,0,11,13,3,16,16,1
2022-03-10,16,15,23,6,8,0,0,10,13,4,9,12,8
2022-03-11,8,15,24,5,4,0,0,12,13,3,11,11,1
2022-03-12,8,15,24,7,5,0,0,8,12,5,3,2,1
2022-03-13,9,14,24,3,5,0,0,3,5,4,2,2,2
2022-03-14,5,13,24,4,4,0,0,10,12,3,3,3,1
2022-03-15,10,17,24,6,5,1,1,11,13,4,14,13,1
2022-03-16,8,11,24,4,4,0,5,12,13,3,3,12,1
2022-03-17,6,15,24,4,5,3,8,12,13,3,3,11,1
2022-03-18,15,16,24,5,4,0,0,11,13,3,13,14,13
2022-03-19,8,15,23,5,5,0,0,10,12,5,13,10,1
2022-03-20,16,15,23,3,6,0,0,2,4,5,13,13,1
2022-03-21,16,10,23,8,10,0,0,10,12,5,10,10,2
2022-03-22,16,15,23,9,4,6,0,11,12,3,16,15,3
2022-03-23,11,14,22,11,5,0,0,9,10,3,16,14,1
2022-03-24,15,14,23,9,4,0,0,10,13,4,12,12,1
2022-03-25,15,16,24,7,5,0,0,12,13,3,11,10,1
2022-03-26,16,12,24,8,4,0,0,11,13,3,2,3,1
2022-03-27,12,15,24,2,5,0,0,2,5,6,3,2,1
2022-03-28,9,15,24,7,4,0,0,11,12,3,12,11,1
2022-03-29,7,13,24,6,5,0,0,12,13,3,12,13,1
2022-03-30,10,14,24,7,4,0,4,12,14,3,4,4,1
2022-03-31,10,9,23,4,5,0,7,12,14,4,3,2,1
2022-04-01,10,16,22,6,5,0,1,12,14,3,13,14,2
2022-04-02,9,16,23,12,4,0,1,8,12,3,9,9,6
2022-04-03,17,16,24,2,5,0,0,3,5,12,11,12,10
2022-04-04,15,16,23,12,4,2,0,10,11,3,12,11,7
2022-04-05,13,16,24,9,5,0,4,10,15,4,12,11,9
2022-04-06,13,15,24,3,4,0,8,14,14,3,11,3,1
2022-04-07,12,10,24,6,5,0,8,11,16,3,2,2,1
2022-04-08,8,11,24,3,4,0,7,13,13,3,2,2,1
2022-04-09,5,6,24,3,5,1,7,10,12,3,3,2,2
2022-04-10,9,3,23,3,4,0,4,3,4,3,6,4,9
2022-04-11,4,6,22,2,4,9,9,10,13,4,2,2,3
2022-04-12,10,3,23,3,6,9,9,13,13,11,9,4,6
2022-04-13,9,9,23,6,10,10,9,13,13,10,8,5,1
2022-04-14,9,13,24,7,4,5,2,12,13,3,2,2,0
2022-04-15,12,15,24,2,4,0,2,11,13,3,2,2,0
2022-04-16,5,14,24,3,4,0,2,10,11,3,2,3,6
2022-04-17,6,12,24,2,4,0,0,2,4,3,3,2,0
2022-04-18,14,11,24,3,4,7,6,11,12,3,2,2,0
2022-04-19,7,6,24,2,4,7,8,12,13,3,3,2,2
2022-04-20,16,15,24,3,4,4,6,13,15,3,9,9,0
2022-04-21,7,8,24,2,4,7,8,12,14,4,2,2,1
2022-04-22,5,3,23,7,8,9,9,13,15,10,2,2,3
2022-04-23,6,6,23,3,4,8,9,10,11,3,3,3,0
2022-04-24,4,5,24,2,4,0,0,3,4,3,2,2,0
2022-04-25,4,10,23,8,10,9,9,11,12,12,5,2,5
2022-04-26,10,3,22,14,11,9,9,11,14,10,6,3,2
2022-04-27,8,8,23,14,12,9,9,13,13,11,14,2,7
2022-04-28,5,3,24,13,12,4,9,14,15,3,10,2,4
2022-04-29,4,11,23,3,5,10,9,12,14,3,3,2,0
2022-04-30,6,4,24,2,6,1,8,10,12,3,2,3,0
2022-05-01,12,13,23,3,5,0,0,3,5,3,8,7,0
2022-05-02,5,14,24,2,4,10,9,11,12,3,3,2,0
2022-05-03,7,7,24,2,5,7,9,11,12,3,2,2,0
2022-05-04,4,10,23,3,4,8,6,11,12,3,2,3,0
2022-05-05,5,3,23,3,5,11,9,11,12,3,3,2,0
2022-05-06,4,3,23,8,9,9,6,11,12,12,10,2,7
2022-05-07,5,10,24,5,4,4,10,10,12,3,2,2,0
2022-05-08,4,10,24,2,5,0,0,2,4,3,2,2,1
2022-05-09,8,13,24,9,4,2,8,12,12,3,3,3,0
2022-05-10,4,5,24,8,6,10,10,12,13,11,2,2,4
2022-05-11,5,5,24,10,8,9,9,11,13,9,3,2,3
2022-05-12,4,4,22,8,11,9,10,13,14,10,8,2,8
2022-05-13,4,3,24,8,12,9,9,12,13,8,2,3,5
2022-05-14,11,5,22,4,5,5,9,11,12,3,3,2,6
2022-05-15,5,6,24,3,4,0,0,2,4,4,2,2,0
2022-05-16,9,7,24,4,6,4,9,11,12,3,2,2,2
2022-05-17,4,3,23,8,6,0,9,13,13,4,2,3,0
2022-05-18,6,7,23,7,10,9,10,12,13,10,3,2,2
2022-05-19,4,4,23,12,12,10,10,12,13,9,4,2,5
2022-05-20,6,5,23,13,13,10,9,13,14,9,9,2,10
2022-05-21,6,6,23,11,5,7,9,11,13,5,2,2,2
2022-05-22,6,6,22,2,4,0,0,2,4,3,3,2,0
2022-05-23,5,9,21,8,12,9,10,12,13,12,10,2,8
2022-05-24,10,10,23,9,14,10,10,13,13,12,12,2,8
2022-05-25,14,12,21,5,12,10,9,13,13,3,12,2,9
2022-05-26,4,10,24,11,15,10,10,13,13,11,13,2,5
2022-05-27,5,10,24,10,14,9,9,13,13,10,13,2,7
2022-05-28,9,12,23,9,7,9,7,11,12,5,2,3,4
2022-05-29,15,10,23,3,9,0,3,2,4,10,9,2,5
2022-05-30,10,11,23,12,14,10,10,12,13,14,13,7,10
2022-05-31,4,9,22,10,14,10,9,12,13,13,12,2,7
2022-06-01,9,11,24,10,13,10,12,13,14,12,10,2,5
2022-06-02,12,10,22,6,14,10,13,12,13,12,15,10,7
2022-06-03,8,12,24,13,12,10,12,12,14,13,12,3,8
2022-06-04,13,12,22,11,5,8,13,10,11,9,2,4,0
2022-06-05,10,13,21,3,6,0,4,3,4,5,10,2,0
2022-06-06,4,3,24,7,13,1,11,11,13,4,2,2,5
2022-06-07,4,3,24,6,10,10,12,12,13,11,12,2,2
2022-06-08,4,4,23,6,6,9,13,11,13,3,2,2,9
2022-06-09,4,9,23,7,10,11,13,13,13,10,10,2,3
2022-06-10,8,7,23,8,11,10,12,13,13,11,9,3,6
2022-06-11,14,10,21,9,4,8,14,10,13,3,2,2,8
2022-06-12,15,13,23,3,9,0,4,3,4,4,3,2,7
2022-06-13,5,8,23,10,14,11,13,10,12,11,12,7,7
2022-06-14,4,4,24,8,11,5,11,13,13,3,12,3,1
2022-06-15,5,4,23,6,14,0,13,12,13,3,2,2,4
2022-06-16,4,6,23,9,12,5,12,13,14,10,7,1,2
2022-06-17,7,3,22,12,13,10,12,12,14,12,14,8,7
2022-06-18,11,14,22,9,5,7,11,11,12,7,3,2,9
2022-06-19,16,13,23,3,10,0,4,3,4,8,12,2,10
2022-06-20,15,14,23,14,14,11,13,11,13,13,14,15,13
2022-06-21,12,14,23,14,14,10,13,13,14,13,13,13,10
2022-06-22,13,11,23,12,14,11,13,13,13,6,14,14,10
2022-06-23,10,9,23,15,14,11,13,12,14,14,15,9,0
2022-06-24,14,12,23,15,15,11,12,12,13,13,14,13,2
2022-06-25,17,16,24,11,12,9,13,12,12,10,2,12,10
2022-06-26,16,14,24,2,12,0,4,2,4,6,15,10,12
2022-06-27,13,14,24,14,17,11,13,12,14,12,14,14,13
2022-06-28,17,16,24,13,13,11,13,12,13,16,15,17,16
2022-06-29,16,14,24,14,16,11,13,11,13,15,14,12,14
2022-06-30,15,15,24,15,14,11,12,13,14,17,16,18,13
2022-07-01,16,15,24,15,17,10,12,12,13,13,13,12,15
2022-07-02,16,14,24,10,13,10,13,10,13,4,2,2,12
2022-07-03,17,15,24,3,16,1,6,4,6,11,16,14,8
2022-07-04,15,14,24,14,15,9,12,12,13,14,14,13,11
2022-07-05,16,14,24,16,16,10,12,13,13,13,14,15,14
2022-07-06,17,15,23,15,15,11,13,13,14,12,14,15,15
2022-07-07,14,12,24,15,15,11,13,12,13,13,14,15,13
2022-07-08,14,13,23,14,16,11,13,12,13,11,13,12,5
2022-07-09,17,16,23,11,14,9,12,12,13,3,3,13,12
2022-07-10,16,16,22,3,12,0,6,2,4,14,13,5,7
2022-07-11,15,13,23,15,15,11,14,11,14,13,14,14,9
2022-07-12,15,13,24,15,15,11,13,13,14,13,14,16,12
2022-07-13,14,10,23,14,14,11,13,11,14,11,12,13,10
2022-07-14,11,14,22,15,16,11,13,12,13,13,12,10,9
2022-07-15,15,11,23,14,14,10,13,13,14,13,7,5,7
2022-07-16,13,12,21,7,12,8,13,11,12,5,7,2,13
2022-07-17,16,17,23,2,12,0,5,2,5,3,10,5,14
2022-07-18,16,15,23,11,15,9,13,12,13,10,13,12,14
2022-07-19,16,14,23,14,16,10,13,13,13,13,12,12,11
2022-07-20,16,16,24,13,14,11,13,13,13,16,15,15,13
2022-07-21,15,12,24,15,16,11,13,12,13,12,16,16,16
2022-07-22,16,15,23,14,19,11,14,12,13,17,12,13,9
2022-07-23,17,17,24,7,13,10,13,11,13,11,2,9,15
2022-07-24,16,18,23,2,14,0,6,2,4,3,14,14,15
2022-07-25,16,16,24,14,16,11,13,11,12,13,15,15,16
2022-07-26,16,13,24,15,14,11,13,13,13,14,15,16,15
2022-07-27,16,15,21,14,16,11,13,11,14,12,15,15,14
2022-07-28,15,15,24,15,16,11,13,13,13,13,15,16,13
2022-07-29,17,14,22,15,20,11,14,12,13,17,12,13,5
2022-07-30,16,16,24,11,13,10,13,11,12,14,2,17,15
2022-07-31,17,16,24,3,13,3,10,3,4,10,14,13,11
