,EHPK-1,EHPK-2,GHEX-1,GHEX-2,GHEX-3,GHEX-4
2018-04-01,0,1,2,1,1,2
2018-04-02,0,1,1,2,2,1
2018-04-03,0,1,1,1,1,1
2018-04-04,0,1,2,1,1,1
2018-04-05,0,1,2,4,1,2
2018-04-06,0,2,1,1,2,1
2018-04-07,0,1,1,1,1,1
2018-04-08,0,1,2,1,1,1
2018-04-09,0,1,1,4,1,3
2018-04-10,3,1,2,3,1,2
2018-04-11,5,1,2,1,1,1
2018-04-12,5,2,2,1,2,1
2018-04-13,4,1,1,1,1,1
2018-04-14,3,1,1,1,1,1
2018-04-15,3,1,2,1,1,2
2018-04-16,3,1,1,2,1,1
2018-04-17,4,1,2,11,2,1
2018-04-18,3,2,1,6,1,4
2018-04-19,4,1,2,3,1,1
2018-04-20,7,1,1,1,1,1
2018-04-21,6,1,1,1,1,1
2018-04-22,3,1,2,1,2,2
2018-04-23,4,1,1,1,1,1
2018-04-24,8,2,2,1,1,1
2018-04-25,5,1,1,2,1,1
2018-04-26,5,1,2,1,1,2
2018-04-27,8,1,1,1,2,1
2018-04-28,3,1,1,1,1,1
2018-04-29,3,1,2,1,1,1
2018-04-30,3,1,1,1,1,1
2018-05-01,10,2,1,6,3,4
2018-05-02,10,1,3,1,1,1
2018-05-03,3,1,1,1,0,1
2018-05-04,4,1,2,1,1,1
2018-05-05,3,1,1,1,1,1
2018-05-06,3,1,1,0,1,1
2018-05-07,6,1,2,1,1,1
2018-05-08,4,2,1,1,1,1
2018-05-09,3,1,2,2,1,1
2018-05-10,4,1,1,1,1,1
2018-05-11,5,1,2,1,1,2
2018-05-12,3,1,1,0,1,0
2018-05-13,7,1,1,1,1,1
2018-05-14,10,2,2,4,1,2
2018-05-15,10,1,2,6,3,2
2018-05-16,11,1,2,7,4,2
2018-05-17,11,1,3,7,7,3
2018-05-18,13,1,3,8,7,4
2018-05-19,9,1,2,1,0,1
2018-05-20,4,1,1,1,1,1
2018-05-21,11,2,2,3,2,3
2018-05-22,11,1,3,4,1,2
2018-05-23,11,1,2,1,1,1
2018-05-24,11,1,3,1,1,2
2018-05-25,12,1,3,3,4,3
2018-05-26,10,1,1,1,1,1
2018-05-27,6,2,2,1,1,1
2018-05-28,12,1,2,1,1,2
2018-05-29,11,1,3,3,4,3
2018-05-30,12,1,3,1,1,2
2018-05-31,12,1,2,1,1,1
2018-06-01,12,1,3,4,1,2
2018-06-02,10,2,1,1,1,1
2018-06-03,3,1,2,1,1,1
2018-06-04,12,1,3,8,7,4
2018-06-05,12,2,4,6,6,3
2018-06-06,12,1,3,1,1,2
2018-06-07,11,1,5,6,5,3
2018-06-08,12,2,3,8,6,4
2018-06-09,11,1,1,1,1,1
2018-06-10,3,1,2,0,1,1
2018-06-11,9,2,2,1,1,1
2018-06-12,10,1,3,1,1,1
2018-06-13,12,1,2,1,1,2
2018-06-14,10,1,3,1,1,1
2018-06-15,6,2,2,1,1,1
2018-06-16,3,1,1,1,1,1
2018-06-17,3,1,2,1,1,1
2018-06-18,8,1,1,1,1,1
2018-06-19,11,1,2,7,3,2
2018-06-20,12,2,2,1,1,1
2018-06-21,11,1,3,1,1,1
2018-06-22,11,1,3,9,7,3
2018-06-23,11,1,1,1,1,1
2018-06-24,13,2,2,1,2,1
2018-06-25,13,1,7,9,9,3
2018-06-26,12,1,8,10,9,4
2018-06-27,13,1,10,11,11,9
2018-06-28,12,1,10,12,11,10
2018-06-29,12,2,10,10,11,10
2018-06-30,10,2,1,1,1,1
2018-07-01,7,1,2,1,1,1
2018-07-02,13,7,9,11,11,10
2018-07-03,12,6,11,10,10,10
2018-07-04,13,2,10,12,11,10
2018-07-05,13,2,9,10,11,10
2018-07-06,12,2,4,3,1,1
2018-07-07,10,1,1,1,1,1
2018-07-08,11,1,1,1,0,1
2018-07-09,13,2,10,10,11,7
2018-07-10,13,5,11,10,10,7
2018-07-11,13,4,10,11,10,8
2018-07-12,12,3,8,10,10,10
2018-07-13,13,3,11,11,12,10
2018-07-14,10,4,1,0,1,1
2018-07-15,8,1,1,1,1,1
2018-07-16,7,1,2,1,0,1
2018-07-17,13,5,5,6,5,5
2018-07-18,13,1,4,5,6,5
2018-07-19,13,1,5,3,4,3
2018-07-20,13,1,6,6,6,4
2018-07-21,11,1,2,1,1,1
2018-07-22,10,1,1,1,1,1
2018-07-23,13,1,3,3,3,3
2018-07-24,13,1,10,10,10,9
2018-07-25,13,1,9,12,12,6
2018-07-26,12,1,11,10,10,6
2018-07-27,12,1,9,10,10,5
2018-07-28,8,2,2,1,1,1
2018-07-29,7,1,1,1,1,1
2018-07-30,13,1,11,10,10,6
2018-07-31,13,1,10,10,11,7
2018-08-01,13,1,10,11,12,6
2018-08-02,13,1,11,10,10,6
2018-08-03,12,1,9,11,10,9
2018-08-04,9,1,2,1,1,0
2018-08-05,10,1,1,1,1,1
2018-08-06,13,1,10,10,10,11
2018-08-07,13,1,3,4,1,1
2018-08-08,12,2,7,6,4,5
2018-08-09,12,1,9,9,10,4
2018-08-10,15,1,11,11,11,9
2018-08-11,7,1,1,1,1,1
2018-08-12,7,1,2,1,1,1
2018-08-13,13,1,10,10,10,6
2018-08-14,13,1,9,11,10,8
2018-08-15,13,1,11,10,10,8
2018-08-16,13,1,10,12,10,9
2018-08-17,12,1,7,9,11,6
2018-08-18,6,1,2,1,0,1
2018-08-19,8,2,1,1,1,1
2018-08-20,13,1,4,10,9,4
2018-08-21,13,1,10,10,11,6
2018-08-22,11,1,10,10,10,9
2018-08-23,13,1,11,11,12,8
2018-08-24,12,1,10,10,10,9
2018-08-25,9,1,1,1,1,1
2018-08-26,8,1,1,1,1,1
2018-08-27,13,1,10,10,10,8
2018-08-28,13,1,11,10,10,11
2018-08-29,12,1,10,10,10,10
2018-08-30,13,2,10,10,11,12
2018-08-31,16,1,10,10,10,10
2018-09-01,10,1,1,1,1,1
2018-09-02,6,1,2,1,1,1
2018-09-03,13,1,6,4,5,4
2018-09-04,12,1,9,10,12,5
2018-09-05,13,1,11,10,10,8
2018-09-06,12,1,10,11,11,9
2018-09-07,13,1,10,10,11,10
2018-09-08,7,2,1,1,1,1
2018-09-09,8,1,2,1,1,1
2018-09-10,13,1,9,11,10,10
2018-09-11,11,1,4,2,1,1
2018-09-12,12,1,3,1,1,1
2018-09-13,12,1,5,4,3,3
2018-09-14,13,1,4,1,1,1
2018-09-15,6,1,1,1,1,1
2018-09-16,6,2,2,1,1,1
2018-09-17,7,1,1,1,1,1
2018-09-18,12,1,9,8,8,3
2018-09-19,12,1,4,5,1,2
2018-09-20,13,1,3,1,1,1
2018-09-21,10,1,2,1,1,2
2018-09-22,6,1,1,1,1,0
2018-09-23,7,1,2,1,1,1
2018-09-24,6,2,1,1,1,1
2018-09-25,12,1,4,1,1,2
2018-09-26,8,1,2,1,1,1
2018-09-27,7,1,1,1,1,1
2018-09-28,11,1,2,1,1,1
2018-09-29,5,1,2,1,1,1
2018-09-30,5,1,1,0,1,1
2018-10-01,13,2,6,10,9,3
2018-10-02,11,1,3,4,1,2
2018-10-03,11,1,2,1,1,1
2018-10-04,10,1,3,1,1,1
2018-10-05,11,1,2,1,1,1
2018-10-06,7,1,1,1,1,1
2018-10-07,7,1,2,1,1,1
2018-10-08,6,2,1,1,1,1
2018-10-09,13,1,3,1,1,2
2018-10-10,12,1,2,2,1,2
2018-10-11,11,1,3,1,1,1
2018-10-12,11,1,2,1,1,1
2018-10-13,7,1,2,1,0,1
2018-10-14,4,1,1,1,1,1
2018-10-15,8,2,2,1,1,1
2018-10-16,6,1,1,1,1,1
2018-10-17,7,1,2,1,1,1
2018-10-18,7,1,1,1,1,1
2018-10-19,7,1,1,1,1,1
2018-10-20,3,1,2,1,1,1
2018-10-21,3,1,1,1,1,1
2018-10-22,5,2,2,1,1,1
2018-10-23,5,1,1,1,1,2
2018-10-24,6,1,2,1,1,1
2018-10-25,6,1,1,1,1,1
2018-10-26,6,1,2,1,1,1
2018-10-27,3,2,1,1,1,1
2018-10-28,3,1,1,1,1,1
2018-10-29,7,1,2,1,1,1
2018-10-30,6,1,1,1,1,1
2018-10-31,5,1,2,1,1,1
2018-11-01,4,1,1,1,1,1
2018-11-02,4,1,2,1,1,1
2018-11-03,3,2,1,1,1,1
2018-11-04,3,1,1,1,1,1
2018-11-05,3,1,2,1,1,1
2018-11-06,5,1,1,1,1,1
2018-11-07,5,1,2,1,1,1
2018-11-08,3,1,1,1,1,1
2018-11-09,5,2,2,1,1,1
2018-11-10,3,1,1,1,1,1
2018-11-11,3,1,1,1,1,1
2018-11-12,4,1,2,1,1,1
2018-11-13,3,1,2,1,1,1
2018-11-14,4,1,1,1,1,1
2018-11-15,3,2,2,1,1,1
2018-11-16,3,1,1,1,1,1
2018-11-17,3,1,2,1,1,1
2018-11-18,3,1,1,1,1,1
2018-11-19,3,1,2,1,1,1
2018-11-20,3,2,1,1,1,1
2018-11-21,3,1,2,1,1,1
2018-11-22,3,1,1,1,1,1
2018-11-23,2,1,1,1,0,1
2018-11-24,4,2,11,1,1,2
2018-11-25,4,1,2,1,1,1
2018-11-26,8,2,6,4,3,4
2018-11-27,7,1,6,3,3,4
2018-11-28,3,1,5,3,2,4
2018-11-29,3,2,7,5,2,7
2018-11-30,8,1,6,4,3,6
2018-12-01,3,2,2,1,2,2
2018-12-02,4,1,2,1,1,1
2018-12-03,8,2,6,3,2,4
2018-12-04,3,1,5,4,1,4
2018-12-05,3,1,2,1,1,1
2018-12-06,8,2,9,10,4,11
2018-12-07,4,1,6,4,3,5
2018-12-08,3,2,2,1,1,1
2018-12-09,3,1,2,1,1,1
2018-12-10,12,2,9,10,10,11
2018-12-11,13,1,11,10,12,11
2018-12-12,13,2,10,11,10,10
2018-12-13,13,1,9,11,11,12
2018-12-14,15,2,10,10,10,10
2018-12-15,3,1,2,1,2,1
2018-12-16,7,2,1,1,1,1
2018-12-17,13,1,10,11,10,12
2018-12-18,13,1,11,11,12,10
2018-12-19,13,2,9,11,11,10
2018-12-20,12,1,10,6,8,11
2018-12-21,13,2,10,7,9,11
2018-12-22,6,1,2,2,2,1
2018-12-23,4,2,2,1,1,1
2018-12-24,3,1,1,1,1,1
2018-12-25,13,2,11,10,10,11
2018-12-26,13,1,11,10,11,11
2018-12-27,12,2,10,11,11,12
2018-12-28,13,1,10,10,10,10
2018-12-29,4,2,2,2,2,1
2018-12-30,3,1,1,1,1,1
2018-12-31,3,2,2,1,1,2
2019-01-01,4,1,2,1,1,1
2019-01-02,3,2,1,1,1,1
2019-01-03,3,1,2,2,2,1
2019-01-04,12,1,11,10,11,12
2019-01-05,4,2,2,1,1,1
2019-01-06,3,1,2,2,1,1
2019-01-07,13,2,9,10,11,10
2019-01-08,13,1,10,11,10,11
2019-01-09,13,2,11,11,10,11
2019-01-10,13,1,10,10,12,11
2019-01-11,13,2,10,12,11,10
2019-01-12,7,1,2,1,1,2
2019-01-13,3,2,2,1,1,1
2019-01-14,4,1,2,1,1,1
2019-01-15,11,2,10,11,11,10
2019-01-16,13,1,10,11,11,11
2019-01-17,13,2,10,11,10,10
2019-01-18,13,1,10,11,10,11
2019-01-19,13,2,1,1,1,1
2019-01-20,8,1,2,1,1,1
2019-01-21,13,2,10,10,11,11
2019-01-22,13,1,10,10,10,10
2019-01-23,13,1,10,10,11,12
2019-01-24,12,2,10,10,10,10
2019-01-25,13,1,10,11,12,10
2019-01-26,7,2,1,1,1,2
2019-01-27,5,1,2,1,1,1
2019-01-28,13,2,11,11,11,10
2019-01-29,13,1,9,10,11,12
2019-01-30,13,2,10,10,10,10
2019-01-31,13,1,10,11,12,10
2019-02-01,13,2,10,10,11,11
2019-02-02,3,1,2,1,1,1
2019-02-03,11,2,2,2,1,1
2019-02-04,12,1,6,5,5,6
2019-02-05,13,1,10,12,11,10
2019-02-06,13,2,10,10,11,11
2019-02-07,12,1,10,8,8,10
2019-02-08,12,2,10,10,10,10
2019-02-09,3,1,2,1,1,1
2019-02-10,3,2,1,1,2,1
2019-02-11,3,1,2,2,1,2
2019-02-12,13,2,10,10,10,10
2019-02-13,12,1,10,11,11,10
2019-02-14,13,2,10,12,10,11
2019-02-15,13,1,10,10,10,10
2019-02-16,8,2,2,2,1,1
2019-02-17,3,1,2,1,1,1
2019-02-18,13,1,9,11,11,11
2019-02-19,13,2,11,11,12,10
2019-02-20,11,1,6,4,3,5
2019-02-21,13,2,9,6,7,11
2019-02-22,12,1,10,8,7,11
2019-02-23,3,2,2,1,1,1
2019-02-24,3,1,1,1,1,1
2019-02-25,10,1,9,5,5,8
2019-02-26,9,2,9,12,7,10
2019-02-27,13,1,11,11,11,10
2019-02-28,12,2,11,10,12,11
2019-03-01,15,1,9,10,7,11
2019-03-02,8,2,2,1,1,1
2019-03-03,4,1,1,2,1,1
2019-03-04,11,2,10,10,10,11
2019-03-05,12,1,10,9,7,12
2019-03-06,12,2,11,7,7,9
2019-03-07,12,1,9,10,11,11
2019-03-08,12,1,10,11,12,11
2019-03-09,5,2,2,2,1,1
2019-03-10,3,1,2,1,1,1
2019-03-11,11,2,7,6,4,6
2019-03-12,8,1,7,4,3,5
2019-03-13,8,2,5,3,3,4
2019-03-14,11,1,9,7,4,10
2019-03-15,10,1,10,5,5,10
2019-03-16,4,2,2,1,1,2
2019-03-17,3,1,2,1,1,1
2019-03-18,10,2,9,7,6,10
2019-03-19,7,1,7,4,3,5
2019-03-20,6,2,5,4,2,4
2019-03-21,3,1,2,1,1,1
2019-03-22,4,1,1,1,1,1
2019-03-23,3,2,2,1,1,1
2019-03-24,3,1,2,1,1,2
2019-03-25,11,2,9,7,5,10
2019-03-26,8,1,10,7,5,9
2019-03-27,9,2,4,3,2,3
2019-03-28,6,1,5,2,2,5
2019-03-29,11,1,9,10,10,10
2019-03-30,4,2,2,1,1,1
2019-03-31,3,1,1,2,1,1
2019-04-01,10,2,10,9,9,11
2019-04-02,12,1,11,11,11,12
2019-04-03,12,2,9,11,11,10
2019-04-04,8,1,7,5,5,8
2019-04-05,6,1,3,2,2,2
2019-04-06,3,2,1,1,1,1
2019-04-07,4,1,2,2,1,2
2019-04-08,6,2,10,8,6,10
2019-04-09,9,1,8,4,4,7
2019-04-10,12,2,9,10,11,10
2019-04-11,11,1,9,7,6,11
2019-04-12,7,1,9,11,9,11
2019-04-13,7,2,2,1,1,1
2019-04-14,3,1,1,1,1,1
2019-04-15,5,2,3,1,1,2
2019-04-16,5,1,3,2,3,3
2019-04-17,3,1,1,1,1,1
2019-04-18,4,2,2,1,1,2
2019-04-19,6,1,2,1,1,1
2019-04-20,3,2,1,2,1,1
2019-04-21,4,1,2,1,2,1
2019-04-22,7,1,2,1,1,1
2019-04-23,7,2,1,1,1,2
2019-04-24,6,1,2,1,1,1
2019-04-25,8,1,1,1,1,1
2019-04-26,3,2,9,2,2,1
2019-04-27,3,1,2,1,1,1
2019-04-28,3,2,2,1,1,2
2019-04-29,3,1,1,1,1,1
2019-04-30,3,2,2,1,1,1
2019-05-01,3,1,2,2,1,1
2019-05-02,4,1,1,1,2,1
2019-05-03,3,2,2,1,1,2
2019-05-04,3,1,1,1,1,1
2019-05-05,3,1,2,1,1,1
2019-05-06,3,2,2,1,1,1
2019-05-07,3,1,1,1,1,1
2019-05-08,3,2,2,2,1,2
2019-05-09,6,1,2,1,2,1
2019-05-10,3,1,1,1,1,1
2019-05-11,10,2,2,1,1,1
2019-05-12,7,1,1,1,1,1
2019-05-13,5,1,2,1,1,2
2019-05-14,3,2,2,2,1,1
2019-05-15,3,1,1,1,2,1
2019-05-16,6,2,2,1,1,1
2019-05-17,11,1,2,1,1,1
2019-05-18,9,1,1,1,1,2
2019-05-19,3,2,2,1,1,1
2019-05-20,11,1,1,2,1,1
2019-05-21,11,1,2,1,2,1
2019-05-22,10,2,2,1,1,1
2019-05-23,9,1,1,1,1,2
2019-05-24,11,1,2,1,1,1
2019-05-25,4,2,2,1,1,1
2019-05-26,7,1,1,2,1,1
2019-05-27,13,1,2,1,1,1
2019-05-28,12,2,1,1,2,2
2019-05-29,13,1,2,1,1,1
2019-05-30,11,2,2,1,1,1
2019-05-31,9,1,1,1,1,1
2019-06-01,3,1,2,2,1,1
2019-06-02,3,2,1,1,1,2
2019-06-03,10,1,2,1,1,1
2019-06-04,11,1,2,1,2,1
2019-06-05,9,2,1,1,1,1
2019-06-06,12,1,2,1,1,1
2019-06-07,9,1,2,2,1,2
2019-06-08,4,2,1,1,1,1
2019-06-09,3,1,2,1,1,1
2019-06-10,4,2,1,1,2,1
2019-06-11,6,1,2,1,1,1
2019-06-12,6,1,2,2,1,2
2019-06-13,10,2,1,1,1,1
2019-06-14,11,1,2,1,1,1
2019-06-15,3,1,2,1,1,1
2019-06-16,3,2,1,1,1,1
2019-06-17,10,1,2,1,2,2
2019-06-18,13,1,1,2,1,1
2019-06-19,10,2,2,1,1,1
2019-06-20,12,1,2,1,1,1
2019-06-21,12,2,1,1,1,1
2019-06-22,17,2,2,2,1,3
2019-06-23,12,1,1,0,2,1
2019-06-24,7,1,2,1,1,1
2019-06-25,10,1,6,3,1,2
2019-06-26,13,1,8,8,5,3
2019-06-27,13,1,10,8,7,5
2019-06-28,13,1,10,9,9,6
2019-06-29,4,2,2,1,1,0
2019-06-30,3,1,1,1,1,1
2019-07-01,11,1,2,1,1,1
2019-07-02,11,1,6,6,2,3
2019-07-03,12,1,10,5,4,3
2019-07-04,12,1,4,1,2,3
2019-07-05,11,1,2,1,1,2
2019-07-06,8,2,1,1,1,1
2019-07-07,3,1,2,1,0,1
2019-07-08,11,1,1,1,1,1
2019-07-09,8,1,2,1,2,1
2019-07-10,9,1,1,1,0,1
2019-07-11,9,1,2,1,2,1
2019-07-12,8,2,1,1,0,1
2019-07-13,10,1,1,1,1,1
2019-07-14,3,1,2,1,1,1
2019-07-15,3,1,1,1,1,1
2019-07-16,11,1,2,1,1,1
2019-07-17,12,1,6,1,1,2
2019-07-18,12,1,9,6,5,3
2019-07-19,12,2,9,8,7,5
2019-07-20,6,1,2,1,1,1
2019-07-21,3,1,1,1,1,1
2019-07-22,13,1,2,1,1,1
2019-07-23,12,1,5,4,5,3
2019-07-24,12,1,11,10,8,4
2019-07-25,13,1,9,10,11,11
2019-07-26,13,1,11,11,10,9
2019-07-27,7,1,1,1,1,1
2019-07-28,3,2,1,1,0,1
2019-07-29,13,1,10,10,11,11
2019-07-30,13,1,11,11,10,11
2019-07-31,13,1,10,10,10,10
2019-08-01,13,1,10,10,11,11
2019-08-02,13,1,11,10,11,11
2019-08-03,11,1,1,1,0,1
2019-08-04,9,1,1,1,1,1
2019-08-05,13,1,11,11,10,10
2019-08-06,12,1,10,10,10,10
2019-08-07,13,2,11,10,11,10
2019-08-08,12,1,9,11,11,10
2019-08-09,13,1,11,11,10,10
2019-08-10,11,1,1,1,1,1
2019-08-11,9,1,2,1,0,1
2019-08-12,10,1,1,1,0,1
2019-08-13,11,1,10,11,11,11
2019-08-14,13,1,9,10,10,11
2019-08-15,13,1,11,11,10,10
2019-08-16,12,1,10,10,10,10
2019-08-17,11,2,2,1,0,1
2019-08-18,9,1,1,1,0,1
2019-08-19,13,1,10,11,10,8
2019-08-20,13,1,10,10,10,10
2019-08-21,13,1,10,11,10,8
2019-08-22,12,1,10,7,10,10
2019-08-23,12,1,11,7,11,12
2019-08-24,11,1,1,1,0,1
2019-08-25,9,2,2,1,0,1
2019-08-26,13,1,9,8,9,9
2019-08-27,13,1,9,8,9,10
2019-08-28,11,1,11,10,9,12
2019-08-29,13,1,9,11,10,11
2019-08-30,13,1,10,8,7,11
2019-08-31,11,1,1,1,0,1
2019-09-01,11,1,1,1,0,1
2019-09-02,13,2,11,11,10,10
2019-09-03,12,1,10,10,10,11
2019-09-04,12,1,5,2,3,6
2019-09-05,13,1,9,7,7,10
2019-09-06,13,1,10,10,10,10
2019-09-07,10,1,2,1,0,1
2019-09-08,10,1,1,1,0,1
2019-09-09,12,1,10,11,10,8
2019-09-10,13,1,11,11,10,9
2019-09-11,13,2,11,10,11,10
2019-09-12,13,1,10,9,9,10
2019-09-13,16,1,3,1,2,1
2019-09-14,11,1,2,1,0,1
2019-09-15,9,1,1,1,1,1
2019-09-16,9,1,1,1,1,1
2019-09-17,13,1,10,9,9,4
2019-09-18,12,1,3,1,1,1
2019-09-19,12,2,7,2,1,3
2019-09-20,13,1,6,1,2,2
2019-09-21,11,1,1,0,0,1
2019-09-22,13,1,1,0,1,1
2019-09-23,10,1,2,1,0,1
2019-09-24,12,1,10,10,10,4
2019-09-25,12,1,8,4,6,4
2019-09-26,12,1,7,1,4,3
2019-09-27,13,1,7,1,7,3
2019-09-28,10,2,1,1,0,1
2019-09-29,10,1,1,1,0,1
2019-09-30,13,1,11,6,9,3
2019-10-01,13,1,9,5,7,4
2019-10-02,11,1,8,5,7,4
2019-10-03,13,1,9,1,5,4
2019-10-04,13,1,8,6,8,4
2019-10-05,9,1,1,1,0,1
2019-10-06,5,2,2,1,0,1
2019-10-07,11,1,2,1,0,1
2019-10-08,12,1,5,1,1,2
2019-10-09,10,1,2,1,1,1
2019-10-10,11,1,1,1,0,1
2019-10-11,9,1,2,1,1,1
2019-10-12,3,2,1,1,0,1
2019-10-13,3,1,1,1,0,1
2019-10-14,3,1,2,1,0,1
2019-10-15,10,1,1,1,0,1
2019-10-16,5,1,2,1,0,1
2019-10-17,3,1,1,1,1,1
2019-10-18,4,1,1,1,0,1
2019-10-19,3,2,2,1,0,1
2019-10-20,3,1,1,1,0,1
2019-10-21,6,1,2,1,0,1
2019-10-22,3,1,1,1,1,1
2019-10-23,5,1,2,1,0,1
2019-10-24,4,1,1,1,0,1
2019-10-25,4,2,2,1,1,1
2019-10-26,3,1,1,1,0,1
2019-10-27,4,1,1,1,0,1
2019-10-28,4,1,2,1,0,1
2019-10-29,3,1,1,1,0,1
2019-10-30,4,1,2,1,1,1
2019-10-31,6,2,1,1,0,1
2019-11-01,4,1,2,1,0,1
2019-11-02,3,1,1,1,0,1
2019-11-03,4,1,1,1,0,1
2019-11-04,3,1,2,1,0,1
2019-11-05,3,1,1,1,1,1
2019-11-06,3,2,2,1,1,1
2019-11-07,3,1,1,1,0,1
2019-11-08,4,1,2,1,1,1
2019-11-09,3,1,1,1,0,1
2019-11-10,3,1,1,1,0,1
2019-11-11,0,0,0,0,0,0
2019-11-12,5,1,1,1,1,1
2019-11-13,3,1,2,1,0,1
2019-11-14,3,1,1,1,1,1
2019-11-15,4,1,2,1,1,1
2019-11-16,3,2,1,1,0,1
2019-11-17,3,1,2,1,0,1
2019-11-18,3,1,1,1,1,1
2019-11-19,3,1,2,1,0,2
2019-11-20,4,1,1,1,0,1
2019-11-21,3,1,1,1,1,1
2019-11-22,5,2,10,1,1,9
2019-11-23,5,1,1,1,0,1
2019-11-24,4,1,2,1,0,2
2019-11-25,3,1,2,1,0,1
2019-11-26,7,1,10,1,1,11
2019-11-27,12,2,9,4,0,10
2019-11-28,12,1,10,1,1,11
2019-11-29,9,1,11,5,0,10
2019-11-30,10,1,2,2,1,2
2019-12-01,3,2,1,1,1,1
2019-12-02,13,1,11,6,1,11
2019-12-03,7,1,9,2,0,6
2019-12-04,11,1,10,2,1,11
2019-12-05,12,1,10,3,1,12
2019-12-06,19,2,9,5,1,11
2019-12-07,14,1,2,1,0,1
2019-12-08,3,1,1,1,1,1
2019-12-09,13,1,11,12,1,11
2019-12-10,13,2,9,3,1,11
2019-12-11,12,1,11,4,0,7
2019-12-12,8,1,7,2,1,4
2019-12-13,12,1,11,6,0,10
2019-12-14,11,2,1,2,1,2
2019-12-15,4,1,2,1,1,1
2019-12-16,13,1,11,4,0,10
2019-12-17,13,1,9,6,1,11
2019-12-18,10,1,10,3,1,10
2019-12-19,13,2,10,4,0,11
2019-12-20,13,1,11,2,1,11
2019-12-21,13,1,1,2,1,2
2019-12-22,5,1,2,1,0,1
2019-12-23,13,1,10,6,1,11
2019-12-24,13,2,2,1,0,1
2019-12-25,12,1,9,10,1,11
2019-12-26,0,0,0,0,0,0
2019-12-27,12,1,10,5,1,11
2019-12-28,7,2,2,1,0,1
2019-12-29,3,1,2,1,1,1
2019-12-30,4,1,1,1,1,1
2019-12-31,3,1,2,1,0,2
2020-01-01,3,2,2,2,1,1
2020-01-02,4,1,1,1,1,1
2020-01-03,3,1,11,11,1,11
2020-01-04,11,1,2,1,0,1
2020-01-05,3,2,1,1,1,1
2020-01-06,13,1,10,10,1,10
2020-01-07,13,1,11,10,1,10
2020-01-08,13,1,11,11,0,12
2020-01-09,12,2,9,4,1,10
2020-01-10,12,1,11,5,1,11
2020-01-11,11,1,1,1,1,1
2020-01-12,3,1,2,1,0,2
2020-01-13,4,2,2,1,1,1
2020-01-14,11,1,10,6,1,10
2020-01-15,13,1,9,6,1,10
2020-01-16,13,1,11,6,0,10
2020-01-17,13,2,9,4,1,10
2020-01-18,9,1,2,2,1,1
2020-01-19,3,1,1,1,1,2
2020-01-20,13,1,10,5,0,11
2020-01-21,13,2,11,4,1,10
2020-01-22,13,1,11,10,1,10
2020-01-23,13,1,10,11,1,10
2020-01-24,12,1,9,4,1,11
2020-01-25,11,2,2,1,0,1
2020-01-26,7,1,2,1,1,1
2020-01-27,13,1,9,10,1,12
2020-01-28,13,1,11,12,1,10
2020-01-29,12,2,8,3,0,6
2020-01-30,13,1,8,2,1,6
2020-01-31,13,1,10,6,0,11
2020-02-01,10,1,2,1,1,1
2020-02-02,7,1,2,1,1,2
2020-02-03,13,2,9,3,1,10
2020-02-04,11,1,11,4,1,11
2020-02-05,12,1,9,4,0,11
2020-02-06,13,1,11,12,1,11
2020-02-07,12,2,9,8,1,12
2020-02-08,11,1,2,1,1,1
2020-02-09,10,1,2,1,1,1
2020-02-10,13,2,10,11,0,12
2020-02-11,3,1,1,1,1,1
2020-02-12,13,1,11,3,1,11
2020-02-13,13,1,8,5,1,6
2020-02-14,12,1,9,2,1,5
2020-02-15,10,2,2,1,0,2
2020-02-16,4,1,2,1,0,1
2020-02-17,12,1,10,5,0,11
2020-02-18,9,1,10,4,1,10
2020-02-19,10,2,9,4,0,10
2020-02-20,13,1,11,5,1,11
2020-02-21,12,1,9,2,1,10
2020-02-22,9,1,2,2,0,1
2020-02-23,3,1,1,1,1,2
2020-02-24,4,2,2,1,0,1
2020-02-25,12,1,11,2,1,10
2020-02-26,13,1,9,5,1,11
2020-02-27,13,1,11,5,0,11
2020-02-28,12,2,9,5,1,11
2020-02-29,6,1,2,1,1,2
2020-03-01,4,1,2,1,1,1
2020-03-02,13,1,10,7,0,10
2020-03-03,11,1,9,2,1,7
2020-03-04,13,2,9,2,1,10
2020-03-05,12,1,11,2,1,11
2020-03-06,13,1,10,4,0,10
2020-03-07,10,1,1,1,1,2
2020-03-08,5,2,2,1,1,1
2020-03-09,12,1,6,4,0,5
2020-03-10,12,1,7,2,1,5
2020-03-11,11,1,5,1,0,2
2020-03-12,13,1,8,3,1,8
2020-03-13,9,2,6,2,0,3
2020-03-14,11,1,2,1,1,1
2020-03-15,3,1,2,2,0,2
2020-03-16,13,1,10,4,1,11
2020-03-17,13,2,10,5,1,11
2020-03-18,10,1,6,2,0,6
2020-03-19,8,1,5,2,1,11
2020-03-20,3,1,1,1,0,2
2020-03-21,9,1,2,1,1,1
2020-03-22,3,1,1,1,0,1
2020-03-23,10,2,10,3,1,5
2020-03-24,12,1,10,3,1,10
2020-03-25,10,1,9,2,1,9
2020-03-26,9,1,5,2,0,4
2020-03-27,7,1,4,2,1,2
2020-03-28,6,2,1,1,0,1
2020-03-29,7,1,2,1,0,2
2020-03-30,13,1,10,8,1,10
2020-03-31,12,1,11,5,1,11
2020-04-01,11,2,10,2,1,6
2020-04-02,10,1,4,2,0,3
2020-04-03,9,1,4,1,1,3
2020-04-04,9,1,2,2,0,1
2020-04-05,3,1,2,1,1,1
2020-04-06,11,2,4,2,1,4
2020-04-07,8,1,5,2,1,2
2020-04-08,10,1,4,2,0,2
2020-04-09,8,1,2,1,1,3
2020-04-10,8,1,6,3,0,5
2020-04-11,9,2,1,1,1,1
2020-04-12,3,1,2,1,1,2
2020-04-13,12,1,10,12,1,3
2020-04-14,10,1,6,3,0,7
2020-04-15,10,1,4,4,1,2
2020-04-16,9,2,7,2,0,7
2020-04-17,9,1,5,4,1,3
2020-04-18,8,1,2,1,0,1
2020-04-19,5,1,1,2,0,2
2020-04-20,12,1,10,10,1,11
2020-04-21,5,1,3,2,0,1
2020-04-22,9,2,5,2,1,1
2020-04-23,9,1,5,2,0,4
2020-04-24,9,1,5,3,1,4
2020-04-25,9,1,2,1,0,1
2020-04-26,3,1,1,1,0,2
2020-04-27,6,2,5,2,0,1
2020-04-28,5,1,7,2,1,1
2020-04-29,3,1,2,1,0,1
2020-04-30,5,1,2,1,0,1
2020-05-01,5,1,1,2,0,2
2020-05-02,3,1,2,1,0,1
2020-05-03,3,1,2,1,0,1
2020-05-04,3,2,1,1,0,1
2020-05-05,3,1,2,1,0,1
2020-05-06,3,1,1,1,1,1
2020-05-07,4,1,2,2,0,2
2020-05-08,6,1,2,1,0,1
2020-05-09,3,1,1,1,0,1
2020-05-10,4,1,2,1,0,1
2020-05-11,11,2,6,1,4,1
2020-05-12,8,1,1,1,0,2
2020-05-13,10,1,6,1,3,1
2020-05-14,7,1,3,2,0,1
2020-05-15,10,1,5,1,1,1
2020-05-16,3,1,2,1,0,1
2020-05-17,3,1,1,1,0,2
2020-05-18,7,1,2,1,1,1
2020-05-19,6,2,1,1,0,1
2020-05-20,4,1,2,2,0,1
2020-05-21,3,1,1,1,1,3
2020-05-22,3,1,2,2,0,1
2020-05-23,3,1,1,1,0,2
2020-05-24,3,1,1,1,0,1
2020-05-25,8,2,2,1,0,1
2020-05-26,9,1,1,1,0,1
2020-05-27,8,1,2,1,0,1
2020-05-28,9,1,1,2,0,2
2020-05-29,8,1,6,1,1,1
2020-05-30,3,1,1,1,0,1
2020-05-31,6,1,2,1,0,1
2020-06-01,9,1,1,1,0,1
2020-06-02,9,2,4,1,2,2
2020-06-03,12,1,7,2,7,1
2020-06-04,9,1,6,1,4,1
2020-06-05,12,1,8,1,8,1
2020-06-06,4,1,2,1,0,1
2020-06-07,4,1,1,1,0,2
2020-06-08,10,1,6,1,4,1
2020-06-09,12,2,10,2,9,1
2020-06-10,12,1,9,1,9,1
2020-06-11,11,1,10,1,9,1
2020-06-12,13,1,10,1,9,2
2020-06-13,5,1,1,1,0,1
2020-06-14,4,1,2,1,0,1
2020-06-15,12,1,8,1,9,1
2020-06-16,12,1,9,2,9,1
2020-06-17,13,1,8,1,6,2
2020-06-18,10,2,6,1,0,1
2020-06-19,10,1,1,1,1,1
2020-06-20,4,1,1,1,0,1
2020-06-21,3,1,2,1,0,1
2020-06-22,10,1,1,2,0,2
2020-06-23,10,1,5,1,2,1
2020-06-24,12,1,4,1,0,1
2020-06-25,8,2,2,1,0,1
2020-06-26,17,1,7,1,6,1
2020-06-27,8,1,1,1,0,2
2020-06-28,3,1,2,2,0,1
2020-06-29,13,1,9,1,7,1
2020-06-30,12,1,9,1,5,1
2020-07-01,13,1,10,1,6,1
2020-07-02,13,1,8,1,9,2
2020-07-03,11,2,11,1,7,1
2020-07-04,11,1,1,2,0,1
2020-07-05,7,1,2,1,0,1
2020-07-06,11,1,6,1,7,1
2020-07-07,13,1,10,1,10,2
2020-07-08,17,1,10,1,8,1
2020-07-09,9,1,7,1,1,1
2020-07-10,13,1,7,2,6,1
2020-07-11,9,2,1,1,0,1
2020-07-12,8,1,2,1,0,2
2020-07-13,12,1,1,1,0,1
2020-07-14,10,1,2,1,0,1
2020-07-15,11,1,1,1,0,1
2020-07-16,11,1,2,1,0,1
2020-07-17,9,1,1,1,0,2
2020-07-18,4,2,1,1,0,1
2020-07-19,3,1,2,0,0,1
2020-07-20,12,1,10,1,10,1
2020-07-21,12,1,9,1,10,1
2020-07-22,13,1,10,1,11,2
2020-07-23,3,1,1,1,0,1
2020-07-24,3,1,2,1,1,1
2020-07-25,6,1,1,1,1,1
2020-07-26,10,1,2,1,1,1
2020-07-27,12,2,10,1,10,2
2020-07-28,12,1,10,1,10,1
2020-07-29,12,1,2,1,1,1
2020-07-30,13,1,4,1,4,1
2020-07-31,12,1,7,1,6,1
2020-08-01,17,1,1,1,1,2
2020-08-02,6,1,1,1,1,1
2020-08-03,13,1,11,1,10,1
2020-08-04,13,1,10,1,11,1
2020-08-05,12,1,10,1,10,1
2020-08-06,13,1,10,1,11,1
2020-08-07,13,1,5,0,4,2
2020-08-08,9,2,1,1,1,1
2020-08-09,11,1,2,1,1,1
2020-08-10,9,1,1,1,1,1
2020-08-11,13,1,11,1,11,1
2020-08-12,13,1,9,1,10,1
2020-08-13,13,1,11,1,11,2
2020-08-14,13,1,10,1,11,1
2020-08-15,11,1,1,1,1,1
2020-08-16,9,1,1,1,1,1
2020-08-17,13,1,11,1,11,1
2020-08-18,12,1,9,1,10,1
2020-08-19,13,1,11,1,10,2
2020-08-20,13,1,9,1,10,1
2020-08-21,13,1,11,0,10,1
2020-08-22,9,1,1,1,1,1
2020-08-23,10,1,1,1,1,1
2020-08-24,13,2,10,1,11,1
2020-08-25,12,1,11,1,10,2
2020-08-26,13,1,9,1,11,1
2020-08-27,12,1,11,1,11,1
2020-08-28,13,1,11,1,11,1
2020-08-29,11,1,1,1,0,1
2020-08-30,9,1,1,1,1,1
2020-08-31,13,1,10,1,11,2
2020-09-01,12,1,10,1,8,1
2020-09-02,13,1,10,1,10,1
2020-09-03,13,1,11,1,10,1
2020-09-04,13,1,10,1,12,1
2020-09-05,12,1,1,0,0,2
2020-09-06,11,1,2,1,1,1
2020-09-07,13,1,9,1,11,1
2020-09-08,13,2,10,1,10,1
2020-09-09,12,1,11,1,11,1
2020-09-10,12,1,10,1,11,2
2020-09-11,19,1,10,1,11,1
2020-09-12,15,1,1,1,1,1
2020-09-13,9,1,2,1,1,1
2020-09-14,12,1,7,1,5,1
2020-09-15,13,1,7,1,7,1
2020-09-16,13,1,6,1,5,2
2020-09-17,13,1,9,1,8,1
2020-09-18,12,1,10,1,11,1
2020-09-19,11,1,1,1,1,1
2020-09-20,10,1,1,1,1,1
2020-09-21,6,1,2,0,1,1
2020-09-22,7,2,1,1,1,1
2020-09-23,10,1,2,1,1,1
2020-09-24,10,1,1,1,1,1
2020-09-25,8,1,2,1,1,1
2020-09-26,5,1,1,1,1,1
2020-09-27,4,1,1,1,1,1
2020-09-28,12,1,5,1,1,1
2020-09-29,9,1,2,1,1,1
2020-09-30,10,1,1,1,1,1
2020-10-01,11,2,2,1,1,1
2020-10-02,11,1,2,1,1,1
2020-10-03,5,1,2,1,0,1
2020-10-04,3,1,1,1,1,1
2020-10-05,12,1,2,1,1,1
2020-10-06,11,1,1,1,1,1
2020-10-07,9,1,2,1,1,1
2020-10-08,4,1,1,1,1,1
2020-10-09,5,2,2,1,1,1
2020-10-10,3,1,1,1,1,1
2020-10-11,3,1,1,1,1,1
2020-10-12,11,1,2,1,1,1
2020-10-13,10,1,1,1,1,1
2020-10-14,10,1,2,1,1,1
2020-10-15,6,1,1,1,1,1
2020-10-16,6,1,2,1,1,1
2020-10-17,3,2,1,1,1,1
2020-10-18,3,1,1,1,1,1
2020-10-19,4,1,2,1,1,6
2020-10-20,3,1,1,2,1,1
2020-10-21,4,1,2,1,1,1
2020-10-22,4,1,1,1,1,2
2020-10-23,4,2,2,1,1,1
2020-10-24,6,1,1,1,1,1
2020-10-25,3,1,2,2,1,1
2020-10-26,6,1,1,1,1,1
2020-10-27,4,1,2,1,1,2
2020-10-28,5,1,1,1,1,1
2020-10-29,6,1,2,1,1,1
2020-10-30,4,2,1,2,1,1
2020-10-31,4,1,1,1,1,2
2020-11-01,3,1,2,1,1,1
2020-11-02,5,1,1,1,1,1
2020-11-03,3,1,2,1,1,1
2020-11-04,3,1,3,2,2,4
2020-11-05,6,1,4,2,1,5
2020-11-06,8,2,8,2,2,6
2020-11-07,5,1,2,1,1,1
2020-11-08,3,1,1,1,1,1
2020-11-09,8,1,3,2,1,5
2020-11-10,8,1,8,2,4,7
2020-11-11,8,1,8,2,4,11
2020-11-12,11,2,9,3,8,11
2020-11-13,9,1,7,2,3,4
2020-11-14,7,1,1,1,2,1
2020-11-15,3,1,2,1,1,1
2020-11-16,8,1,3,1,2,4
2020-11-17,5,1,2,2,2,1
2020-11-18,6,2,2,1,1,3
2020-11-19,5,1,2,2,1,1
2020-11-20,5,1,2,1,1,1
2020-11-21,4,1,1,1,1,2
2020-11-22,4,1,2,1,2,1
2020-11-23,3,1,1,1,1,1
2020-11-24,3,2,10,11,2,10
2020-11-25,5,1,11,11,8,12
2020-11-26,7,1,3,3,4,5
2020-11-27,7,1,11,12,4,10
2020-11-28,3,1,1,1,1,1
2020-11-29,4,1,2,1,1,1
2020-11-30,11,2,11,8,7,11
2020-12-01,11,1,11,10,8,10
2020-12-02,13,1,9,10,11,12
2020-12-03,12,1,10,11,12,11
2020-12-04,13,1,10,10,11,10
2020-12-05,11,2,2,1,1,1
2020-12-06,4,1,1,2,1,1
2020-12-07,12,1,11,7,8,9
2020-12-08,9,1,9,5,7,8
2020-12-09,13,1,11,11,11,11
2020-12-10,13,2,9,10,10,10
2020-12-11,11,1,11,11,11,12
2020-12-12,4,1,2,1,1,1
2020-12-13,3,1,1,1,1,1
2020-12-14,13,1,10,11,11,10
2020-12-15,13,2,11,10,10,10
2020-12-16,12,1,10,11,10,10
2020-12-17,13,1,10,12,11,11
2020-12-18,13,1,11,10,11,10
2020-12-19,3,2,1,1,1,1
2020-12-20,4,1,2,1,1,1
2020-12-21,13,1,11,12,11,12
2020-12-22,11,1,9,11,10,11
2020-12-23,12,2,10,11,10,10
2020-12-24,13,1,10,10,12,11
2020-12-25,13,1,10,11,10,10
2020-12-26,8,1,2,1,1,1
2020-12-27,3,2,2,2,2,1
2020-12-28,13,1,10,10,10,11
2020-12-29,3,1,10,10,10,11
2020-12-30,4,1,2,1,2,1
2020-12-31,3,1,1,1,1,1
2021-01-01,3,2,2,2,1,1
2021-01-02,4,1,2,1,1,2
2021-01-03,3,1,1,1,1,1
2021-01-04,13,1,11,11,11,10
2021-01-05,12,2,10,10,12,11
2021-01-06,13,1,10,11,10,11
2021-01-07,11,1,10,11,10,10
2021-01-08,13,1,10,11,10,12
2021-01-09,11,1,2,2,1,1
2021-01-10,3,2,1,1,1,1
2021-01-11,3,1,2,1,1,1
2021-01-12,13,1,11,10,12,10
2021-01-13,13,1,10,11,10,11
2021-01-14,13,1,10,12,11,11
2021-01-15,12,1,9,10,11,11
2021-01-16,6,2,2,1,1,1
2021-01-17,6,1,2,1,1,1
2021-01-18,13,1,9,11,11,11
2021-01-19,13,1,10,10,10,11
2021-01-20,13,1,10,12,11,10
2021-01-21,13,2,11,11,12,10
2021-01-22,15,1,10,9,11,11
2021-01-23,12,1,1,1,1,1
2021-01-24,3,1,2,1,1,1
2021-01-25,13,1,10,10,11,11
2021-01-26,12,1,10,12,10,10
2021-01-27,12,2,11,6,8,7
2021-01-28,13,1,9,11,11,11
2021-01-29,12,1,10,10,11,10
2021-01-30,6,1,2,1,1,1
2021-01-31,4,1,2,1,1,1
2021-02-01,12,2,10,12,11,12
2021-02-02,12,1,10,9,12,9
2021-02-03,12,1,10,11,10,12
2021-02-04,12,1,10,11,11,11
2021-02-05,13,2,11,10,11,10
2021-02-06,11,1,2,1,1,1
2021-02-07,3,1,1,2,1,1
2021-02-08,13,1,11,10,11,11
2021-02-09,13,1,10,12,10,12
2021-02-10,13,2,9,10,11,10
2021-02-11,3,1,2,1,1,1
2021-02-12,13,1,9,11,10,11
2021-02-13,4,1,2,2,2,1
2021-02-14,4,1,2,1,1,1
2021-02-15,10,2,9,11,11,11
2021-02-16,11,1,11,5,9,5
2021-02-17,13,1,10,12,11,12
2021-02-18,13,1,10,10,10,11
2021-02-19,13,1,10,11,11,10
2021-02-20,3,2,1,1,1,1
2021-02-21,3,1,2,2,1,2
2021-02-22,11,1,5,2,3,2
2021-02-23,3,1,2,2,2,1
2021-02-24,12,1,11,10,10,12
2021-02-25,13,2,9,10,12,11
2021-02-26,12,1,10,11,10,8
2021-02-27,3,1,2,1,2,1
2021-02-28,3,1,2,1,1,1
2021-03-01,13,1,6,5,5,6
2021-03-02,7,2,2,3,3,2
2021-03-03,13,1,11,10,10,11
2021-03-04,12,1,10,10,11,10
2021-03-05,11,1,9,7,7,6
2021-03-06,11,1,1,2,1,1
2021-03-07,3,1,2,1,1,1
2021-03-08,13,2,10,10,11,10
2021-03-09,13,1,11,10,11,7
2021-03-10,10,1,8,5,6,4
2021-03-11,12,1,11,8,8,7
2021-03-12,10,1,6,5,5,5
2021-03-13,4,2,2,2,1,1
2021-03-14,3,1,2,1,1,1
2021-03-15,11,1,6,4,6,6
2021-03-16,9,1,6,4,4,4
2021-03-17,9,1,6,3,3,4
2021-03-18,9,1,7,4,6,5
2021-03-19,10,2,7,5,4,4
2021-03-20,3,1,1,1,1,1
2021-03-21,6,1,2,1,1,1
2021-03-22,9,1,8,5,10,10
2021-03-23,10,1,7,6,5,7
2021-03-24,9,1,5,3,4,4
2021-03-25,7,2,3,2,2,2
2021-03-26,6,1,3,2,2,3
2021-03-27,4,1,2,1,2,1
2021-03-28,4,1,2,1,1,2
2021-03-29,6,1,1,2,1,1
2021-03-30,4,1,2,1,1,1
2021-03-31,6,2,2,1,1,1
2021-04-01,4,1,1,1,1,2
2021-04-02,3,1,2,1,2,1
2021-04-03,5,1,1,2,1,1
2021-04-04,3,1,2,1,1,1
2021-04-05,4,1,4,7,1,1
2021-04-06,7,2,10,9,6,9
2021-04-07,10,1,5,5,4,4
2021-04-08,8,1,3,2,2,3
2021-04-09,13,1,4,4,2,5
2021-04-10,4,1,2,1,1,2
2021-04-11,3,1,1,1,1,1
2021-04-12,9,2,4,3,3,3
2021-04-13,6,1,1,1,1,1
2021-04-14,5,1,2,2,1,1
2021-04-15,10,1,7,6,5,6
2021-04-16,8,1,5,3,3,3
2021-04-17,8,1,2,2,1,1
2021-04-18,3,1,1,1,1,1
2021-04-19,6,2,2,1,1,1
2021-04-20,6,1,2,1,1,2
2021-04-21,4,1,1,1,1,1
2021-04-22,4,1,2,1,2,1
2021-04-23,4,1,4,4,1,1
2021-04-24,3,1,2,1,1,2
2021-04-25,4,1,1,1,1,1
2021-04-26,5,1,5,5,1,2
2021-04-27,4,2,2,3,1,1
2021-04-28,6,1,2,1,2,1
2021-04-29,3,1,2,2,1,2
2021-04-30,3,1,1,1,1,1
2021-05-01,5,1,2,1,1,1
2021-05-02,3,1,2,1,1,1
2021-05-03,3,1,1,1,1,1
2021-05-04,3,1,2,1,1,1
2021-05-05,4,1,1,1,2,2
2021-05-06,6,2,2,2,1,1
2021-05-07,4,1,2,1,1,1
2021-05-08,3,1,1,1,1,1
2021-05-09,3,1,2,1,1,1
2021-05-10,6,1,1,1,1,2
2021-05-11,4,1,2,1,2,1
2021-05-12,4,1,2,2,1,1
2021-05-13,3,1,1,1,1,1
2021-05-14,7,1,2,1,1,2
2021-05-15,3,1,2,1,1,1
2021-05-16,3,2,1,1,1,1
2021-05-17,8,1,2,1,1,1
2021-05-18,8,1,2,2,2,1
2021-05-19,6,1,1,1,1,2
2021-05-20,4,1,2,1,1,1
2021-05-21,8,1,1,1,1,1
2021-05-22,3,1,2,1,1,1
2021-05-23,4,1,2,1,1,1
2021-05-24,8,1,1,2,2,2
2021-05-25,10,1,2,1,1,1
2021-05-26,9,2,2,1,1,1
2021-05-27,7,1,1,1,1,1
2021-05-28,9,1,2,1,1,1
2021-05-29,3,1,1,1,1,2
2021-05-30,3,1,2,2,2,1
2021-05-31,10,1,2,1,1,1
2021-06-01,9,1,1,1,1,1
2021-06-02,9,1,2,1,1,2
2021-06-03,10,1,4,2,1,3
2021-06-04,9,2,2,1,1,1
2021-06-05,3,1,1,1,2,1
2021-06-06,3,1,1,1,1,1
2021-06-07,11,1,6,6,4,2
2021-06-08,11,1,10,9,9,3
2021-06-09,11,1,8,8,8,4
2021-06-10,12,1,8,8,9,4
2021-06-11,11,1,8,8,6,3
2021-06-12,3,1,2,0,1,1
2021-06-13,3,1,1,1,1,1
2021-06-14,13,1,2,1,1,3
2021-06-15,12,2,8,8,7,4
2021-06-16,11,1,2,1,1,2
2021-06-17,11,1,2,1,1,1
2021-06-18,11,1,6,1,2,3
2021-06-19,4,1,1,1,1,1
2021-06-20,4,1,1,1,1,1
2021-06-21,10,1,6,5,4,2
2021-06-22,10,1,7,5,3,3
2021-06-23,12,1,2,1,1,2
2021-06-24,12,1,4,1,1,3
2021-06-25,11,1,6,2,3,3
2021-06-26,3,2,1,1,1,1
2021-06-27,3,1,2,1,1,1
2021-06-28,12,1,8,8,8,4
2021-06-29,12,1,4,4,4,3
2021-06-30,11,1,2,1,1,1
2021-07-01,9,1,1,1,1,1
2021-07-02,8,1,2,1,1,1
2021-07-03,3,1,1,1,1,1
2021-07-04,4,1,1,1,0,1
2021-07-05,10,1,2,1,1,1
2021-07-06,11,2,7,7,6,3
2021-07-07,12,1,8,8,7,4
2021-07-08,12,1,2,1,1,1
2021-07-09,10,1,2,1,1,1
2021-07-10,3,1,1,1,1,1
2021-07-11,6,1,2,1,1,1
2021-07-12,13,1,8,8,9,10
2021-07-13,11,1,11,9,9,7
2021-07-14,13,1,7,8,7,8
2021-07-15,12,1,10,11,9,10
2021-07-16,13,1,10,10,10,10
2021-07-17,7,2,2,1,1,1
2021-07-18,3,1,1,1,1,1
2021-07-19,13,1,10,10,10,9
2021-07-20,13,1,10,10,10,11
2021-07-21,13,1,10,10,10,10
2021-07-22,3,1,1,1,1,1
2021-07-23,3,1,1,1,1,1
2021-07-24,8,1,2,1,1,1
2021-07-25,9,1,1,1,1,1
2021-07-26,13,1,11,10,10,7
2021-07-27,12,1,9,8,10,7
2021-07-28,12,1,10,10,10,11
2021-07-29,13,1,10,10,11,10
2021-07-30,12,1,10,10,11,11
2021-07-31,7,1,1,1,1,1
2021-08-01,3,1,2,1,0,1
2021-08-02,13,1,10,10,11,10
2021-08-03,12,1,10,10,10,11
2021-08-04,12,2,11,12,10,10
2021-08-05,13,1,9,10,10,10
2021-08-06,13,1,11,10,11,9
2021-08-07,9,1,1,1,1,1
2021-08-08,10,1,1,1,1,1
2021-08-09,9,1,2,1,0,1
2021-08-10,19,1,9,10,11,5
2021-08-11,18,1,11,10,10,5
2021-08-12,13,1,10,10,10,3
2021-08-13,11,1,3,1,1,1
2021-08-14,9,1,2,1,1,1
2021-08-15,10,1,1,1,1,1
2021-08-16,11,1,1,1,1,1
2021-08-17,12,1,2,1,1,2
2021-08-18,11,1,9,11,10,3
2021-08-19,12,1,11,10,10,3
2021-08-20,13,1,9,11,10,4
2021-08-21,9,1,2,1,1,1
2021-08-22,9,2,1,1,1,0
2021-08-23,13,1,10,9,11,4
2021-08-24,13,1,10,10,11,4
2021-08-25,12,1,10,10,10,4
2021-08-26,19,1,11,11,10,6
2021-08-27,18,1,10,10,10,4
2021-08-28,12,1,1,1,1,1
2021-08-29,9,1,2,1,1,1
2021-08-30,13,1,10,11,10,5
2021-08-31,13,1,10,10,11,5
2021-09-01,13,1,2,1,1,1
2021-09-02,9,1,1,1,1,1
2021-09-03,11,1,2,1,1,1
2021-09-04,3,1,1,1,0,1
2021-09-05,3,1,1,1,1,1
2021-09-06,11,1,2,1,1,1
2021-09-07,9,1,1,1,1,1
2021-09-08,8,2,2,1,1,1
2021-09-09,11,1,1,1,1,1
2021-09-10,12,1,8,8,4,3
2021-09-11,3,1,1,1,1,1
2021-09-12,3,1,2,1,1,1
2021-09-13,12,1,9,9,8,3
2021-09-14,11,1,6,1,1,2
2021-09-15,11,1,6,5,2,3
2021-09-16,13,1,5,2,1,2
2021-09-17,11,1,1,1,1,2
2021-09-18,4,1,2,1,1,1
2021-09-19,3,1,1,1,1,0
2021-09-20,3,1,1,1,1,1
2021-09-21,12,2,6,5,1,3
2021-09-22,11,1,9,9,6,3
2021-09-23,4,1,1,0,1,1
2021-09-24,12,1,10,10,7,3
2021-09-25,3,1,1,0,1,1
2021-09-26,3,1,2,1,1,1
2021-09-27,12,1,1,1,1,1
2021-09-28,14,1,1,1,1,1
2021-09-29,15,1,5,1,1,2
2021-09-30,13,1,6,6,1,2
2021-10-01,8,1,2,1,1,1
2021-10-02,4,1,1,1,1,1
2021-10-03,3,2,1,1,1,1
2021-10-04,11,1,7,7,1,2
2021-10-05,9,1,8,7,2,3
2021-10-06,11,1,6,5,1,2
2021-10-07,11,1,2,1,1,1
2021-10-08,15,1,6,6,5,2
2021-10-09,8,1,1,1,1,1
2021-10-10,4,1,1,1,1,1
2021-10-11,12,1,8,7,1,3
2021-10-12,8,1,1,1,1,1
2021-10-13,7,1,2,1,1,1
2021-10-14,9,1,1,1,0,1
2021-10-15,12,1,1,1,1,1
2021-10-16,7,1,2,1,1,1
2021-10-17,5,2,1,1,1,1
2021-10-18,4,1,2,1,1,1
2021-10-19,3,1,1,1,1,1
2021-10-20,6,1,2,1,1,1
2021-10-21,4,1,1,1,1,1
2021-10-22,3,1,1,1,1,1
2021-10-23,3,1,2,1,1,1
2021-10-24,3,2,1,1,1,1
2021-10-25,4,1,2,1,1,1
2021-10-26,3,1,1,1,1,1
2021-10-27,3,1,2,1,1,1
2021-10-28,6,1,1,1,1,1
2021-10-29,5,1,2,1,1,1
2021-10-30,3,2,1,1,1,1
2021-10-31,3,1,1,1,1,1
2021-11-01,4,1,2,1,1,1
2021-11-02,4,1,1,1,1,1
2021-11-03,3,1,2,0,1,1
2021-11-04,4,1,1,1,1,1
2021-11-05,5,1,2,1,1,1
2021-11-06,5,2,1,2,1,2
2021-11-07,4,2,1,1,2,1
2021-11-08,4,1,2,1,1,1
2021-11-09,3,2,1,1,1,1
2021-11-10,4,1,2,1,2,1
2021-11-11,4,1,1,3,1,2
2021-11-12,4,2,3,3,1,1
2021-11-13,3,1,2,1,1,1
2021-11-14,3,2,1,1,1,1
2021-11-15,5,1,4,4,1,2
2021-11-16,4,1,3,3,2,1
2021-11-17,6,2,5,4,1,1
2021-11-18,6,1,4,3,2,1
2021-11-19,4,2,5,5,3,1
2021-11-20,6,1,1,1,1,2
2021-11-21,5,1,2,1,1,1
2021-11-22,6,2,4,5,2,1
2021-11-23,4,1,2,2,1,1
2021-11-24,6,2,5,5,4,2
2021-11-25,12,1,5,4,2,1
2021-11-26,6,2,4,3,2,1
2021-11-27,3,1,2,2,1,1
2021-11-28,4,1,2,1,2,1
2021-11-29,9,2,10,10,10,2
2021-11-30,12,1,5,6,6,1
2021-12-01,7,2,5,4,3,1
2021-12-02,7,1,9,10,10,1
2021-12-03,9,2,8,7,5,2
2021-12-04,10,1,2,1,1,1
2021-12-05,12,2,2,1,1,1
2021-12-06,18,1,10,12,11,1
2021-12-07,13,1,8,7,7,2
2021-12-08,13,2,11,11,10,1
2021-12-09,12,1,9,11,11,1
2021-12-10,13,2,11,11,10,1
2021-12-11,4,1,2,1,2,2
2021-12-12,3,2,1,1,1,1
2021-12-13,13,1,11,11,10,1
2021-12-14,13,1,9,11,12,1
2021-12-15,12,2,11,10,7,2
2021-12-16,13,1,10,11,7,1
2021-12-17,13,2,9,10,11,1
2021-12-18,8,1,2,1,1,1
2021-12-19,4,2,2,2,1,2
2021-12-20,12,1,9,11,12,1
2021-12-21,13,2,9,9,7,1
2021-12-22,12,1,10,11,10,1
2021-12-23,16,1,11,11,10,2
2021-12-24,18,2,10,11,12,1
2021-12-25,12,1,2,2,1,1
2021-12-26,3,2,1,1,1,2
2021-12-27,13,1,11,10,12,1
2021-12-28,13,2,10,10,10,1
2021-12-29,4,1,1,1,1,2
2021-12-30,3,2,2,1,1,1
2021-12-31,4,1,2,2,2,1
2022-01-01,3,2,1,1,1,1
2022-01-02,4,1,2,1,1,2
2022-01-03,3,2,2,1,1,1
2022-01-04,13,1,10,11,12,2
2022-01-05,15,2,9,10,10,2
2022-01-06,18,1,10,11,11,1
2022-01-07,18,1,10,11,10,2
2022-01-08,3,2,2,1,2,1
2022-01-09,3,1,1,1,1,1
2022-01-10,4,2,2,2,1,1
2022-01-11,13,1,10,11,11,2
2022-01-12,13,2,10,10,11,1
2022-01-13,13,1,11,10,11,2
2022-01-14,13,2,10,11,10,1
2022-01-15,10,1,2,2,1,1
2022-01-16,3,1,2,1,2,2
2022-01-17,14,2,9,10,11,1
2022-01-18,13,1,11,10,10,1
2022-01-19,13,2,9,11,12,2
2022-01-20,18,1,11,11,10,1
2022-01-21,19,2,9,11,12,2
2022-01-22,8,1,2,2,1,1
2022-01-23,9,2,1,1,1,1
2022-01-24,14,1,10,11,11,2
2022-01-25,13,2,10,10,11,1
2022-01-26,14,1,10,11,10,1
2022-01-27,16,1,11,11,11,2
2022-01-28,13,2,11,11,10,1
2022-01-29,10,1,2,2,1,1
2022-01-30,8,2,1,1,2,2
2022-01-31,14,1,11,10,10,1
2022-02-01,15,2,10,10,12,1
2022-02-02,13,1,10,10,10,2
2022-02-03,14,2,9,11,10,1
2022-02-04,14,1,11,10,11,2
2022-02-05,8,1,2,1,1,1
2022-02-06,9,2,1,1,1,1
2022-02-07,14,1,11,11,12,2
2022-02-08,14,2,9,11,10,1
2022-02-09,14,1,10,11,11,1
2022-02-10,13,2,10,11,11,2
2022-02-11,8,1,2,1,1,1
2022-02-12,12,2,2,1,1,1
2022-02-13,9,1,1,2,1,2
2022-02-14,14,1,11,10,11,1
2022-02-15,14,2,10,11,11,1
2022-02-16,13,1,10,10,12,2
2022-02-17,14,2,11,12,11,1
2022-02-18,13,1,10,11,10,1
2022-02-19,13,2,1,1,1,2
2022-02-20,10,1,2,1,1,1
2022-02-21,14,2,10,12,11,1
2022-02-22,14,1,11,11,11,2
2022-02-23,9,1,1,1,1,1
2022-02-24,14,2,11,11,10,1
2022-02-25,14,1,10,11,10,2
2022-02-26,8,2,1,1,1,1
2022-02-27,7,1,2,1,2,1
2022-02-28,14,2,11,10,10,1
2022-03-01,19,1,6,5,7,2
2022-03-02,19,1,10,8,7,1
2022-03-03,10,2,9,9,8,1
2022-03-04,13,1,10,11,10,1
2022-03-05,11,2,1,1,1,2
2022-03-06,8,1,2,1,1,1
2022-03-07,14,1,9,11,11,1
2022-03-08,14,2,10,11,11,1
2022-03-09,12,1,11,11,11,2
2022-03-10,14,2,10,10,11,1
2022-03-11,13,1,5,5,5,1
2022-03-12,9,2,2,1,1,1
2022-03-13,7,1,1,1,1,2
2022-03-14,9,1,2,2,1,1
2022-03-15,4,2,5,4,5,1
2022-03-16,6,1,4,4,1,1
2022-03-17,5,1,3,4,1,1
2022-03-18,13,2,10,10,11,2
2022-03-19,3,1,2,2,1,1
2022-03-20,4,2,2,1,1,1
2022-03-21,3,1,1,1,1,1
2022-03-22,12,1,10,10,11,1
2022-03-23,10,2,11,1,3,2
2022-03-24,9,1,10,12,10,1
2022-03-25,7,2,5,5,5,1
2022-03-26,4,1,1,1,2,1
2022-03-27,3,1,2,1,1,2
2022-03-28,7,2,4,4,4,1
2022-03-29,7,1,4,5,5,1
2022-03-30,6,2,4,3,2,1
2022-03-31,5,1,1,1,2,2
2022-04-01,9,1,10,10,11,1
2022-04-02,3,2,2,1,1,1
2022-04-03,4,1,2,1,1,1
2022-04-04,12,2,9,12,11,1
2022-04-05,9,1,7,4,7,2
2022-04-06,6,2,3,2,2,1
2022-04-07,6,1,3,3,4,1
2022-04-08,4,1,2,1,1,1
2022-04-09,4,2,1,1,2,2
2022-04-10,4,1,2,2,1,1
2022-04-11,5,2,2,1,1,1
2022-04-12,7,1,1,1,1,1
2022-04-13,7,1,4,1,1,2
2022-04-14,3,2,2,1,2,1
2022-04-15,3,1,1,1,1,1
2022-04-16,3,1,2,1,1,1
2022-04-17,4,2,1,1,1,1
2022-04-18,3,1,2,1,1,1
2022-04-19,4,2,1,1,2,1
2022-04-20,3,1,1,1,1,1
2022-04-21,3,1,2,1,1,1
2022-04-22,5,2,1,1,1,1
2022-04-23,3,1,2,1,1,1
2022-04-24,3,2,1,1,1,1
2022-04-25,6,1,4,1,2,1
2022-04-26,7,1,2,1,1,1
2022-04-27,10,2,4,2,1,2
2022-04-28,8,1,1,1,1,1
2022-04-29,3,1,1,1,2,1
2022-04-30,3,2,2,1,1,1
2022-05-01,4,1,1,1,1,1
2022-05-02,3,2,2,1,1,1
2022-05-03,3,1,1,1,1,1
2022-05-04,3,1,1,1,1,1
2022-05-05,3,2,2,1,1,1
2022-05-06,8,1,1,1,2,1
2022-05-07,3,1,2,1,1,1
2022-05-08,3,2,1,1,1,0
2022-05-09,4,1,1,1,1,2
2022-05-10,3,2,2,1,1,1
2022-05-11,3,1,1,1,2,1
2022-05-12,3,1,2,1,1,1
2022-05-13,7,2,1,1,1,1
2022-05-14,3,1,2,1,1,1
2022-05-15,3,1,1,1,1,1
2022-05-16,3,2,1,1,1,1
2022-05-17,3,1,2,1,2,1
2022-05-18,8,2,1,1,1,1
2022-05-19,11,1,2,1,1,1
2022-05-20,11,1,1,1,1,1
2022-05-21,3,2,1,0,1,1
2022-05-22,3,1,2,1,2,1
2022-05-23,6,1,1,1,1,1
2022-05-24,11,2,2,1,1,1
2022-05-25,11,1,2,2,1,2
2022-05-26,11,1,4,1,1,2
2022-05-27,9,2,1,1,2,1
2022-05-28,4,1,2,1,1,1
2022-05-29,7,2,1,1,1,1
2022-05-30,12,1,6,5,2,4
2022-05-31,4,1,2,1,1,1
2022-06-01,11,2,6,1,1,2
2022-06-02,11,1,6,5,1,2
2022-06-03,10,1,1,1,1,3
2022-06-04,3,2,1,1,1,1
2022-06-05,3,1,2,1,1,1
2022-06-06,4,1,1,1,1,1
2022-06-07,3,2,2,1,1,1
2022-06-08,4,1,1,1,1,1
2022-06-09,5,2,2,1,1,1
2022-06-10,11,1,1,1,1,1
2022-06-11,4,1,1,1,1,1
2022-06-12,3,2,2,1,1,1
2022-06-13,11,1,3,1,1,1
2022-06-14,4,1,2,1,1,1
2022-06-15,3,2,1,1,1,1
2022-06-16,8,1,2,1,1,1
2022-06-17,11,2,3,5,2,2
2022-06-18,8,1,2,1,1,1
2022-06-19,3,1,1,1,1,1
2022-06-20,15,2,9,8,8,4
2022-06-21,16,1,10,10,10,9
2022-06-22,13,1,6,4,4,3
2022-06-23,12,2,6,1,1,3
2022-06-24,12,1,9,11,10,11
2022-06-25,9,1,2,0,1,1
2022-06-26,9,2,1,1,1,1
2022-06-27,12,1,11,11,10,10
2022-06-28,13,1,10,10,11,10
2022-06-29,16,8,9,10,10,11
2022-06-30,12,9,11,10,11,10
2022-07-01,13,10,10,11,10,11
2022-07-02,11,9,1,1,1,1
2022-07-03,10,2,2,1,1,1
2022-07-04,12,9,10,12,11,9
2022-07-05,13,10,11,10,10,8
2022-07-06,13,2,7,5,5,5
2022-07-07,13,9,9,11,11,8
2022-07-08,12,3,5,5,6,6
2022-07-09,11,1,2,0,1,1
2022-07-10,12,1,1,1,1,1
2022-07-11,12,1,6,6,6,6
2022-07-12,13,10,9,12,11,10
2022-07-13,13,2,2,1,1,5
2022-07-14,12,8,5,1,1,3
2022-07-15,12,2,2,1,1,2
2022-07-16,5,2,1,0,1,1
2022-07-17,11,1,2,1,1,1
2022-07-18,9,1,6,7,6,4
2022-07-19,12,9,10,11,10,9
2022-07-20,13,2,7,6,5,5
2022-07-21,13,9,10,11,10,8
2022-07-22,13,3,7,7,6,6
2022-07-23,11,1,1,1,1,1
2022-07-24,11,1,2,1,1,1
2022-07-25,13,1,5,6,7,6
2022-07-26,12,10,11,12,11,10
2022-07-27,13,2,6,6,6,6
2022-07-28,12,9,10,10,10,11
2022-07-29,13,3,6,5,5,6
2022-07-30,12,1,1,1,1,1
2022-07-31,11,1,2,1,1,1
