,éûçèï 
0,inf
1,inf
5,inf
8,inf
10,inf
11,inf
12,80.71
13,inf
15,inf
17,inf
19,inf
20,inf
22,inf
23,84.09
25,inf
27,inf
29,83.6
30,inf
31,inf
32,inf
33,inf
34,78.85
35,inf
37,inf
38,inf
39,inf
40,74.68
42,inf
43,inf
45,81.57
46,inf
47,inf
48,inf
50,inf
51,83.24
52,inf
53,inf
54,inf
55,inf
56,51.84
57,inf
58,inf
60,inf
61,66.82
62,inf
63,inf
64,inf
65,inf
67,44.38
68,inf
69,inf
70,inf
74,inf
76,inf
77,inf
78,72.92
79,inf
80,inf
81,inf
82,inf
83,39.51
86,inf
87,inf
88,inf
91,inf
92,inf
94,85.12
96,inf
97,inf
98,inf
99,71.66
101,inf
102,inf
103,inf
104,inf
106,inf
108,inf
109,inf
111,inf
112,inf
113,inf
114,inf
115,73.45
117,inf
118,inf
120,inf
124,inf
125,inf
126,42.81
127,inf
128,inf
129,inf
130,inf
131,49.39
132,inf
133,inf
134,inf
135,inf
137,70.49
138,inf
139,inf
140,inf
142,80.21
145,inf
147,80.61
148,inf
149,inf
150,inf
151,inf
152,52.59
154,inf
155,inf
157,inf
159,inf
160,inf
161,inf
163,79.03
164,inf
166,inf
168,80.37
169,inf
170,inf
171,inf
172,inf
174,inf
176,inf
177,inf
178,inf
179,80.61
180,inf
182,inf
184,46.22
186,inf
187,inf
188,inf
189,47.88
190,inf
192,inf
193,inf
194,79.58
195,inf
196,inf
197,inf
200,52.98
201,inf
203,inf
204,inf
205,71.04
206,inf
208,inf
209,inf
211,inf
212,inf
213,inf
217,inf
218,inf
219,inf
220,inf
222,inf
223,inf
225,inf
227,inf
228,inf
229,inf
230,inf
233,inf
235,inf
236,86.95
237,inf
238,inf
239,inf
243,inf
244,inf
245,inf
246,inf
247,87.99
248,inf
249,inf
250,inf
251,inf
253,inf
254,inf
255,inf
256,inf
258,inf
260,inf
261,inf
262,inf
263,69.97
265,inf
266,inf
267,inf
268,82.52
270,inf
271,inf
272,inf
273,36.95
275,inf
277,inf
278,39.92
279,inf
280,inf
281,inf
282,inf
284,71.94
285,inf
286,inf
289,79.73
290,inf
291,inf
292,inf
294,inf
295,61.99
296,inf
297,inf
298,inf
299,inf
300,41.71
301,inf
302,inf
303,inf
305,inf
307,inf
310,inf
312,inf
313,inf
314,inf
315,inf
316,86.25
317,inf
319,inf
321,inf
322,21.6
324,inf
325,inf
326,inf
328,inf
329,inf
330,inf
332,inf
334,inf
335,inf
337,inf
339,inf
342,inf
345,inf
346,inf
347,inf
352,inf
353,inf
355,inf
356,inf
357,inf
359,inf
360,84.23
361,inf
362,inf
364,inf
365,84.36
367,inf
369,inf
370,73.27
371,inf
372,inf
375,inf
376,37.03
377,inf
378,inf
379,inf
382,inf
383,inf
384,inf
385,inf
387,83.88
388,inf
389,inf
390,inf
391,inf
392,66.09
393,inf
394,inf
396,inf
397,inf
399,inf
400,inf
401,inf
402,inf
404,inf
405,inf
406,inf
407,inf
408,inf
409,74.95
410,inf
412,inf
413,inf
415,inf
416,inf
417,inf
418,inf
419,44.04
420,inf
421,inf
422,inf
423,inf
424,inf
425,23.53
429,inf
431,inf
432,inf
433,inf
435,78.82
437,inf
441,41.08
443,inf
445,inf
447,inf
448,inf
449,inf
453,inf
454,inf
457,81.84
458,inf
459,inf
460,inf
462,34.81
464,inf
465,inf
466,inf
467,inf
468,76.25
469,inf
470,inf
471,inf
472,inf
473,57.84
474,inf
475,inf
476,inf
478,inf
479,83.35
483,inf
484,75.01
485,inf
486,inf
487,inf
488,inf
491,inf
493,inf
495,69.95
496,inf
498,inf
499,inf
502,inf
505,inf
506,51.7
508,inf
509,inf
510,inf
512,inf
513,inf
514,inf
515,inf
516,inf
518,inf
519,inf
520,inf
522,65.34
523,inf
524,inf
525,inf
528,87.11
529,inf
530,inf
531,inf
532,inf
534,inf
536,inf
537,inf
538,80.24
540,inf
542,inf
543,inf
544,80.07
545,inf
546,inf
549,78.45
550,inf
551,inf
554,inf
555,84.15
556,inf
559,inf
560,74.29
561,inf
562,inf
563,inf
564,inf
565,inf
566,70.37
567,inf
569,inf
571,43.36
572,inf
573,inf
574,inf
575,inf
578,inf
579,inf
580,inf
582,59.82
583,inf
584,inf
586,inf
587,29.21
588,inf
590,inf
592,inf
593,46.52
594,inf
595,inf
596,inf
597,inf
598,73.68
599,inf
600,inf
601,inf
602,inf
603,inf
604,37.96
607,inf
609,27.18
611,inf
612,inf
615,inf
616,inf
617,inf
619,inf
621,inf
622,inf
623,inf
624,inf
625,71.79
627,inf
628,inf
629,inf
630,inf
632,inf
633,inf
634,inf
635,inf
637,inf
638,inf
639,inf
640,inf
641,inf
642,68.95
643,inf
644,inf
645,inf
646,inf
647,79.31
648,inf
649,inf
650,inf
651,inf
652,83.8
655,inf
656,inf
658,56.9
662,inf
665,inf
666,inf
668,inf
670,inf
673,inf
675,inf
678,inf
679,65.92
681,inf
682,inf
683,inf
684,inf
685,79.67
686,inf
689,inf
690,39.7
692,inf
693,inf
697,inf
699,inf
703,inf
704,inf
705,inf
706,inf
708,inf
709,inf
711,inf
713,inf
715,inf
716,inf
718,86.8
720,inf
721,inf
722,inf
724,inf
726,inf
728,81.85
733,inf
734,57.39
736,inf
740,inf
741,inf
742,inf
744,inf
745,82.29
746,inf
747,inf
748,inf
749,inf
750,69.07
751,inf
752,inf
753,inf
754,inf
755,69.67
756,inf
758,inf
760,inf
762,inf
763,inf
765,inf
767,inf
768,inf
770,inf
771,inf
772,79.64
773,inf
777,51.61
778,inf
779,inf
781,inf
784,inf
788,80.98
790,inf
792,inf
793,74.83
794,inf
797,inf
798,inf
800,inf
801,inf
802,inf
803,inf
805,inf
806,inf
807,inf
808,inf
809,inf
811,inf
812,inf
814,inf
815,77.6
816,inf
819,inf
820,80.64
821,inf
822,inf
823,inf
824,inf
825,inf
827,inf
828,inf
829,inf
831,79.56
832,inf
833,inf
834,inf
835,inf
836,inf
837,65.51
838,inf
839,inf
841,inf
843,inf
844,inf
845,inf
846,inf
848,inf
850,inf
852,inf
853,46.36
854,inf
856,inf
859,inf
860,inf
862,inf
863,inf
865,inf
866,inf
870,inf
871,inf
873,inf
874,inf
875,53.96
876,inf
877,inf
878,inf
882,inf
884,inf
885,44.69
887,inf
888,inf
889,inf
892,inf
895,inf
896,85.16
898,inf
899,inf
900,inf
901,inf
904,inf
905,inf
907,35.55
908,inf
910,inf
913,77.02
914,inf
915,inf
918,67.24
919,inf
921,inf
922,36.31
923,60.66
924,11.89
926,15.41
928,1.8
930,inf
931,inf
932,74.52
933,inf
936,inf
937,inf
938,80.99
941,inf
942,inf
943,inf
944,2.29
945,15.96
946,28.58
947,38.5
949,11.35
950,36.87
951,6.37
952,3.57
953,34.47
956,58.5
957,inf
958,inf
959,inf
960,inf
961,inf
962,80.02
963,inf
965,inf
966,inf
967,58.4
968,inf
969,58.49
971,68.0
974,inf
975,inf
977,inf
979,inf
980,inf
981,inf
982,inf
983,inf
984,78.94
985,inf
986,inf
990,69.02
991,inf
992,inf
994,inf
995,inf
996,42.19
997,43.05
998,66.15
999,47.52
1001,20.72
1002,43.13
1005,inf
1006,inf
1007,87.62
1008,inf
1009,inf
1012,inf
1013,80.2
1014,inf
1015,inf
1016,inf
1017,inf
1018,inf
1021,inf
1022,inf
1023,inf
1024,41.37
1026,inf
1027,inf
1030,86.07
1033,inf
1034,inf
1035,inf
1036,82.82
1037,inf
1038,inf
1039,inf
1042,29.4
1043,inf
1044,1.25
1045,40.27
1046,11.86
1048,12.78
1049,0.46
1051,28.34
1052,inf
1053,inf
1054,79.72
1056,inf
1057,inf
1059,inf
1062,inf
1063,inf
1064,inf
1065,inf
1067,inf
1068,inf
1070,15.79
1071,inf
1074,inf
1075,27.33
1077,inf
1079,inf
1081,80.12
1082,inf
1083,inf
1085,inf
1086,77.79
1087,inf
1088,inf
1089,inf
1091,inf
1092,31.95
1093,inf
1095,inf
1098,34.57
1100,inf
1101,inf
1102,inf
1103,inf
1104,78.58
1105,inf
1107,inf
1108,inf
1110,inf
1111,inf
1112,inf
1113,65.16
1114,13.09
1115,30.93
1116,inf
1118,51.77
1119,63.47
1120,6.94
1121,0.31
1122,53.69
1123,78.04
1124,28.23
1126,76.4
1127,inf
1129,inf
1130,inf
1133,inf
1135,inf
1137,5.37
1138,12.71
1140,22.07
1141,28.22
1142,36.76
1143,52.57
1144,2.48
1147,55.59
1148,63.1
1149,inf
1151,inf
1152,inf
1153,inf
1154,71.83
1155,inf
1156,inf
1158,inf
1159,inf
1160,58.23
1162,inf
1163,24.39
1166,13.94
1167,43.87
1169,28.36
1170,49.88
1171,18.14
1172,inf
1173,inf
1174,inf
1177,inf
1178,inf
1179,inf
1181,67.18
1182,inf
1183,inf
1184,inf
1186,14.79
1187,inf
1188,80.76
1189,51.57
1190,inf
1192,6.27
1194,37.66
1197,inf
1198,inf
1199,inf
1200,inf
1201,82.09
1202,inf
1203,inf
1204,inf
1205,inf
1206,inf
1209,inf
1210,65.37
1211,71.52
1212,32.84
1213,18.23
1216,34.22
1217,35.03
1218,1.1
1219,inf
1220,7.28
1221,inf
1222,inf
1223,inf
1225,82.14
1227,inf
1228,inf
1231,78.89
1232,inf
1234,inf
1235,inf
1241,inf
1242,inf
1244,inf
1245,inf
1247,inf
1251,inf
1252,inf
1254,52.89
1255,59.18
1257,34.77
1258,16.3
1259,28.22
1260,0.16
1261,1.35
1263,6.56
1264,13.3
1265,44.17
1266,inf
1267,inf
1269,inf
1270,85.12
1272,inf
1273,inf
1274,inf
1275,inf
1276,80.0
1277,inf
1278,inf
1279,inf
1282,12.32
1283,12.38
1284,18.76
1285,16.26
1286,1.08
1287,29.41
1288,40.24
1289,24.25
1290,29.28
1291,28.27
1293,6.42
1294,inf
1295,inf
1297,inf
1298,inf
1299,78.49
1300,inf
1301,inf
1302,inf
1303,inf
1304,58.54
1306,1.33
1309,17.22
1312,39.11
1313,13.89
1314,29.02
1315,2.94
1316,26.99
1318,inf
1319,inf
1322,inf
1325,inf
1326,inf
1327,inf
1330,20.44
1331,2.63
1332,23.53
1333,68.27
1334,29.82
1335,8.03
1337,36.67
1338,1.79
1339,3.24
1341,47.5
1343,67.87
1344,inf
1345,inf
1346,inf
1348,inf
1349,82.75
1350,inf
1351,inf
1352,inf
1355,6.13
1356,21.39
1357,54.3
1358,11.04
1359,inf
1361,39.41
1362,24.94
1363,46.91
1364,inf
1365,inf
1366,74.2
1367,inf
1369,inf
1370,inf
1372,78.63
1374,inf
1375,inf
1378,inf
1380,53.59
1383,26.5
1385,0.97
1386,30.75
1387,30.13
1388,inf
1389,65.52
1390,inf
1391,inf
1392,inf
1395,inf
1396,inf
1398,inf
1399,inf
1401,inf
1402,inf
1403,inf
1405,15.11
1406,inf
1407,4.01
1408,7.12
1409,inf
1412,inf
1413,inf
1415,inf
1416,inf
1417,inf
1419,inf
1422,58.78
1423,69.13
1428,40.85
1430,8.85
1432,48.1
1435,46.54
1437,inf
1438,inf
1439,inf
1440,inf
1441,82.87
1442,inf
1443,inf
1444,inf
1446,inf
1447,5.79
1448,inf
1449,25.66
1450,11.67
1451,12.3
1452,34.14
1453,20.92
1457,3.35
1460,inf
1461,inf
1462,inf
1463,inf
1466,inf
1467,inf
1468,inf
1469,inf
1470,inf
1471,76.99
1472,inf
1474,14.96
1477,5.48
1478,15.94
1479,6.01
1481,5.88
1482,48.17
1483,35.75
1485,inf
1486,inf
1487,inf
1488,inf
1489,75.08
1490,inf
1492,inf
1494,68.08
1495,inf
1496,inf
1498,13.53
1500,1.28
1502,8.05
1503,17.68
1504,23.47
1505,5.26
1506,8.36
1510,inf
1511,inf
1513,inf
1514,inf
1518,inf
1522,17.94
1523,20.97
1524,14.7
1525,7.95
1526,23.03
1527,19.94
1529,9.59
1532,inf
1534,76.28
1535,inf
1537,inf
1539,inf
1540,80.63
1541,inf
1543,inf
1544,inf
1545,28.03
1547,11.46
1548,9.12
1549,11.14
1553,6.65
1555,122.05
1557,33.83
1558,inf
1559,inf
1560,inf
1561,inf
1562,86.2
1563,inf
1564,inf
1566,inf
1567,inf
1568,79.61
1569,32.6
1570,inf
1571,41.72
1575,44.85
1580,inf
1581,inf
1582,inf
1583,inf
1585,81.58
1586,inf
1587,inf
1589,inf
1590,inf
1591,76.28
1593,5.68
1594,inf
1595,inf
1598,19.58
1599,44.17
1600,inf
1601,49.53
1602,inf
1603,inf
1604,inf
1605,65.6
1606,inf
1607,inf
1608,inf
1609,inf
1610,inf
1611,82.64
1612,inf
1613,inf
1614,inf
1615,inf
1616,59.75
1617,28.49
1618,10.24
1619,6.14
1622,3.79
1625,20.6
1627,23.71
1628,17.26
1629,40.99
1630,inf
1631,inf
1634,74.75
1635,inf
1638,inf
1639,inf
1641,2.82
1642,7.13
1644,18.12
1646,0.6
1647,2.66
1649,19.33
1651,101.85
1652,11.81
1653,inf
1657,inf
1658,inf
1659,inf
1660,77.58
1661,inf
1662,inf
1663,inf
1664,inf
1666,14.71
1667,85.99
1669,0.6
1671,5.3
1672,19.02
1673,3.5
1674,6.68
1675,16.09
1676,inf
1678,inf
1679,63.97
1680,inf
1682,inf
1683,inf
1684,inf
1686,inf
1687,inf
1688,inf
1689,0.73
1694,6.56
1695,6.11
1697,16.21
1698,45.21
1700,39.36
1701,14.94
1703,inf
1704,inf
1705,82.82
1707,inf
1708,inf
1709,inf
1710,inf
1711,41.85
1712,inf
1714,13.88
1715,11.39
1716,16.91
1717,11.08
1718,23.84
1719,19.99
1720,7.48
1721,13.7
1722,30.99
1723,4.1
1724,51.87
1725,31.72
1727,inf
1728,inf
1729,inf
1730,inf
1733,inf
1734,inf
1735,inf
1736,inf
1737,20.9
1738,54.71
1739,23.75
1740,0.39
1741,12.67
1744,32.73
1745,84.64
1746,42.0
1748,48.91
1749,inf
1750,inf
1752,inf
1756,inf
1758,inf
1766,101.93
1767,114.69
1768,33.05
1769,37.37
1770,18.58
1771,inf
1772,inf
1773,inf
1774,60.73
1776,inf
1777,inf
1778,inf
1779,inf
1782,inf
1784,inf
1786,11.75
1787,4.54
1788,1.63
1789,0.69
1790,21.1
1791,0.17
1792,48.08
1794,135.26
1795,11.37
1798,inf
1799,inf
1800,inf
1802,77.64
1806,inf
1807,inf
1809,19.79
1810,11.23
1811,13.3
1812,19.18
1813,12.23
1815,3.22
1816,25.34
1818,10.9
1819,27.5
1820,inf
1821,inf
1822,inf
1824,inf
1825,inf
1826,inf
1828,inf
1830,inf
1833,20.85
1834,9.54
1835,9.54
1837,17.09
1838,199.02
1839,1.29
1840,41.86
1841,16.62
1842,182.91
1843,21.11
1844,34.73
1845,49.04
1847,inf
1848,68.09
1849,inf
1850,inf
1851,inf
1854,inf
1855,inf
1856,inf
1857,20.28
1858,15.24
1860,5.75
1861,14.81
1864,4.21
1866,32.0
1867,25.2
1869,inf
1871,inf
1872,81.83
1873,inf
1875,inf
1876,inf
1879,inf
1880,inf
1881,23.22
1882,35.65
1883,2.19
1884,16.48
1886,11.63
1889,182.31
1891,20.56
1892,11.46
1893,49.84
1894,77.43
1895,inf
1896,inf
1897,inf
1898,inf
1900,84.51
1902,inf
1904,inf
1906,inf
1908,inf
1910,2.87
1911,inf
1912,inf
1913,inf
1914,43.08
1916,55.81
1917,inf
1918,inf
1920,inf
1921,inf
1922,78.4
1923,inf
1925,inf
1927,49.91
1929,inf
1930,inf
1932,82.12
1933,111.54
1934,14.3
1936,14.73
1937,22.46
1938,9.11
1940,inf
1941,inf
1942,inf
1945,inf
1946,inf
1947,inf
1949,inf
1950,80.69
1951,inf
1952,inf
1953,0.8
1955,15.38
1956,24.19
1957,29.25
1958,1.57
1959,1.44
1961,19.66
1962,8.52
1963,25.54
1964,inf
1965,inf
1969,inf
1971,inf
1972,inf
1973,83.3
1978,3.69
1981,6.86
1985,24.42
1986,60.31
1989,48.11
1991,inf
1992,inf
1993,inf
1994,inf
1995,inf
1996,81.85
1998,inf
1999,inf
2000,inf
2001,22.4
2002,28.03
2003,0.21
2005,23.08
2008,19.24
2009,2.72
2010,14.74
2011,10.51
2013,30.26
2014,inf
2015,inf
2016,inf
2017,inf
2018,78.23
2022,inf
2024,inf
2026,13.98
2027,1.58
2028,7.27
2029,4.32
2030,10.84
2031,4.19
2032,7.06
2036,39.92
2037,26.03
2038,73.57
2040,inf
2042,inf
2043,inf
2044,79.69
2049,6.12
2050,26.11
2051,10.15
2053,1.24
2054,11.91
2055,7.5
2056,15.83
2058,12.68
2059,8.77
2060,7.84
2062,inf
2063,inf
2065,87.67
2066,inf
2067,inf
2068,inf
2069,inf
2070,inf
2071,76.45
2072,inf
2073,9.18
2074,27.49
2076,31.65
2077,15.23
2078,18.32
2079,9.54
2080,5.37
2081,6.3
2084,55.5
2085,inf
2087,inf
2088,inf
2089,71.65
2090,inf
2091,inf
2092,inf
2093,inf
2094,inf
2095,26.26
2096,inf
2098,8.17
2100,2.46
2101,33.68
2102,10.4
2103,29.72
2107,inf
2109,inf
2110,73.35
2111,inf
2113,inf
2114,inf
2115,inf
2116,80.9
2117,inf
2118,inf
2119,inf
2120,inf
2123,24.61
2124,8.77
2125,4.54
2126,5.08
2127,5.41
2129,8.9
2130,16.93
2131,38.78
2133,28.91
2134,inf
2136,80.49
2137,inf
2138,inf
2140,inf
2142,55.84
2146,10.77
2147,5.81
2148,14.7
2149,7.17
2151,14.19
2154,14.2
2155,31.28
2156,0.12
2157,18.93
2160,inf
2161,72.9
2163,inf
2164,inf
2167,68.22
2168,inf
2169,19.23
2171,8.54
2172,8.88
2173,11.77
2174,12.78
2176,4.54
2177,27.23
2178,78.42
2180,6.05
2181,inf
2182,inf
2183,inf
2184,70.32
2185,inf
2186,inf
2187,inf
2188,inf
2190,54.67
2191,inf
2192,inf
2193,29.4
2194,1.88
2195,10.98
2196,3.23
2197,19.83
2198,7.4
2200,16.5
2201,20.8
2202,43.08
2203,34.8
2204,inf
2206,inf
2207,inf
2208,77.02
2209,inf
2210,inf
2211,inf
2212,inf
2213,67.93
2214,inf
2216,inf
2217,4.79
2218,3.79
2219,17.4
2220,8.28
2222,76.73
2223,24.97
2225,4.74
2226,4.71
2227,5.82
2228,45.43
2229,38.73
2231,inf
2232,inf
2235,inf
2236,inf
2239,60.57
2240,inf
2241,inf
2242,inf
2243,inf
2244,10.41
2246,16.7
2247,27.01
2248,8.07
2249,0.35
2250,inf
2251,34.41
2254,inf
2255,inf
2256,77.02
2257,inf
2258,inf
2261,inf
2262,73.54
2263,inf
2264,68.63
2267,30.71
2268,38.06
2269,11.53
2272,inf
2273,inf
2274,inf
2277,inf
2278,inf
2279,inf
2282,inf
2284,inf
2285,inf
2287,inf
2288,inf
2291,8.95
2292,5.04
2298,21.86
2300,29.85
2301,inf
2302,53.55
2303,inf
2304,inf
2308,69.84
2310,inf
2311,inf
2312,50.1
2313,20.02
2314,28.94
2315,14.31
2316,2.06
2317,37.04
2318,5.59
2319,4.67
2321,5.87
2322,2.47
2324,30.71
2326,inf
2328,inf
2329,inf
2330,81.7
2331,inf
2332,inf
2333,inf
2334,inf
2335,inf
2336,4.99
2338,8.29
2339,3.48
2341,5.38
2342,0.61
2343,1.35
2344,6.76
2345,15.96
2346,35.94
2350,inf
2351,inf
2352,inf
2353,inf
2354,inf
2355,78.81
2356,inf
2357,inf
2358,inf
2359,44.1
2360,23.9
2361,8.59
2363,9.69
2364,13.63
2366,54.64
2367,8.49
2369,13.47
2370,15.66
2371,18.82
2372,34.55
2373,inf
2375,78.66
2376,inf
2378,inf
2379,inf
2380,inf
2382,inf
2383,inf
2384,39.14
2386,7.17
2388,11.41
2389,12.04
2390,18.15
2391,4.26
2393,14.66
2394,1.02
2395,21.58
2396,20.46
2397,47.86
2398,inf
2399,inf
2402,81.22
2403,inf
2404,inf
2405,inf
2406,inf
2407,inf
2409,5.62
2411,30.73
2412,7.99
2413,27.19
2414,0.7
2418,inf
2420,inf
2422,63.11
2423,inf
2424,inf
2425,inf
2428,81.78
2429,inf
2430,inf
2432,inf
2433,14.51
2434,28.35
2435,15.31
2436,0.44
2438,0.28
2439,7.43
2440,1.17
2441,22.33
2442,47.55
2443,35.36
2444,inf
2445,inf
2446,inf
2447,inf
2448,inf
2449,83.31
2451,inf
2456,33.7
2459,1.56
2460,18.92
2461,14.26
2462,0.76
2463,5.78
2464,0.54
2465,8.54
2466,46.23
2467,170.17
2468,10.77
2469,7.52
2470,inf
2471,inf
2472,75.81
2474,inf
2476,inf
2477,inf
2479,inf
2480,39.49
2482,7.39
2483,6.16
2484,14.82
2485,2.91
2486,10.82
2487,7.09
2489,4.72
2490,6.39
2491,0.06
2492,25.18
2494,inf
2495,47.91
2499,inf
2500,inf
2501,72.01
2502,inf
2503,55.51
2505,14.99
2506,23.75
2507,45.96
2508,3.32
2509,8.92
2511,8.85
2512,0.42
2515,5.66
2516,23.31
2517,41.63
2519,inf
2520,inf
2521,78.18
2522,inf
2523,inf
2525,inf
2526,inf
2527,38.13
2529,6.07
2532,6.51
2533,0.52
2535,1.1
2538,0.15
2539,6.65
2541,inf
2542,74.46
2543,inf
2544,inf
2545,inf
2547,inf
2549,inf
2550,inf
2551,5.55
2552,5.73
2553,4.66
2554,11.72
2555,1.5
2558,2.81
2560,8.32
2564,3.39
2565,33.2
2566,inf
2568,inf
2569,inf
2570,inf
2571,89.4
2572,inf
2573,inf
2574,inf
2575,inf
2576,4.66
2578,7.16
2579,11.46
2581,7.72
2582,10.88
2583,3.14
2584,12.57
2585,0.02
2587,8.12
2588,inf
2589,inf
2590,74.16
2591,inf
2592,inf
2594,inf
2595,inf
2596,83.93
2599,35.61
2600,23.39
2601,6.76
2607,9.67
2610,inf
2613,23.74
2616,inf
2617,inf
2618,inf
2619,inf
2620,83.92
2622,inf
2624,11.85
2625,0.07
2626,7.81
2627,4.78
2629,6.6
2630,18.87
2631,3.57
2633,5.96
2634,14.93
2635,20.42
2637,17.4
2638,57.71
2639,inf
2640,inf
2642,inf
2643,inf
2644,84.77
2646,inf
2648,8.31
2649,1.97
2650,4.81
2652,3.98
2653,0.93
2654,0.7
2655,7.42
2656,2.87
2657,4.32
2660,25.54
2664,inf
2665,inf
2666,inf
2667,inf
2668,inf
2669,53.64
2670,inf
2671,13.69
2672,17.29
2673,5.27
2675,3.08
2676,19.32
2680,0.1
2681,8.62
2682,20.76
2684,33.64
2685,20.24
2686,inf
2687,inf
2688,79.04
2692,inf
2693,inf
2695,inf
2696,inf
2697,8.3
2698,11.74
2699,16.51
2700,3.66
2701,14.72
2702,4.97
2703,2.84
2706,12.88
2707,41.31
2710,inf
2713,inf
2715,inf
2716,inf
2717,inf
2721,0.42
2722,1.84
2724,33.72
2725,16.01
2727,32.59
2728,20.51
2729,29.77
2731,3.47
2732,42.94
2733,7.69
2734,inf
2736,inf
2737,inf
2738,inf
2739,83.32
2742,inf
2743,inf
2744,inf
2745,0.11
2746,9.23
2750,5.93
2752,4.42
2754,12.14
2756,9.42
2757,inf
2759,inf
2760,inf
2763,inf
2764,inf
2766,inf
2768,51.17
2769,2.44
2770,11.0
2771,8.47
2774,16.01
2776,0.06
2778,27.66
2779,inf
2780,inf
2782,77.49
2783,inf
2785,inf
2786,inf
2787,inf
2789,inf
2791,24.2
2792,0.27
2793,18.5
2794,11.81
2795,10.59
2796,13.37
2798,3.07
2801,1.53
2802,53.65
2803,25.95
2805,30.04
2806,inf
2808,inf
2809,70.65
2811,inf
2814,inf
2815,33.69
2816,33.75
2817,4.67
2819,5.83
2820,24.71
2821,10.21
2822,4.78
2823,9.88
2824,7.2
2827,20.55
2828,16.97
2830,inf
2832,inf
2833,inf
2834,inf
2835,84.52
2836,inf
2837,inf
2838,inf
2840,46.86
2841,0.98
2842,2.93
2845,20.42
2846,10.24
2848,8.53
2849,4.54
2850,19.3
2851,6.76
2853,40.79
2854,inf
2855,inf
2857,71.28
2858,inf
2859,inf
2860,inf
2862,53.4
2864,27.82
2865,5.67
2866,12.58
2868,65.67
2869,56.94
2870,3.73
2872,0.76
2876,20.45
2877,6.03
2878,inf
2879,inf
2880,inf
2881,inf
2882,64.43
2883,inf
2884,inf
2885,inf
2886,inf
2887,48.25
2889,5.5
2890,1.65
2893,3.38
2895,9.39
2898,40.92
2899,42.02
2902,41.55
2905,inf
2906,inf
2907,inf
2909,inf
2910,inf
2911,inf
2912,inf
2913,13.96
2914,130.72
2915,4.2
2917,34.05
2919,116.23
2920,18.96
2921,inf
2922,52.1
2923,15.8
2926,90.25
2928,inf
2929,inf
2930,inf
2931,inf
2932,69.54
2933,inf
2934,inf
2936,51.43
2938,52.05
2939,7.48
2940,0.32
2941,86.8
2942,9.21
2943,2.05
2944,20.1
2945,28.62
2946,31.23
2947,37.89
2949,inf
2950,inf
2952,inf
2953,60.59
2954,inf
2955,inf
2958,inf
2959,25.04
2960,13.42
2962,9.12
2963,19.72
2964,5.76
2965,0.62
2966,8.18
2967,12.23
2968,1.14
2971,2.22
2972,0.79
2974,12.23
2975,inf
2976,inf
2978,inf
2980,71.42
2981,inf
2985,3.43
2986,4.04
2987,17.44
2992,5.49
2993,14.23
2995,1.21
2997,19.52
2999,inf
3000,inf
3001,inf
3002,100.84
3003,inf
3005,inf
3006,inf
3007,22.93
3008,0.28
3009,6.97
3011,0.35
3012,9.71
3013,1.14
3014,0.78
3015,10.17
3016,0.82
3017,2.06
3018,40.41
3019,16.04
3020,inf
3021,inf
3022,44.49
3023,inf
3024,inf
3025,inf
3026,inf
3027,inf
3029,inf
3030,inf
3031,4.85
3032,1.52
3035,14.44
3036,10.47
3038,4.79
3040,3.28
3041,6.95
3042,23.23
3044,40.85
3045,46.06
3046,inf
3047,inf
3048,60.22
3050,inf
3053,inf
3054,50.29
3056,7.31
3057,1.83
3060,10.55
3061,4.34
3064,1.48
3066,3.07
3069,8.28
3070,inf
3071,inf
3072,inf
3073,51.01
3075,inf
3078,inf
3081,19.13
3082,15.3
3084,5.29
3085,30.93
3087,35.33
3089,2.06
3090,20.22
3091,25.21
3092,inf
3093,10.68
3094,inf
3096,inf
3097,inf
3099,46.06
3100,inf
3101,inf
3103,inf
3104,inf
3105,7.43
3106,11.02
3108,16.94
3110,4.85
3111,24.08
3112,1.76
3114,16.53
3115,inf
3116,inf
3119,inf
3120,18.99
3121,inf
3122,inf
3123,inf
3125,inf
3126,28.6
3127,inf
3128,inf
3129,21.66
3130,3.55
3135,1.03
3136,8.58
3137,2.05
3138,35.01
3139,29.99
3140,inf
3143,inf
3144,inf
3145,60.68
3146,inf
3147,inf
3148,inf
3149,inf
3150,6.2
3151,21.51
3154,1.69
3157,24.51
3160,4.28
3161,8.97
3162,11.87
3163,21.62
3164,inf
3165,inf
3166,inf
3168,62.08
3169,inf
3170,inf
3172,inf
3173,inf
3174,39.3
3175,inf
3176,49.57
3178,1.24
3179,9.13
3181,8.53
3182,15.28
3183,12.67
3185,3.6
3186,17.28
3188,4.12
3189,4.87
3190,inf
3192,inf
3193,72.39
3195,inf
3196,inf
3197,inf
3198,inf
3199,34.67
3200,52.63
3201,18.86
3203,3.25
3205,1.36
3207,13.96
3208,16.76
3209,7.97
3210,12.44
3213,inf
3214,inf
3215,34.37
3216,inf
3217,inf
3218,inf
3219,inf
3220,75.23
3221,inf
3222,inf
3223,41.99
3225,8.23
3227,13.42
3228,18.59
3229,43.55
3230,44.42
3231,43.31
3238,59.05
3239,inf
3240,inf
3241,inf
3243,inf
3245,inf
3247,inf
3249,23.67
3250,18.84
3251,13.21
3252,0.17
3254,28.06
3255,13.87
3256,45.88
3257,15.18
3258,18.64
3259,inf
3261,inf
3262,inf
3263,inf
3264,72.38
3265,inf
3266,inf
3267,inf
3268,inf
3269,inf
3270,71.13
3271,inf
3273,23.27
3274,inf
3275,inf
3276,inf
3279,inf
3280,19.42
3281,inf
3283,63.22
3284,inf
3285,95.08
3286,inf
3287,inf
3288,inf
3289,inf
3290,80.34
3292,inf
3293,inf
3294,inf
3296,52.03
3297,82.08
3298,47.09
3299,16.59
3300,6.0
3303,10.82
3304,33.07
3305,34.18
3307,20.78
3308,6.88
3309,inf
3310,inf
3311,inf
3312,inf
3313,83.08
3314,inf
3316,inf
3317,inf
3318,inf
3319,39.51
3320,inf
3321,32.03
3322,29.64
3324,7.57
3325,10.94
3326,114.7
3327,8.4
3328,14.5
3329,22.47
3330,120.74
3332,31.15
3333,29.99
3334,inf
3335,inf
3336,inf
3338,inf
3339,inf
3341,inf
3342,39.8
3343,30.59
3344,19.49
3346,15.9
3348,4.88
3350,3.08
3351,26.52
3352,0.13
3353,29.77
3354,2.55
3355,4.45
3358,inf
3360,80.37
3362,inf
3363,inf
3364,inf
3365,inf
3366,15.49
3368,34.32
3370,4.66
3372,1.09
3374,11.15
3375,8.47
3376,14.53
3377,3.63
3379,22.08
3381,inf
3382,inf
3383,inf
3384,inf
3386,80.14
3387,inf
3388,inf
3391,40.52
3392,0.44
3394,15.78
3395,16.77
3397,5.02
3398,3.82
3399,9.89
3400,30.6
3401,16.65
3402,64.07
3403,12.76
3406,inf
3407,inf
3410,inf
3412,inf
3414,57.53
3415,inf
3416,23.28
3418,3.92
3420,5.72
3421,5.78
3422,0.7
3423,21.14
3425,20.92
3427,72.97
3428,inf
3430,inf
3431,inf
3433,inf
3434,inf
3435,77.38
3436,inf
3437,inf
3438,inf
3439,inf
3442,3.34
3443,21.04
3445,8.89
3446,6.22
3447,12.7
3448,6.1
3451,inf
3452,42.58
3454,inf
3456,inf
3457,inf
3458,69.26
3460,inf
3462,inf
3465,27.42
3467,9.46
3470,6.3
3471,0.13
3473,2.98
3474,11.14
3478,61.1
3479,inf
3480,inf
3481,inf
3482,inf
3484,75.57
3485,inf
3486,inf
3488,30.34
3489,2.91
3490,9.26
3491,6.64
3492,0.55
3493,5.58
3495,6.88
3496,5.53
3497,4.18
3498,2.74
3499,14.8
3500,2.75
3502,61.63
3504,inf
3506,inf
3508,inf
3509,inf
3510,inf
3511,27.28
3513,6.91
3514,8.4
3515,2.65
3516,1.35
3517,0.5
3519,18.25
3520,1.06
3522,12.21
3523,7.48
3525,33.17
3526,inf
3527,inf
3529,inf
3532,inf
3535,inf
3538,2.97
3539,5.06
3540,16.28
3542,13.93
3543,3.41
3546,2.73
3547,8.05
3549,1.24
3550,inf
3551,64.74
3554,inf
3555,inf
3556,inf
3558,48.54
3559,13.51
3560,17.69
3562,19.07
3563,2.57
3564,5.88
3568,0.99
3569,0.44
3570,2.47
3571,4.77
3572,15.65
3573,16.71
3575,inf
3576,inf
3577,inf
3578,inf
3579,73.17
3581,inf
3582,inf
3583,104.58
3584,24.7
3585,5.71
3587,3.29
3588,21.85
3591,3.22
3593,5.84
3594,7.66
3597,inf
3598,inf
3600,inf
3601,inf
3602,44.27
3603,inf
3607,32.44
3608,9.59
3609,1.76
3610,11.46
3613,0.03
3614,12.85
3616,7.22
3618,32.29
3619,78.18
3620,52.33
3621,25.12
3623,53.77
3624,inf
3626,inf
3630,inf
3631,49.39
3632,5.23
3634,4.21
3635,7.63
3636,18.35
3637,2.22
3638,0.1
3639,0.26
3640,2.87
3641,12.96
3643,39.02
3645,25.07
3646,inf
3649,inf
3650,inf
3651,inf
3652,inf
3654,inf
3656,13.2
3658,10.04
3660,13.52
3661,1.7
3663,30.55
3664,7.84
3665,47.32
3667,6.25
3669,31.43
3670,inf
3672,59.9
3673,inf
3675,inf
3677,inf
3678,57.62
3679,inf
3682,0.52
3683,21.24
3685,14.32
3686,29.52
3689,22.16
3690,32.93
3691,35.42
3692,inf
3693,1.95
3695,inf
3696,inf
3697,inf
3698,inf
3699,70.86
3700,inf
3701,inf
3702,inf
3703,inf
3704,inf
3705,81.59
3706,72.16
3707,14.1
3708,19.86
3709,32.2
3710,5.04
3711,19.46
3713,36.74
3714,92.44
3715,25.67
3716,inf
3717,inf
3718,inf
3721,76.9
3722,inf
3724,inf
3725,inf
3726,74.08
3727,inf
3728,inf
3729,7.67
3730,32.14
3731,25.77
3733,1.36
3735,26.21
3736,11.31
3738,45.59
3740,inf
3741,inf
3742,inf
3743,inf
3744,81.16
3745,inf
3746,inf
3747,inf
3748,inf
3749,inf
3751,inf
3753,2.78
3754,inf
3756,5.91
3757,inf
3758,29.86
3760,32.26
3762,25.56
3765,inf
3766,98.19
3767,inf
3769,inf
3770,inf
3771,83.12
3772,inf
3775,inf
3778,inf
3780,35.51
3782,inf
3783,inf
3784,49.56
3785,inf
3786,inf
3788,73.35
3789,inf
3790,inf
3792,inf
3793,inf
3794,77.57
3795,inf
3796,inf
3797,inf
3799,inf
3800,67.79
3801,inf
3803,5.08
3804,19.75
3805,33.03
3806,7.46
3807,35.57
3808,27.21
3809,46.17
3810,47.91
3812,67.28
3813,inf
3814,68.58
3815,inf
3816,inf
3817,inf
3818,inf
3819,inf
3820,80.08
3821,inf
3823,inf
3824,inf
3825,36.82
3827,19.65
3828,73.81
3831,23.53
3833,44.83
3835,27.93
3836,68.73
3837,inf
3838,77.46
3839,inf
3841,inf
3842,inf
3843,73.98
3844,inf
3846,inf
3847,inf
3848,inf
3849,13.19
3850,54.92
3851,105.82
3853,132.57
3854,24.45
3855,28.28
3857,29.78
3858,25.56
3859,inf
3863,69.78
3864,inf
3866,inf
3867,inf
3868,inf
3870,inf
3871,inf
3872,inf
3873,41.48
3874,65.7
3877,22.64
3878,36.2
3879,22.36
3881,4.75
3882,15.76
3883,44.39
3885,inf
3889,inf
3890,inf
3893,76.61
3894,inf
3895,inf
3896,inf
3898,22.12
3899,3.13
3900,16.46
3901,16.14
3903,3.68
3904,8.42
3905,47.61
3907,5.16
3908,13.42
3909,24.02
3910,inf
3911,inf
3914,75.59
3915,inf
3916,inf
3918,inf
3921,78.01
3922,13.88
3924,15.68
3925,25.39
3926,inf
3927,inf
3929,inf
3931,inf
3933,84.46
3934,inf
3935,inf
3938,inf
3939,85.36
3940,inf
3941,inf
3943,inf
3944,inf
3945,19.4
3946,10.31
3951,4.2
3952,3.46
3953,22.94
3954,inf
3955,inf
3956,inf
3957,63.55
3958,inf
3959,inf
3960,inf
3961,inf
3963,78.82
3964,inf
3965,inf
3967,inf
3968,3.96
3970,12.0
3971,10.46
3972,27.45
3973,3.82
3975,0.91
3977,4.87
3978,17.91
3979,7.2
3980,53.38
3981,26.82
3982,inf
3983,inf
3986,inf
3987,inf
3989,inf
3992,39.35
3994,28.66
3995,6.37
3996,15.04
3997,22.44
4000,26.19
4001,11.83
4003,40.24
4004,43.5
4005,15.58
4006,inf
4007,74.94
4008,inf
4009,inf
4010,inf
4011,inf
4013,inf
4014,inf
4015,inf
4016,44.0
4017,22.08
4020,14.55
4021,6.91
4022,18.8
4023,6.08
4024,8.64
4025,19.01
4027,34.63
4028,35.6
4029,33.31
4030,75.97
4031,inf
4032,inf
4034,inf
4035,77.52
4036,inf
4039,inf
4040,45.01
4041,18.45
4042,6.23
4043,30.1
4045,14.02
4048,5.85
4049,27.11
4050,59.55
4051,43.16
4052,inf
4053,38.71
4056,inf
4057,inf
4058,inf
4059,81.51
4061,inf
4062,inf
4064,79.12
4065,inf
4066,4.48
4070,27.06
4071,15.46
4072,19.2
4073,137.62
4074,92.11
4075,1.03
4076,13.79
4077,15.95
4079,72.46
4083,inf
4084,inf
4085,62.78
4087,inf
4088,inf
4089,5.97
4091,31.03
4092,73.96
4094,19.07
4095,47.54
4096,29.65
4097,12.68
4099,33.48
4100,inf
4102,66.84
4103,inf
4104,inf
4105,inf
4107,inf
4108,83.99
4109,inf
4110,inf
4111,inf
4115,21.92
4116,8.73
4117,35.97
4118,6.86
4120,3.37
4121,36.04
4122,16.88
4124,inf
4127,83.32
4128,inf
4129,inf
4130,inf
4131,inf
4132,inf
4133,80.04
4134,inf
4135,inf
4136,inf
4137,98.23
4138,3.6
4139,9.38
4140,31.48
4141,12.45
4143,13.92
4145,83.36
4146,26.27
4147,inf
4148,56.08
4149,inf
4152,inf
4154,81.21
4155,inf
4156,inf
4157,inf
4158,inf
4159,inf
4160,84.27
4163,4.9
4164,13.75
4167,6.54
4168,6.29
4169,2.08
4170,15.73
4171,3.02
4172,inf
4173,43.6
4174,inf
4175,inf
4176,inf
4177,79.91
4178,inf
4180,inf
4181,inf
4183,inf
4185,8.78
4186,13.84
4187,15.82
4190,6.93
4192,17.03
4193,59.71
4194,28.07
4199,inf
4200,82.38
4201,inf
4204,inf
4205,inf
4207,55.48
4208,inf
4209,49.51
4210,25.92
4211,44.15
4214,5.51
4215,4.79
4216,10.25
4218,3.31
4220,inf
4223,inf
4224,78.7
4225,inf
4226,inf
4229,inf
4230,76.85
4231,inf
4232,22.08
4234,61.59
4236,13.21
4237,0.95
4238,7.35
4239,7.3
4241,18.11
4242,24.97
4243,3.23
4244,15.1
4247,inf
4250,inf
4251,75.24
4252,inf
4254,inf
4255,inf
4256,inf
4258,33.72
4259,2.99
4260,inf
4261,inf
4262,11.34
4263,inf
4264,inf
4266,64.86
4267,22.39
4268,60.58
4269,inf
4270,inf
4271,inf
4272,inf
4273,69.54
4274,inf
4276,inf
4278,inf
4281,11.64
4283,7.36
4285,55.8
4286,inf
4287,39.24
4288,inf
4289,43.79
4290,26.47
4291,inf
4292,inf
4293,inf
4294,inf
4299,inf
4301,77.16
4302,inf
4303,inf
4304,inf
4305,110.22
4306,4.57
4307,5.5
4308,18.58
4310,5.07
4312,15.53
4314,52.46
4317,35.32
4318,inf
4319,inf
4323,81.08
4324,inf
4325,inf
4327,inf
4328,49.91
4329,inf
4330,31.95
4331,21.15
4333,31.31
4334,6.25
4337,2.2
4339,15.59
4340,inf
4341,inf
4342,inf
4343,inf
4344,82.35
4346,inf
4347,inf
4348,inf
4349,inf
4350,64.19
4351,inf
4352,inf
4353,115.21
4360,44.34
4361,31.76
4362,15.0
4365,39.99
4367,inf
4368,78.63
4370,inf
4371,inf
4372,inf
4373,inf
4374,57.03
4377,9.56
4378,0.65
4379,8.5
4380,3.86
4381,52.27
4383,13.98
4386,7.49
4387,22.89
4388,38.0
4391,58.39
4392,inf
4393,inf
4394,inf
4395,inf
4400,inf
4401,13.79
4402,32.83
4404,6.06
4405,60.6
4406,26.9
4408,75.33
4409,15.98
4410,40.56
4411,38.02
4412,inf
4413,inf
4414,inf
4415,inf
4416,85.27
4417,inf
4418,inf
4419,inf
4420,inf
4421,84.72
4422,inf
4423,inf
4425,inf
4426,inf
4427,28.05
4428,inf
4429,inf
4430,12.98
4431,38.23
4432,45.53
4434,43.49
4435,41.76
4437,inf
4438,inf
4439,inf
4440,inf
4441,80.07
4442,inf
4443,inf
4444,inf
4445,inf
4447,101.95
4448,inf
4450,inf
4451,19.22
4453,53.74
4454,inf
4455,inf
4456,1.55
4457,inf
4458,2.7
4459,70.43
4460,47.85
4461,inf
4462,inf
4463,inf
4464,inf
4465,78.52
4466,inf
4467,inf
4468,inf
4469,inf
4470,inf
4472,inf
4473,38.84
4474,0.66
4475,8.54
4477,5.94
4478,5.49
4479,6.07
4480,12.32
4483,0.59
4484,18.58
4486,inf
4488,78.45
4489,inf
4491,inf
4492,inf
4494,72.63
4495,inf
4496,inf
4497,17.96
4499,8.95
4500,2.97
4501,11.06
4502,17.28
4504,6.64
4505,1.41
4506,100.75
4508,44.47
4509,22.37
4511,inf
4513,inf
4514,inf
4515,80.17
4518,inf
4519,inf
4521,6.63
4523,16.8
4524,23.72
4525,10.59
4526,8.52
4527,1.58
4528,32.88
4530,25.54
4532,7.63
4533,52.71
4535,inf
4537,72.39
4538,inf
4539,inf
4540,inf
4542,inf
4546,24.13
4547,28.1
4549,19.34
4551,10.47
4553,40.21
4554,30.76
4555,12.94
4556,inf
4557,53.66
4560,inf
4561,inf
4562,80.75
4563,inf
4564,inf
4565,inf
4566,inf
4568,inf
4570,3.52
4572,16.47
4573,23.11
4578,17.34
4579,0.4
4581,inf
4582,inf
4586,inf
4588,83.13
4589,inf
4590,inf
4592,inf
4593,8.73
4594,3.38
4595,20.3
4596,8.39
4597,35.13
4599,1.0
4600,0.01
4601,16.57
4604,inf
4605,inf
4606,inf
4607,inf
4609,inf
4611,inf
4612,inf
4613,83.17
4615,inf
4616,inf
4617,11.96
4618,inf
4619,inf
4620,54.51
4622,inf
4623,16.84
4624,inf
4625,35.81
4626,3.13
4627,66.55
4628,inf
4629,inf
4630,inf
4631,82.1
4633,inf
4634,inf
4636,inf
4637,83.99
4638,inf
4640,inf
4641,10.97
4643,21.61
4644,1.69
4645,0.18
4646,5.26
4647,2.29
4648,2.2
4649,18.2
4653,inf
4654,76.55
4655,inf
4656,inf
4657,inf
4658,inf
4663,inf
4664,62.37
4665,15.62
4667,18.38
4669,36.49
4670,27.11
4671,3.86
4672,43.71
4673,8.02
4674,5.59
4675,45.95
4676,inf
4677,51.76
4678,inf
4679,inf
4680,inf
4681,85.31
4683,inf
4686,inf
4687,59.01
4688,inf
4689,29.52
4690,14.11
4695,19.73
4696,26.87
4697,45.53
4698,61.62
4701,inf
4702,inf
4703,inf
4704,69.69
4705,inf
4707,inf
4708,inf
4710,74.05
4711,inf
4712,inf
4714,12.09
4715,11.83
4716,15.78
4718,2.05
4719,4.62
4720,5.47
4722,36.87
4723,22.74
4724,43.77
4725,inf
4728,inf
4730,75.35
4731,inf
4732,inf
4734,inf
4738,27.69
4739,81.16
4740,21.13
4741,19.7
4743,20.74
4744,22.06
4745,11.09
4746,1.42
4749,6.79
4751,70.11
4754,inf
4755,inf
4758,inf
4759,inf
4761,32.54
4762,15.77
4763,39.92
4764,61.0
4765,11.42
4768,32.43
4769,59.09
4770,inf
4771,inf
4772,inf
4773,inf
4775,inf
4776,inf
4777,inf
4778,inf
4779,inf
4783,inf
4784,53.67
4785,5.27
4786,8.5
4787,58.36
4788,13.91
4789,20.12
4790,inf
4792,inf
4793,inf
4794,inf
4795,82.36
4796,inf
4797,inf
4798,inf
4799,inf
4800,inf
4801,79.71
4802,inf
4803,inf
4804,inf
4805,inf
4807,56.98
4809,inf
4810,52.23
4811,26.9
4812,39.69
4814,16.04
4815,59.82
4817,51.15
4820,inf
4821,inf
4822,75.0
4824,inf
4827,inf
4828,78.48
4830,inf
4831,inf
4832,inf
4833,inf
4834,41.16
4835,inf
4836,inf
4837,49.99
4840,22.11
4841,20.47
4843,inf
4844,inf
4845,inf
4846,inf
4847,inf
4848,80.58
4850,inf
4851,inf
4852,inf
4853,85.33
4854,inf
4855,inf
4856,inf
4859,4.87
4860,inf
4862,70.3
4864,46.35
4866,26.76
4868,inf
4869,56.0
4870,inf
4871,inf
4872,inf
4873,inf
4874,inf
4876,inf
4877,inf
4879,inf
4881,19.61
4884,42.12
4885,inf
4886,37.4
4887,44.35
4889,50.39
4892,70.14
4894,inf
4896,inf
4897,inf
4898,81.82
4899,inf
4900,inf
4901,inf
4906,inf
4907,16.57
4909,inf
4911,58.08
4913,61.26
4914,inf
4916,inf
4919,inf
4920,inf
4921,inf
4922,inf
4924,69.77
4925,inf
4926,inf
4928,inf
4930,inf
4931,inf
4932,inf
4933,inf
4934,inf
4936,inf
4938,inf
4940,inf
4942,inf
4943,inf
4946,81.51
4948,inf
4949,inf
4950,inf
4953,inf
4954,inf
4957,inf
4958,33.88
4959,inf
4960,inf
4961,inf
4965,inf
4966,inf
4967,inf
4968,inf
4969,79.75
4971,inf
4972,inf
4974,inf
4975,57.65
4976,inf
4977,inf
4978,13.17
4979,inf
4982,24.11
4983,52.12
4987,inf
4988,inf
4990,inf
4991,63.62
4992,inf
4994,inf
4995,inf
4997,43.08
4998,inf
4999,inf
5000,inf
5001,inf
5002,37.99
5003,inf
5005,inf
5006,60.18
5007,10.39
5008,54.49
5010,inf
5011,inf
5012,inf
5013,inf
5014,76.33
5016,inf
5019,inf
5020,84.58
5021,inf
5022,inf
5023,inf
5025,inf
5027,inf
5030,inf
5031,inf
5032,24.32
5034,inf
5035,inf
5036,inf
5037,56.42
5038,inf
5040,inf
5041,inf
5042,inf
5043,81.34
5044,inf
5045,inf
5049,40.72
5050,22.87
5051,20.56
5052,22.97
5055,20.64
5056,0.85
5057,1.62
5058,inf
5059,inf
5060,inf
5061,inf
5063,64.47
5064,inf
5065,inf
5066,inf
5069,82.1
5070,inf
5071,inf
5072,inf
5075,inf
5076,inf
5077,55.75
5078,67.38
5079,30.92
5080,inf
5081,50.89
5083,inf
5084,inf
5086,78.02
5089,inf
5090,inf
5091,inf
5092,82.36
5096,inf
5097,inf
5099,inf
5100,inf
5103,77.31
5105,inf
5106,inf
5107,inf
5108,inf
5109,72.89
5110,inf
5111,inf
5113,inf
5114,inf
5115,89.94
5116,inf
5117,inf
5118,inf
5120,inf
5121,59.7
5122,inf
5124,inf
5126,29.12
5127,inf
5129,inf
5130,inf
5132,97.53
5134,inf
5135,inf
5137,inf
5139,inf
5140,inf
5141,inf
5142,inf
5143,81.07
5144,inf
5146,73.78
5147,inf
5148,inf
5149,63.55
5150,inf
5151,inf
5153,inf
5154,69.99
5155,inf
5156,inf
5157,inf
5158,inf
5159,inf
5160,66.52
5161,inf
5163,inf
5164,inf
5165,inf
5166,67.12
5167,inf
5169,inf
5170,inf
5172,inf
5173,inf
5175,inf
5176,39.62
5177,51.28
5178,inf
5179,inf
5181,inf
5182,inf
5184,inf
5185,81.31
5186,inf
5187,inf
5188,inf
5189,inf
5190,69.57
5191,inf
5193,inf
5194,8.92
5195,inf
5196,inf
5198,39.93
5200,73.94
5202,inf
5204,inf
5206,inf
5209,79.31
5210,inf
5211,inf
5212,inf
5213,inf
5215,65.01
5216,inf
5217,inf
5219,68.68
5220,inf
5221,inf
5225,inf
5226,inf
5227,inf
5228,inf
5229,62.47
5230,inf
5231,inf
5232,inf
5234,inf
5235,81.17
5236,inf
5237,inf
5238,inf
5239,inf
5240,inf
5241,63.47
5246,inf
5247,inf
5248,inf
5249,inf
5251,73.75
5252,inf
5254,inf
5255,inf
5258,inf
5259,inf
5260,inf
5262,inf
5263,60.97
5264,79.78
5265,66.08
5266,30.27
5267,inf
5268,68.45
5269,inf
5270,inf
5271,inf
5272,inf
5273,35.84
5274,inf
5277,inf
5278,inf
5279,87.53
5280,inf
5282,inf
5283,inf
5284,79.44
5286,inf
5288,inf
5290,inf
5291,inf
5292,inf
5293,inf
5294,32.1
5296,inf
5297,inf
5298,inf
5300,74.32
5301,inf
5303,inf
5304,inf
5305,69.47
5306,inf
5307,inf
5308,inf
5309,inf
5311,inf
5313,inf
5314,inf
5315,68.05
5316,inf
5318,inf
5321,38.08
5322,inf
5324,inf
5325,inf
5328,inf
5329,inf
5330,inf
5332,84.91
5335,inf
5336,inf
5338,inf
5339,inf
5341,inf
5342,30.68
5343,inf
5345,inf
5346,inf
5347,60.55
5348,inf
5349,inf
5350,inf
5355,inf
5356,inf
5357,inf
5358,69.28
5359,inf
5360,inf
5362,inf
5365,inf
5366,inf
5369,45.43
5370,inf
5371,inf
5376,inf
5378,inf
5379,inf
5381,inf
5382,inf
5384,inf
5385,54.33
5386,inf
5387,inf
5389,inf
5390,62.47
5395,44.19
5397,inf
5400,82.65
5401,inf
5403,inf
5404,inf
5405,inf
5406,72.51
5407,inf
5408,inf
5409,inf
5410,inf
5411,65.62
5412,inf
5413,inf
5414,inf
5417,inf
5419,inf
5421,inf
5422,73.79
5423,inf
5424,inf
5425,inf
5426,inf
5427,71.92
5428,inf
5429,inf
5430,inf
5431,inf
5432,52.45
5435,inf
5436,inf
5437,inf
5439,inf
5440,inf
5443,7.0
5444,inf
5445,inf
5446,inf
5447,inf
5448,83.2
5449,inf
5450,inf
5451,inf
5453,80.98
5454,inf
5455,inf
5456,inf
5457,inf
5459,53.32
5460,inf
5461,inf
5463,inf
5464,34.96
5467,inf
5468,inf
5470,inf
5471,inf
5472,inf
5473,inf
5474,inf
5477,inf
5478,inf
5479,inf
5480,51.59
5481,inf
5482,inf
5483,inf
5484,inf
5486,inf
5487,inf
5489,inf
5492,inf
5493,inf
5496,80.68
5497,inf
5498,inf
5499,inf
5500,inf
5501,82.17
5502,inf
5503,inf
5505,inf
5506,inf
5507,70.17
5508,inf
5510,inf
5512,50.1
5513,inf
5515,inf
5517,71.63
5518,inf
5519,inf
5521,inf
5522,inf
5523,79.34
5524,inf
5525,inf
5526,inf
5527,inf
5528,57.73
5529,inf
5533,59.64
5534,inf
5535,inf
5536,inf
5537,inf
5539,64.79
5541,inf
5542,inf
5544,81.47
5545,inf
5547,inf
5549,inf
5550,60.97
5551,inf
5552,inf
5553,inf
5554,inf
5555,50.33
5556,inf
5560,53.26
5562,inf
5563,inf
5564,inf
5567,inf
5568,inf
5569,inf
5570,inf
5571,81.35
5572,inf
5574,inf
5575,inf
5576,55.89
5578,inf
5580,inf
5581,inf
5582,54.8
5583,inf
5584,inf
5585,inf
5587,67.34
5588,inf
5591,inf
5592,83.35
5593,inf
5595,inf
5596,inf
5597,inf
5598,57.67
5599,inf
5601,inf
5603,77.75
5604,inf
5605,inf
5606,inf
5607,inf
5609,18.71
5610,inf
5611,inf
5612,inf
5613,inf
5615,inf
5616,inf
5617,inf
5618,inf
5620,inf
5622,inf
5623,inf
5627,inf
5628,inf
5629,inf
5630,40.78
5632,inf
5633,inf
5634,inf
5635,87.58
5636,inf
5638,inf
5640,75.03
5641,inf
5642,inf
5645,89.4
5646,inf
5647,inf
5649,32.07
5650,inf
5651,inf
5653,46.28
5654,46.71
5655,inf
5656,inf
5657,44.32
5658,inf
5659,inf
5660,inf
5661,inf
5665,inf
5666,inf
5667,inf
5668,60.3
5670,inf
5671,inf
5672,inf
5673,35.65
5674,inf
5675,inf
5676,inf
5677,inf
5679,inf
5680,inf
5681,inf
5683,65.36
5684,inf
5685,inf
5686,inf
5687,inf
5692,inf
5693,inf
5694,67.33
5695,inf
5696,inf
5697,inf
5698,inf
5700,inf
5701,inf
5702,inf
5703,inf
5704,68.26
5706,inf
5708,inf
5709,45.91
5714,inf
5715,85.14
5716,inf
5717,inf
5718,inf
5720,46.47
5724,inf
5726,inf
5728,inf
5729,inf
5730,56.0
5731,inf
5733,inf
5734,inf
5735,87.2
5736,inf
5737,inf
5738,inf
5740,71.96
5741,inf
5742,inf
5743,inf
5744,inf
5745,inf
5747,inf
5748,inf
5749,inf
5750,inf
5751,75.74
5753,inf
5755,inf
5756,81.84
5757,inf
5759,inf
5761,66.96
5762,inf
5764,inf
5765,inf
5766,74.25
5768,inf
5769,inf
5771,inf
5772,4.23
5775,inf
5776,inf
5777,38.31
5781,inf
5782,inf
5784,inf
5785,inf
5786,60.38
5788,inf
5791,29.43
5792,inf
5794,16.12
5795,8.04
5796,30.13
5799,5.56
5801,25.46
5802,18.81
5803,inf
5806,69.52
5807,inf
5808,inf
5809,inf
5810,inf
5813,inf
5815,47.22
5816,18.92
5819,13.92
5820,12.58
5821,12.08
5822,inf
5824,inf
5826,inf
5828,51.39
5829,34.15
5830,inf
5831,inf
5832,inf
5834,inf
5835,inf
5836,inf
5838,100.71
5840,13.36
5841,23.73
5842,53.66
5843,32.71
5845,12.58
5847,inf
5848,inf
5849,inf
5851,inf
5852,inf
5854,inf
5855,inf
5856,41.62
5857,inf
5858,inf
5860,inf
5861,38.72
5863,33.8
5864,25.14
5865,21.56
5867,inf
5869,42.12
5870,inf
5871,inf
5872,inf
5873,inf
5874,44.63
5876,inf
5877,inf
5878,inf
5880,inf
5881,inf
5882,inf
5883,inf
5884,inf
5885,80.61
5886,inf
5891,inf
5892,inf
5893,inf
5897,inf
5898,inf
5899,inf
5901,inf
5904,inf
5905,76.59
5906,inf
5908,inf
5909,inf
5910,inf
5911,42.68
5912,24.1
5914,inf
5915,inf
5916,44.91
5917,inf
5919,inf
5921,70.24
5923,inf
5924,inf
5925,inf
5926,inf
5927,96.42
5929,inf
5930,inf
5931,inf
5932,72.55
5933,inf
5934,inf
5935,inf
5937,40.67
5938,inf
5939,inf
5942,inf
5945,inf
5946,inf
5950,33.13
5951,inf
5952,inf
5953,inf
5955,27.84
5958,inf
5959,inf
5960,45.92
5961,26.29
5962,12.71
5964,18.38
5965,2.21
5966,16.61
5968,21.67
5969,17.4
5971,inf
5973,50.5
5974,inf
5976,inf
5979,66.93
5980,inf
5981,inf
5983,13.68
5984,1.69
5985,7.97
5986,27.31
5987,28.73
5988,inf
5989,49.45
5990,inf
5991,inf
5992,27.11
5993,inf
5994,59.44
5996,66.11
5998,inf
6001,inf
6003,inf
6004,inf
6005,inf
6006,inf
6008,58.44
6010,0.42
6011,77.88
6012,inf
6013,inf
6014,inf
6016,57.23
6017,inf
6018,inf
6019,inf
6022,inf
6025,inf
6026,inf
6027,65.97
6028,inf
6029,inf
6030,inf
6031,52.42
6034,inf
6035,inf
6036,inf
6037,inf
6039,inf
6040,inf
6042,inf
6044,inf
6047,inf
6048,77.58
6049,inf
6050,inf
6051,inf
6052,inf
6053,64.07
6055,48.87
6056,25.61
6057,0.07
6058,inf
6059,inf
6060,inf
6062,46.77
6063,inf
6064,inf
6065,inf
6066,inf
6067,inf
6068,55.12
6070,inf
6072,inf
6073,88.02
6074,inf
6075,inf
6076,inf
6077,inf
6078,59.43
6079,inf
6080,inf
6081,46.3
6082,inf
6084,inf
6085,inf
6089,inf
6090,inf
6091,inf
6093,62.07
6095,inf
6096,inf
6097,inf
6100,inf
6101,inf
6102,inf
6103,inf
6104,27.55
6106,191.22
6108,24.99
6109,27.18
6110,9.4
6111,11.2
6112,10.42
6113,25.2
6114,44.55
6115,65.17
6117,inf
6118,inf
6119,inf
6120,inf
6121,61.99
6122,inf
6124,inf
6125,inf
6126,6.71
6128,inf
6130,21.84
6133,36.16
6134,23.25
6135,5.09
6137,14.58
6139,42.33
6140,inf
6141,inf
6143,47.85
6144,inf
6145,inf
6146,inf
6148,8.6
6149,inf
6152,23.37
6154,6.67
6155,20.72
6156,43.6
6157,inf
6158,inf
6159,inf
6161,19.39
6164,10.96
6165,16.97
6166,inf
6167,inf
6168,inf
6170,35.61
6171,inf
6173,inf
6174,inf
6175,21.89
6176,0.37
6177,37.12
6180,26.79
6183,2.08
6184,21.46
6185,21.03
6186,31.49
6188,31.03
6189,inf
6190,inf
6191,inf
6192,inf
6195,inf
6196,inf
6197,inf
6198,inf
6199,20.12
6200,0.4
6201,28.17
6202,25.64
6203,7.44
6204,16.85
6205,93.7
6207,10.58
6208,inf
6209,14.77
6212,12.76
6217,inf
6218,inf
6219,inf
6220,inf
6221,69.61
6223,16.9
6224,31.57
6226,24.98
6227,20.14
6229,inf
6231,inf
6232,51.03
6233,19.78
6234,inf
6235,inf
6237,inf
6240,inf
6241,63.05
6242,inf
6243,inf
6244,inf
6245,72.87
6246,80.48
6248,33.55
6249,1.44
6250,15.67
6251,31.81
6252,inf
6254,inf
6255,inf
6256,54.81
6257,inf
6258,inf
6259,inf
6263,inf
6264,inf
6265,inf
6266,inf
6268,inf
6269,inf
6270,inf
6271,inf
6273,28.94
6275,2.97
6276,2.25
6277,14.82
6278,18.32
6279,11.58
6280,7.12
6283,23.4
6285,15.15
6286,inf
6288,inf
6290,89.01
6291,inf
6294,inf
6296,inf
6298,24.41
6299,3.76
6300,5.35
6301,3.09
6303,4.16
6305,19.36
6306,33.72
6308,inf
6310,inf
6311,inf
6313,inf
6314,inf
6315,inf
6316,inf
6318,inf
6320,inf
6321,7.36
6322,8.52
6323,47.63
6324,12.22
6326,11.21
6327,21.28
6328,23.05
6329,0.49
6330,49.59
6331,32.04
6332,14.87
6333,41.31
6334,inf
6335,inf
6336,69.92
6339,inf
6341,57.01
6342,inf
6344,29.42
6345,15.6
6347,18.33
6348,24.38
6351,2.56
6352,40.51
6354,21.28
6355,41.11
6356,4.33
6358,inf
6359,inf
6363,61.82
6364,inf
6365,inf
6367,49.57
6369,6.47
6370,10.81
6371,7.79
6372,3.82
6373,49.49
6374,33.44
6377,75.21
6378,29.54
6379,12.27
6382,inf
6384,56.6
6385,inf
6388,inf
6389,52.85
6390,inf
6392,8.05
6393,1.91
6394,15.08
6396,11.89
6397,16.65
6398,22.72
6399,26.11
6400,48.18
6401,22.79
6402,inf
6403,inf
6404,27.79
6406,inf
6407,inf
6408,inf
6409,75.35
6411,inf
6412,inf
6414,16.47
6415,inf
6417,11.83
6418,1.75
6420,inf
6421,13.64
6422,inf
6423,53.65
6425,inf
6427,inf
6428,18.99
6429,inf
6430,inf
6433,inf
6434,35.88
6436,inf
6437,inf
6438,inf
6439,64.66
6440,inf
6441,21.6
6442,29.04
6445,85.04
6446,101.32
6448,5.08
6450,23.55
6451,23.53
6452,inf
6454,inf
6456,inf
6457,inf
6459,inf
6463,13.6
6464,11.41
6465,2.47
6466,1.67
6471,0.1
6472,10.56
6473,10.45
6474,11.15
6475,inf
6476,inf
6477,inf
6478,inf
6479,41.18
6480,inf
6481,inf
6483,inf
6484,53.99
6485,inf
6486,inf
6487,25.44
6488,16.6
6489,4.76
6492,1.41
6493,11.24
6495,6.42
6496,5.67
6497,6.05
6500,26.44
6501,18.55
6502,inf
6503,63.33
6504,inf
6505,inf
6506,inf
6508,inf
6511,25.84
6512,18.43
6513,1.03
6514,4.21
6516,14.32
6517,24.48
6518,0.13
6519,56.66
6520,12.63
6522,8.33
6523,22.28
6524,24.03
6527,inf
6529,62.47
6531,inf
6532,inf
6533,inf
6535,inf
6536,171.7
6537,19.49
6538,7.09
6539,9.75
6542,23.61
6545,inf
6546,inf
6547,inf
6548,56.63
6549,inf
6550,inf
6552,inf
6554,inf
6556,inf
6557,inf
6558,inf
6559,67.03
6560,inf
6563,inf
6564,17.14
6565,inf
6566,inf
6570,inf
6571,inf
6572,inf
6574,inf
6575,91.34
6577,inf
6578,inf
6579,inf
6580,84.67
6582,inf
6583,inf
6585,82.53
6586,inf
6588,inf
6589,inf
6592,inf
6593,inf
6594,inf
6596,40.22
6597,inf
6598,inf
6599,inf
6600,inf
6601,96.49
6602,inf
6603,inf
6604,inf
6607,inf
6608,inf
6610,inf
6611,34.43
6612,inf
6613,inf
6614,inf
6616,inf
6617,40.32
6618,inf
6619,inf
6620,inf
6621,inf
6622,103.74
6623,inf
6624,inf
6625,inf
6627,66.02
6628,inf
6630,inf
6631,inf
6633,164.51
6634,inf
6635,inf
6636,inf
6639,40.45
6641,6.15
6642,inf
6643,inf
6644,inf
6645,124.97
6648,inf
6649,inf
6650,inf
6651,7.38
6652,inf
6653,inf
6654,inf
6658,inf
6661,34.62
6664,20.48
6666,70.16
6668,inf
6669,inf
6672,57.31
6674,inf
6675,inf
6677,5.8
6679,37.11
6681,12.01
6682,31.67
6683,11.78
6686,1.73
6687,10.16
6688,2.66
6689,2.33
6691,20.86
6694,inf
6696,inf
6699,inf
6700,inf
6703,14.59
6704,1.46
6706,12.29
6709,0.92
6710,3.49
6711,2.7
6712,1.98
6713,12.14
6714,34.12
6715,4.57
6717,inf
6718,40.88
6719,inf
6720,inf
6722,inf
6723,48.35
6724,inf
6727,18.25
6728,9.53
6729,4.98
6731,7.05
6732,2.33
6733,17.91
6734,3.38
6735,7.55
6736,7.59
6737,1.49
6738,6.82
6740,110.63
6741,89.14
6742,inf
6743,inf
6744,inf
6745,inf
6746,inf
6747,23.38
6748,inf
6750,60.02
6751,20.28
6758,5.95
6759,2.4
6760,0.42
6761,11.63
6762,32.2
6764,12.98
6766,inf
6769,inf
6771,inf
6772,59.17
6774,inf
6775,inf
6778,9.38
6780,1.3
6781,16.82
6782,11.06
6783,1.44
6785,8.63
6786,27.78
6788,inf
6789,inf
6791,inf
6792,51.83
6793,inf
6795,inf
6796,inf
6797,inf
6798,4.91
6799,inf
6800,inf
6801,9.8
6803,12.99
6804,4.81
6805,3.73
6806,5.53
6807,2.27
6808,18.68
6810,37.05
6811,0.17
6812,inf
6813,inf
6814,inf
6815,45.59
6816,inf
6817,inf
6819,inf
6824,28.43
6826,4.12
6827,7.71
6828,7.86
6829,1.61
6831,19.23
6832,7.26
6834,51.07
6835,0.92
6836,inf
6837,inf
6838,inf
6839,61.62
6840,inf
6843,inf
6844,73.15
6846,inf
6849,0.19
6850,4.24
6851,1.33
6853,7.19
6854,12.17
6855,0.82
6857,3.04
6858,56.53
6860,5.62
6861,2.85
6862,inf
6863,inf
6864,inf
6865,inf
6866,inf
6867,21.9
6869,inf
6870,inf
6871,3.28
6877,12.92
6878,18.41
6879,10.66
6880,53.5
6881,11.32
6883,14.75
6884,14.65
6885,1.78
6886,inf
6887,33.76
6888,inf
6889,inf
6891,inf
6893,inf
6894,inf
6895,5.43
6896,10.51
6897,11.61
6898,8.84
6899,6.61
6900,16.34
6902,29.68
6905,50.53
6906,34.98
6907,165.41
6908,29.11
6909,4.0
6911,inf
6912,inf
6915,inf
6916,27.08
6917,inf
6918,30.82
6919,7.34
6920,19.86
6921,6.82
6922,9.49
6923,8.76
6925,32.94
6926,12.71
6927,1.29
6928,13.46
6929,0.23
6930,63.1
6932,6.06
6934,inf
6936,inf
6938,68.32
6939,inf
6940,inf
6942,inf
6943,inf
6944,8.74
6946,15.25
6947,4.03
6948,3.73
6949,26.2
6950,15.07
6951,6.33
6952,21.16
6953,21.13
6956,inf
6959,65.2
6960,inf
6961,inf
6962,inf
6964,84.33
6965,inf
6966,inf
6967,inf
6968,inf
6970,14.79
6972,12.16
6973,34.97
6974,4.93
6975,30.12
6976,14.48
6978,45.02
6979,inf
6983,inf
6984,inf
6985,78.93
6986,inf
6987,inf
6988,inf
6989,inf
6990,inf
6991,15.83
6993,4.13
6994,3.81
6995,0.36
6996,2.1
6997,14.77
6999,11.59
7002,24.06
7003,7.2
7005,41.33
7006,inf
7007,inf
7010,inf
7011,45.91
7012,inf
7013,inf
7014,inf
7015,8.77
7016,6.16
7018,6.23
7019,1.29
7020,16.73
7021,0.76
7022,24.66
7023,12.42
7024,0.46
7026,44.53
7027,13.71
7029,8.8
7031,32.46
7032,inf
7034,inf
7035,inf
7036,66.94
7037,inf
7038,inf
7039,2.96
7041,8.13
7042,0.83
7043,16.83
7044,7.53
7045,0.99
7046,2.53
7048,1.35
7050,33.87
7051,11.78
7053,25.93
7054,inf
7055,inf
7057,inf
7059,inf
7061,inf
7062,inf
7063,19.04
7064,2.18
7066,5.84
7067,7.38
7068,3.21
7069,4.89
7070,4.04
7071,5.46
7072,24.54
7074,26.71
7075,14.27
7076,12.36
7077,96.44
7078,inf
7079,inf
7080,inf
7082,5.95
7083,inf
7084,inf
7085,inf
7086,41.29
7087,0.01
7089,7.47
7094,17.01
7095,17.6
7096,1.86
7097,17.4
7098,25.66
7099,10.69
7100,47.14
7101,30.06
7104,inf
7105,inf
7106,inf
7107,inf
7108,48.51
7109,inf
7112,inf
7113,18.24
7114,11.36
7115,7.9
7116,11.13
7118,1.24
7119,13.87
7120,1.91
7121,18.83
7124,inf
7125,inf
7126,inf
7127,67.38
7130,inf
7131,inf
7134,35.47
7135,20.5
7136,15.46
7139,8.33
7143,31.42
7146,8.51
7148,inf
7149,inf
7150,inf
7154,inf
7155,inf
7157,inf
7158,20.54
7159,0.41
7162,4.49
7163,7.56
7164,3.7
7166,36.65
7168,7.52
7169,4.73
7170,inf
7171,7.87
7172,27.87
7173,94.0
7174,inf
7175,inf
7176,inf
7177,inf
7181,inf
7182,inf
7187,9.75
7188,0.04
7190,1.18
7191,23.69
7193,5.47
7194,inf
7197,35.95
7198,inf
7199,inf
7201,inf
7205,inf
7207,16.95
7208,6.38
7209,10.61
7210,17.11
7211,11.5
7212,10.27
7214,123.06
7216,83.01
7218,inf
7220,31.45
7221,49.63
7222,inf
7223,inf
7224,inf
7225,inf
7227,inf
7229,inf
7230,inf
7231,9.71
7234,5.66
7235,9.41
7236,65.5
7237,61.01
7238,3.21
7239,26.87
7240,19.67
7241,inf
7242,inf
7245,40.62
7246,inf
7247,inf
7250,inf
7253,inf
7254,117.45
7255,19.17
7256,8.89
7257,17.93
7259,2.02
7260,23.66
7261,12.31
7262,5.89
7263,inf
7264,inf
7266,inf
7268,inf
7270,96.19
7272,inf
7274,inf
7275,91.41
7276,inf
7277,inf
7278,inf
7280,10.52
7281,13.26
7282,9.67
7283,10.81
7284,20.67
7285,36.27
7286,11.63
7291,7.22
7297,87.33
7298,inf
7299,inf
7302,10.0
7304,inf
7306,231.41
7307,14.5
7308,7.71
7309,8.77
7310,6.63
7311,2.43
7313,12.29
7314,27.11
7317,43.32
7319,inf
7320,inf
7321,inf
7323,inf
7324,inf
7325,inf
7326,inf
7327,9.4
7328,12.96
7329,3.49
7330,5.37
7331,2.01
7333,4.38
7335,7.5
7337,18.17
7338,inf
7343,43.02
7344,inf
7345,inf
7348,inf
7350,inf
7351,19.68
7352,23.95
7353,16.04
7354,22.72
7357,15.27
7358,0.61
7359,38.66
7361,4.06
7362,inf
7363,inf
7364,19.33
7367,14.8
7368,inf
7369,inf
7370,inf
7371,inf
7372,48.15
7373,inf
7376,2.12
7377,18.78
7379,21.69
7381,0.82
7382,10.6
7383,8.37
7384,54.05
7386,inf
7387,7.85
7389,29.15
7390,inf
7391,inf
7393,inf
7394,93.79
7395,inf
7396,inf
7398,inf
7400,13.96
7402,15.89
7403,14.55
7405,3.07
7408,14.45
7409,79.29
7410,47.01
7411,0.32
7413,6.3
7414,inf
7415,49.28
7416,inf
7417,inf
7418,inf
7419,inf
7420,104.22
7421,inf
7422,inf
7428,2.41
7430,29.85
7431,13.02
7432,117.95
7433,3.0
7434,inf
7435,8.47
7439,inf
7440,inf
7442,inf
7444,43.37
7445,inf
7448,inf
7449,20.97
7450,2.65
7451,9.49
7452,4.21
7453,8.43
7454,6.34
7455,15.72
7456,13.34
7457,6.41
7458,27.72
7461,inf
7462,inf
7463,62.47
7464,inf
7466,inf
7467,inf
7468,14.67
7469,inf
7473,3.72
7474,3.43
7475,20.41
7476,11.92
7477,0.08
7478,0.82
7480,3.04
7482,15.5
7483,inf
7484,inf
7485,inf
7487,inf
7488,inf
7489,inf
7490,inf
7491,inf
7492,82.77
7494,inf
7495,3.81
7496,13.28
7498,4.86
7500,0.95
7501,5.69
7502,16.52
7503,0.06
7504,11.14
7506,27.77
7507,17.23
7508,0.0
7510,inf
7511,inf
7513,inf
7515,inf
7516,inf
7517,65.05
7518,inf
7519,16.47
7521,1.2
7522,13.3
7524,0.46
7525,13.52
7526,16.13
7529,43.82
7531,9.81
7533,33.59
7534,inf
7536,54.8
7537,inf
7538,inf
7539,inf
7540,inf
7541,58.52
7542,47.63
7543,6.32
7544,1.76
7545,5.27
7546,6.4
7548,0.32
7549,23.07
7550,2.09
7551,143.29
7552,12.37
7553,0.87
7554,190.59
7555,6.42
7556,inf
7559,inf
7562,inf
7563,81.85
7564,inf
7566,inf
7567,1.5
7569,15.01
7573,5.45
7574,19.15
7576,22.91
7577,12.67
7578,29.91
7579,8.77
7581,inf
7582,inf
7583,79.58
7584,inf
7585,inf
7586,inf
7587,inf
7588,106.13
7589,inf
7591,inf
7592,inf
7593,2.89
7594,5.85
7595,24.11
7597,7.93
7598,16.62
7599,2.18
7600,5.03
7603,45.5
7604,inf
7605,inf
7607,inf
7609,inf
7610,inf
7613,inf
7615,inf
7617,12.35
7618,0.12
7619,0.21
7623,22.47
7624,14.0
7626,20.65
7627,34.31
7628,42.38
7631,inf
7632,inf
7633,inf
7636,inf
7637,inf
7638,37.32
7639,20.08
7640,18.48
7641,7.42
7642,12.22
7643,4.99
7647,1.28
7648,5.88
7649,8.64
7650,6.62
7651,inf
7652,inf
7656,inf
7657,inf
7658,inf
7660,inf
7661,inf
7662,inf
7664,4.35
7667,8.36
7668,16.04
7669,0.18
7670,16.92
7672,12.81
7673,16.82
7675,1.1
7676,29.81
7678,inf
7679,68.4
7680,inf
7681,inf
7684,inf
7685,66.19
7686,inf
7688,12.93
7690,22.9
7691,11.34
7692,25.13
7694,24.42
7695,28.41
7697,22.42
7698,124.41
7699,17.84
7700,44.07
7702,inf
7704,inf
7705,86.57
7706,inf
7707,inf
7708,inf
7709,inf
7710,29.54
7711,13.01
7712,4.98
7713,13.24
7714,3.1
7715,0.64
7716,21.34
7718,16.99
7719,24.34
7721,2.18
7722,25.96
7723,40.04
7724,47.42
7725,5.4
7727,49.34
7728,inf
7729,inf
7730,inf
7731,inf
7732,inf
7734,inf
7735,3.89
7737,8.76
7738,7.71
7739,22.26
7740,14.11
7741,10.55
7742,12.79
7743,22.93
7744,11.71
7748,22.1
7750,inf
7751,32.04
7752,inf
7755,inf
7756,37.22
7758,22.97
7759,2.55
7760,14.56
7762,19.08
7765,11.11
7767,53.84
7770,20.7
7773,52.68
7774,inf
7775,inf
7776,inf
7777,inf
7778,65.8
7779,inf
7780,inf
7781,inf
7782,inf
7785,0.39
7787,2.32
7788,3.64
7789,6.96
7790,7.89
7791,3.69
7794,7.76
7795,46.4
7796,inf
7797,inf
7798,inf
7799,45.08
7800,inf
7803,inf
7804,inf
7806,inf
7807,22.27
7808,5.09
7809,3.17
7810,5.59
7811,9.41
7813,14.45
7814,4.28
7815,8.19
7816,8.19
7817,0.37
7820,inf
7821,inf
7822,inf
7823,inf
7824,57.44
7825,inf
7826,inf
7827,inf
7828,inf
7829,inf
7830,30.71
7836,4.96
7837,7.59
7839,2.65
7840,6.01
7841,3.98
7842,2.64
7845,20.52
7846,inf
7847,15.42
7848,inf
7850,inf
7851,inf
7853,80.86
7854,inf
7857,4.83
7859,16.08
7861,22.73
7863,11.34
7864,4.96
7867,2.6
7869,20.53
7870,4.53
7871,inf
7875,81.75
7876,inf
7877,inf
7878,inf
7879,inf
7880,52.59
7881,0.62
7882,2.67
7884,9.94
7885,14.4
7888,14.73
7891,32.05
7892,inf
7893,inf
7895,36.49
7896,inf
7898,inf
7900,inf
7901,88.2
7902,inf
7905,2.68
7906,0.23
7907,5.49
7911,15.44
7912,6.11
7913,4.19
7915,1.87
7916,17.35
7918,41.54
7920,inf
7921,inf
7922,inf
7923,48.61
7925,inf
7926,36.22
7927,0.92
7928,3.08
7929,3.67
7931,14.58
7932,26.17
7933,4.2
7934,2.55
7935,6.05
7936,19.0
7938,2.1
7939,26.9
7942,inf
7943,inf
7950,inf
7952,inf
7953,16.28
7955,18.0
7956,16.64
7957,4.85
7958,15.78
7960,48.88
7962,13.09
7963,22.87
7964,43.63
7965,inf
7966,inf
7967,inf
7968,inf
7969,inf
7970,74.17
7973,inf
7975,85.93
7976,inf
7977,21.62
7978,12.85
7982,23.53
7983,0.84
7984,12.22
7987,inf
7989,inf
7990,inf
7992,inf
7993,inf
7994,inf
7995,inf
7996,81.93
7997,inf
7998,inf
7999,2.93
8001,8.78
8002,26.03
8003,8.28
8004,22.15
8005,16.66
8007,40.33
8008,31.87
8009,44.98
8010,inf
8012,21.66
8013,inf
8016,inf
8017,inf
8018,79.69
8019,inf
8020,inf
8021,inf
8022,inf
8025,13.66
8026,inf
8028,inf
8029,inf
8030,inf
8031,inf
8034,inf
8035,inf
8036,inf
8038,82.95
8039,inf
8040,inf
8041,inf
8044,inf
8046,inf
8048,45.99
8049,49.68
8050,inf
8051,inf
8052,inf
8057,inf
8058,65.11
8059,inf
8060,inf
8061,inf
8062,inf
8063,62.47
8064,inf
8065,inf
8066,inf
8068,45.2
8069,inf
8070,inf
8071,36.44
8072,69.31
8073,37.84
8074,6.89
8076,inf
8077,inf
8078,inf
8080,inf
8081,inf
8082,inf
8083,inf
8084,64.25
8085,inf
8086,inf
8087,inf
8088,inf
8089,inf
8091,inf
8092,inf
8094,inf
8095,13.28
8096,inf
8097,32.33
8098,85.27
8099,46.68
8100,inf
8101,inf
8102,inf
8103,inf
8106,inf
8107,inf
8108,inf
8109,inf
8112,inf
8114,inf
8115,79.34
8117,inf
8118,inf
8122,inf
8123,inf
8125,inf
8126,43.44
8127,inf
8128,inf
8129,inf
8130,inf
8131,55.55
8133,inf
8135,inf
8136,inf
8138,inf
8139,inf
8140,inf
8142,64.14
8144,inf
8146,31.75
8147,18.92
8148,17.73
8149,5.02
8150,58.79
8151,26.51
8152,12.56
8153,4.96
8154,32.86
8155,inf
8157,inf
8158,inf
8159,inf
8161,84.91
8162,inf
8164,inf
8165,inf
8166,inf
8167,12.22
8168,27.18
8169,1.83
8170,23.67
8171,60.63
8172,12.16
8173,6.43
8174,inf
8176,3.08
8177,inf
8178,inf
8179,inf
8180,35.84
8181,46.02
8183,inf
8184,62.37
8185,inf
8186,inf
8187,inf
8188,inf
8189,inf
8191,14.96
8192,37.64
8193,15.25
8194,0.08
8195,32.88
8196,31.6
8197,20.0
8198,inf
8199,11.75
8200,inf
8204,59.58
8205,44.05
8206,inf
8207,inf
8209,70.89
8210,inf
8211,inf
8212,inf
8213,inf
8215,31.25
8216,43.3
8217,27.0
8218,16.75
8219,27.38
8220,11.13
8221,15.79
8222,inf
8223,inf
8227,inf
8228,inf
8229,56.25
8231,inf
8232,inf
8233,inf
8234,54.97
8236,inf
8238,inf
8239,49.9
8241,38.91
8242,36.89
8243,40.13
8244,inf
8245,inf
8246,inf
8247,inf
8248,61.86
8249,inf
8251,inf
8252,inf
8253,48.56
8254,inf
8255,inf
8256,inf
8258,inf
8260,inf
8261,inf
8262,inf
8263,inf
8264,3.53
8265,inf
8267,inf
8269,53.59
8270,inf
8271,inf
8272,inf
8273,inf
8275,inf
8276,inf
8277,inf
8278,inf
8281,inf
8285,71.11
8286,inf
8287,inf
8288,inf
8291,inf
8292,inf
8294,inf
8296,inf
8297,inf
8300,inf
8301,81.34
8302,inf
8303,inf
8306,81.08
8308,inf
8309,inf
8311,inf
8312,74.05
8313,inf
8314,inf
8315,inf
8316,inf
8317,64.11
8318,inf
8319,inf
8321,inf
8322,71.99
8324,inf
8326,inf
8327,80.97
8329,inf
8331,inf
8332,inf
8333,80.92
8334,inf
8335,inf
8336,inf
8337,inf
8338,28.44
8339,inf
8340,inf
8341,inf
8345,inf
8346,inf
8347,inf
8348,50.46
8350,inf
8351,inf
8352,inf
8354,82.41
8355,inf
8356,inf
8357,inf
8359,26.86
8360,inf
8364,97.82
8365,inf
8367,inf
8368,inf
8369,inf
8370,68.01
8373,inf
8374,inf
8377,inf
8379,inf
8380,81.17
8381,inf
8384,inf
8387,inf
8389,inf
8390,inf
8391,59.85
8392,inf
8393,inf
8394,inf
8395,inf
8396,71.42
8397,inf
8399,inf
8404,inf
8405,inf
8406,inf
8407,79.72
8409,inf
8410,inf
8412,74.58
8414,inf
8417,75.36
8418,inf
8419,inf
8423,inf
8424,inf
8425,inf
8426,inf
8427,63.29
8428,inf
8429,inf
8430,inf
8431,inf
8432,inf
8433,2.39
8434,inf
8438,17.2
8439,inf
8440,inf
8441,inf
8444,inf
8445,inf
8446,inf
8447,inf
8449,65.31
8450,inf
8452,inf
8453,inf
8454,44.73
8456,inf
8457,inf
8461,inf
8462,inf
8463,inf
8464,inf
8465,53.58
8467,inf
8469,inf
8472,inf
8473,inf
8476,inf
8477,inf
8479,inf
8482,inf
8483,inf
8484,inf
8485,inf
8489,55.58
8490,inf
8491,inf
8492,78.02
8494,inf
8495,inf
8496,inf
8498,81.54
8501,inf
8506,49.09
8507,48.3
8508,52.01
8509,inf
8511,inf
8512,inf
8513,34.01
8514,inf
8515,inf
8516,inf
8517,inf
8518,87.95
8519,inf
8520,inf
8521,inf
8522,inf
8523,inf
8524,61.08
8525,inf
8526,inf
8527,inf
8528,inf
8529,35.5
8530,inf
8531,inf
8533,inf
8535,62.31
8537,inf
8538,inf
8539,inf
8540,27.99
8541,inf
8542,inf
8544,inf
8545,inf
8546,67.23
8548,inf
8550,inf
8551,12.82
8552,inf
8554,inf
8555,inf
8557,27.95
8558,inf
8559,inf
8560,inf
8561,inf
8562,51.49
8563,inf
8564,inf
8567,67.98
8568,inf
8571,inf
8572,91.33
8574,inf
8575,inf
8577,inf
8578,37.49
8579,inf
8580,inf
8581,inf
8582,inf
8583,79.81
8584,inf
8585,inf
8586,inf
8590,inf
8591,inf
8592,inf
8593,80.8
8594,inf
8595,inf
8596,inf
8597,inf
8598,inf
8600,inf
8601,inf
8602,inf
8603,inf
8604,74.49
8605,inf
8606,inf
8607,inf
8608,inf
8611,inf
8613,inf
8614,91.77
8615,inf
8617,inf
8619,inf
8620,87.02
8621,inf
8623,inf
8624,inf
8625,61.53
8626,inf
8627,inf
8629,inf
8633,inf
8634,inf
8635,34.55
8636,inf
8637,inf
8638,inf
8643,inf
8644,inf
8645,inf
8646,67.7
8647,inf
8648,inf
8651,64.93
8652,inf
8653,inf
8654,inf
8655,inf
8656,inf
8658,inf
8659,inf
8662,82.17
8665,inf
8666,inf
8667,82.73
8668,inf
8669,inf
8671,inf
8672,inf
8673,36.14
8675,inf
8676,inf
8677,inf
8678,56.92
8679,inf
8681,inf
8682,inf
8684,inf
8686,inf
8687,inf
8688,87.47
8689,inf
8690,inf
8691,inf
8692,inf
8693,inf
8694,64.46
8695,inf
8696,inf
8697,inf
8698,inf
8699,33.63
8701,inf
8702,inf
8703,inf
8705,inf
8706,inf
8708,inf
8709,39.98
8710,inf
8711,inf
8716,inf
8718,inf
8719,inf
8720,58.27
8724,inf
8725,75.77
8726,inf
8727,inf
8728,inf
8729,inf
8731,inf
8732,inf
8733,inf
8734,inf
8735,inf
8737,inf
8738,inf
8739,inf
8741,90.41
8744,inf
8745,inf
8747,inf
8748,inf
8753,inf
8756,inf
8757,90.48
8758,inf
8759,inf
