“úŽž,EHPK-1,EHPK-2,GHEX-1,GHEX-2,GHEX-3,GHEX-4,EHP1-1,EHP1-2,EHP1-3,EHP2-3,EHP2-4,EHP3-1,EHP3-2,EHP3-3,EHP3-4,EHP4-1,EHP4-3,EHP4-5,EHP4-6
2018/4/1,0,1,2,1,1,2,7,22,47,2,4,0,5,2,4,3,0,5,1
2018/4/2,0,1,1,2,2,1,6,24,33,2,11,0,4,51,122,3,0,2,1
2018/4/3,0,1,1,1,1,1,15,8,34,3,15,0,5,55,142,3,0,3,1
2018/4/4,0,1,2,1,1,1,4,8,31,3,17,6,23,57,177,3,1,2,3
2018/4/5,0,1,2,6,1,2,36,10,54,1,12,18,4,45,117,3,0,2,0
2018/4/6,0,2,1,1,2,1,21,3,31,2,15,11,17,53,148,3,0,3,4
2018/4/7,0,1,1,1,1,1,4,3,33,2,3,0,16,36,104,3,0,4,0
2018/4/8,0,1,2,1,1,1,5,3,31,0,4,0,4,29,37,3,0,5,0
2018/4/9,0,1,1,4,1,3,4,13,37,1,8,9,5,42,105,3,0,2,0
2018/4/10,4,1,2,4,1,2,5,6,72,1,3,6,4,43,112,3,0,2,1
2018/4/11,5,1,2,1,1,1,4,20,51,5,9,9,4,47,123,3,0,3,0
2018/4/12,5,2,2,1,2,1,4,9,44,2,16,19,5,56,140,3,1,2,3
2018/4/13,4,1,1,1,1,1,5,14,48,1,9,14,4,45,115,2,0,2,0
2018/4/14,3,1,1,1,1,1,22,20,60,1,4,0,4,30,71,3,0,3,0
2018/4/15,3,1,2,1,1,2,5,15,36,0,3,0,5,2,4,3,0,2,0
2018/4/16,3,1,1,2,1,1,4,16,35,1,4,9,4,43,101,3,0,2,1
2018/4/17,4,1,2,17,2,1,5,17,43,1,4,2,11,37,91,3,0,2,0
2018/4/18,3,2,1,10,1,4,4,6,44,0,6,1,4,43,96,3,0,3,0
2018/4/19,4,1,2,3,1,1,5,9,55,1,7,10,4,47,121,3,0,2,1
2018/4/20,7,1,1,1,1,1,4,3,39,1,12,12,19,55,133,3,0,2,3
2018/4/21,7,1,1,1,1,1,5,3,31,2,4,0,5,45,104,3,0,3,0
2018/4/22,3,1,2,1,2,2,4,3,43,1,10,0,4,3,4,3,1,2,4
2018/4/23,4,1,1,1,1,1,5,3,38,1,14,20,4,50,137,3,0,2,1
2018/4/24,8,2,2,1,1,1,4,2,36,0,14,12,24,57,139,3,0,3,1
2018/4/25,5,1,1,2,1,1,4,3,36,4,19,14,13,56,160,3,0,2,1
2018/4/26,6,1,2,1,1,2,5,5,34,7,15,7,55,54,151,3,1,2,0
2018/4/27,8,1,1,1,2,1,4,3,35,5,16,16,5,55,141,3,0,2,10
2018/4/28,3,1,1,1,1,1,8,3,33,1,4,17,33,41,99,3,1,3,0
2018/4/29,3,1,2,1,1,1,4,12,32,2,8,0,4,3,3,3,0,2,0
2018/4/30,3,1,1,1,1,1,4,4,30,1,4,0,30,43,134,13,1,2,2
2018/5/1,10,2,1,6,3,4,6,4,45,2,22,14,39,58,187,3,1,2,11
2018/5/2,10,1,3,1,1,1,8,15,38,11,24,13,37,53,180,3,0,3,16
2018/5/3,3,1,1,1,0,1,4,3,38,12,4,9,40,51,152,16,1,2,2
2018/5/4,4,1,2,1,1,1,4,3,36,2,14,0,51,40,141,2,1,2,9
2018/5/5,3,1,1,1,1,1,4,4,37,1,4,7,15,39,97,7,1,3,0
2018/5/6,3,1,1,0,1,1,24,7,35,2,5,0,4,2,3,3,0,2,0
2018/5/7,6,1,2,1,1,1,7,9,44,3,16,8,32,42,127,3,0,2,9
2018/5/8,4,2,1,1,1,1,19,3,42,1,3,8,11,35,109,3,0,2,3
2018/5/9,3,1,2,2,1,1,4,3,68,0,4,3,12,34,87,2,0,3,1
2018/5/10,4,1,1,1,1,1,16,14,67,1,4,3,5,35,81,3,0,2,0
2018/5/11,5,1,2,1,1,2,5,4,33,2,8,7,4,40,104,3,0,2,0
2018/5/12,3,1,1,0,1,0,10,8,33,1,3,9,14,44,114,3,1,3,0
2018/5/13,7,1,1,1,1,1,4,8,34,1,4,0,4,34,65,2,0,2,0
2018/5/14,11,2,2,5,1,2,6,11,33,2,15,6,33,43,163,3,1,2,9
2018/5/15,12,1,2,6,3,2,21,15,39,8,26,10,38,54,183,11,12,4,12
2018/5/16,15,1,2,7,4,2,7,5,46,18,24,11,49,65,135,10,11,4,16
2018/5/17,11,1,3,8,7,3,7,20,51,22,37,14,50,65,213,17,47,3,24
2018/5/18,15,1,3,10,7,4,18,27,56,28,32,16,73,55,217,33,33,10,18
2018/5/19,12,1,2,1,0,1,14,16,52,2,20,21,22,41,173,23,0,21,1
2018/5/20,4,1,1,1,1,1,13,9,36,1,11,0,5,5,15,3,5,7,0
2018/5/21,16,2,2,3,2,3,4,14,48,17,16,13,35,42,173,3,14,8,12
2018/5/22,16,1,3,4,1,2,4,17,38,9,22,12,40,45,189,3,19,7,18
2018/5/23,13,1,2,1,1,1,4,6,46,6,21,9,32,39,159,2,22,3,13
2018/5/24,16,1,3,1,1,2,7,15,37,14,28,8,39,45,167,5,21,7,26
2018/5/25,18,1,3,5,4,3,5,17,48,22,21,11,44,56,212,3,25,8,18
2018/5/26,12,1,1,1,1,1,4,9,43,10,5,10,37,38,152,15,0,2,6
2018/5/27,6,2,2,1,1,1,16,15,40,1,22,0,4,3,3,19,7,5,6
2018/5/28,18,1,2,1,1,2,7,19,40,13,24,13,45,42,167,3,22,9,20
2018/5/29,17,1,3,4,4,3,32,31,53,10,31,13,54,46,201,3,32,4,29
2018/5/30,16,1,3,1,1,2,6,15,55,9,27,16,40,43,181,9,0,9,19
2018/5/31,13,1,2,1,1,1,4,10,39,13,13,13,37,38,160,2,4,2,15
2018/6/1,17,1,3,4,1,2,9,8,55,9,23,9,44,44,184,9,15,2,17
2018/6/2,13,2,1,1,1,1,15,18,51,13,5,0,44,39,162,15,0,2,11
2018/6/3,3,1,2,1,1,1,19,19,40,11,6,0,5,2,4,11,0,2,3
2018/6/4,19,1,3,8,8,4,11,33,55,23,28,14,66,48,223,10,34,11,28
2018/6/5,19,2,4,7,6,3,11,25,55,23,32,13,65,48,212,7,32,11,23
2018/6/6,17,1,3,1,1,2,30,18,44,20,17,10,38,41,170,5,24,3,19
2018/6/7,19,1,5,7,5,3,9,18,57,25,25,13,45,47,214,13,29,9,15
2018/6/8,20,2,3,8,6,4,4,28,59,26,29,16,48,49,217,20,29,10,22
2018/6/9,14,1,1,1,1,1,22,23,51,22,16,8,71,50,213,21,0,7,0
2018/6/10,3,1,2,0,1,1,5,3,37,2,12,0,4,3,4,5,15,2,10
2018/6/11,11,2,2,1,1,1,4,9,47,19,15,13,40,38,154,8,8,8,19
2018/6/12,13,1,3,1,1,1,8,19,43,21,18,14,49,43,183,19,20,9,10
2018/6/13,17,1,2,1,1,2,22,24,44,21,21,9,43,45,185,29,21,4,15
2018/6/14,13,1,3,1,1,1,18,18,51,18,26,11,45,43,174,12,17,2,14
2018/6/15,7,2,2,1,1,1,4,3,41,16,17,10,28,37,149,3,15,2,8
2018/6/16,3,1,1,1,1,1,4,3,41,3,4,11,15,30,106,3,0,2,0
2018/6/17,3,1,2,1,1,1,13,2,33,1,3,0,4,3,4,11,0,2,0
2018/6/18,9,1,1,1,1,1,4,10,43,10,19,12,28,38,127,5,0,2,2
2018/6/19,14,1,2,7,3,2,4,20,47,23,26,14,41,48,196,8,9,4,13
2018/6/20,17,2,2,1,1,1,4,14,38,20,12,15,30,40,158,14,15,3,5
2018/6/21,17,1,3,1,1,1,5,20,41,15,20,15,37,45,159,11,11,3,7
2018/6/22,19,1,3,9,7,3,6,33,68,23,26,18,52,49,202,20,24,7,14
2018/6/23,16,1,1,1,1,1,20,8,41,2,6,0,31,38,146,8,19,5,2
2018/6/24,16,2,2,1,2,1,19,5,17,1,4,2,9,4,10,4,18,2,4
2018/6/25,26,1,11,12,13,3,9,33,67,35,35,24,90,55,179,29,38,12,14
2018/6/26,23,1,10,10,12,4,12,30,82,35,34,23,73,52,232,29,47,12,13
2018/6/27,25,1,13,16,16,10,58,21,80,35,33,18,87,55,233,23,44,18,26
2018/6/28,25,1,27,18,20,12,4,35,84,32,39,21,78,54,232,28,51,17,28
2018/6/29,27,2,15,18,21,13,30,32,92,30,60,24,88,57,234,31,51,18,35
2018/6/30,21,2,1,1,1,1,4,37,90,3,43,31,60,50,223,29,20,39,17
2018/7/1,10,1,2,1,1,1,4,35,82,25,30,0,4,3,16,15,49,34,28
2018/7/2,31,9,36,23,20,13,43,14,105,41,57,29,111,70,237,49,51,26,45
2018/7/3,30,8,35,17,20,13,4,45,109,38,53,28,94,112,258,48,67,28,32
2018/7/4,27,2,32,20,18,11,7,38,92,39,52,21,76,82,238,38,55,24,31
2018/7/5,22,2,16,17,18,11,4,30,88,31,43,16,65,77,224,34,47,19,26
2018/7/6,20,2,4,3,1,1,8,19,67,22,37,10,46,57,189,26,31,15,16
2018/7/7,16,1,1,1,1,1,35,19,67,13,19,24,47,70,189,3,17,4,15
2018/7/8,14,1,1,1,0,1,58,16,86,20,27,0,5,2,4,14,18,18,43
2018/7/9,28,2,30,20,19,7,10,49,78,32,63,24,79,82,233,48,58,20,21
2018/7/10,43,5,36,18,22,7,20,54,86,24,70,19,107,86,233,49,57,28,32
2018/7/11,52,5,36,19,23,9,31,50,73,17,73,18,115,103,277,47,64,32,33
2018/7/12,45,3,11,15,16,11,4,36,87,24,59,22,67,94,232,42,56,28,18
2018/7/13,54,3,38,16,21,13,23,53,101,22,68,27,103,101,236,42,60,40,42
2018/7/14,25,4,1,0,1,1,4,28,95,27,37,29,93,109,233,30,26,43,29
2018/7/15,14,1,1,1,1,1,24,28,102,25,28,0,4,2,4,3,40,20,82
2018/7/16,13,1,2,1,0,1,15,31,96,37,52,26,131,108,234,42,76,22,38
2018/7/17,51,6,17,10,10,7,75,48,101,41,93,33,117,103,243,75,71,43,47
2018/7/18,49,1,15,9,11,6,4,58,104,37,97,39,140,116,244,60,73,36,47
2018/7/19,49,1,11,6,6,4,4,53,107,22,98,32,136,116,241,55,74,41,32
2018/7/20,50,1,24,13,12,6,4,61,103,24,88,38,140,115,268,67,72,45,33
2018/7/21,19,1,2,1,1,1,67,29,113,26,40,31,110,112,234,27,30,37,67
2018/7/22,19,1,1,1,1,1,64,61,86,17,61,0,4,2,4,25,42,2,77
2018/7/23,33,1,7,4,4,3,15,49,157,44,106,42,192,113,259,94,78,57,24
2018/7/24,54,1,37,20,21,10,86,69,98,28,87,33,156,114,240,56,67,43,51
2018/7/25,59,1,35,20,24,7,64,31,97,32,70,32,110,111,241,54,62,35,42
2018/7/26,45,1,28,13,13,6,42,37,86,18,67,16,98,100,232,38,52,21,30
2018/7/27,44,1,23,13,12,5,36,29,71,15,64,18,74,77,230,47,43,24,15
2018/7/28,9,2,2,1,1,1,27,17,67,3,30,24,40,50,164,3,12,15,29
2018/7/29,10,1,1,1,1,1,50,20,84,24,31,0,4,3,4,4,21,15,54
2018/7/30,49,1,35,20,19,7,44,46,68,26,65,10,112,89,239,53,55,22,34
2018/7/31,50,1,37,24,21,8,63,63,76,27,74,26,98,95,239,55,55,29,33
2018/8/1,53,1,39,21,23,7,22,40,102,28,89,31,145,101,243,65,73,33,36
2018/8/2,61,1,40,22,21,8,24,49,113,35,74,31,137,115,240,61,74,45,37
2018/8/3,59,1,39,26,26,11,37,68,88,37,80,28,145,113,238,80,71,58,33
2018/8/4,12,1,2,1,1,0,4,45,73,22,47,20,103,108,229,60,20,33,22
2018/8/5,18,1,1,1,1,1,37,60,96,6,55,39,4,2,164,61,39,6,56
2018/8/6,73,1,37,21,19,14,11,45,102,29,67,28,132,110,232,58,69,38,40
2018/8/7,36,1,3,4,1,1,11,21,64,13,46,17,60,63,206,43,29,13,11
2018/8/8,41,2,7,6,4,5,28,23,62,13,47,23,65,74,213,38,25,9,9
2018/8/9,48,1,13,16,13,4,5,35,89,16,61,27,89,86,236,46,33,35,16
2018/8/10,63,1,39,22,17,13,28,45,101,30,52,21,122,99,242,63,57,32,28
2018/8/11,13,1,1,1,1,1,17,27,89,28,26,13,90,77,218,46,30,26,0
2018/8/12,9,1,2,1,1,1,4,2,58,2,41,0,4,3,4,20,24,2,29
2018/8/13,46,1,29,19,14,8,26,15,85,30,53,22,119,73,228,55,40,15,20
2018/8/14,47,1,36,23,21,8,49,22,56,28,55,17,107,83,247,57,36,24,30
2018/8/15,52,1,38,23,20,10,45,46,66,25,53,18,123,80,245,50,38,27,28
2018/8/16,49,1,35,21,19,9,14,45,70,30,53,14,112,78,243,47,52,22,23
2018/8/17,35,1,8,11,13,6,18,36,64,20,44,15,93,66,234,42,38,27,21
2018/8/18,7,1,2,1,0,1,23,12,48,4,8,17,44,53,207,10,12,17,16
2018/8/19,8,2,1,1,1,1,4,13,51,3,12,0,4,3,4,24,25,2,16
2018/8/20,37,1,4,10,10,4,20,33,37,11,32,10,94,59,218,23,33,12,19
2018/8/21,47,1,36,21,20,6,25,33,63,11,56,17,113,76,240,62,52,26,20
2018/8/22,51,1,38,20,22,10,9,29,76,15,68,28,134,85,238,77,57,29,29
2018/8/23,51,1,38,21,23,11,43,51,69,13,64,26,116,84,243,67,66,28,24
2018/8/24,51,1,34,23,15,11,25,37,78,15,63,19,107,73,234,55,44,27,28
2018/8/25,15,1,1,1,1,1,53,43,96,32,32,30,85,79,220,34,21,41,35
2018/8/26,14,1,1,1,1,1,46,47,104,27,66,0,4,3,4,97,35,28,30
2018/8/27,55,1,37,22,20,9,39,34,84,38,71,40,148,97,243,90,55,58,21
2018/8/28,45,1,28,17,15,12,21,27,62,25,55,21,81,73,234,43,45,51,30
2018/8/29,41,1,18,16,15,11,40,40,62,21,48,14,73,67,228,29,40,24,22
2018/8/30,46,2,36,22,21,14,12,50,56,28,66,20,108,81,240,62,50,25,23
2018/8/31,53,1,38,20,20,13,32,38,79,29,73,21,121,92,228,59,44,34,30
2018/9/1,12,1,1,1,1,1,26,17,58,6,39,15,60,65,211,30,4,9,6
2018/9/2,7,1,2,1,1,1,13,20,42,1,27,0,4,2,4,10,23,2,16
2018/9/3,37,1,6,5,5,4,8,20,46,19,37,16,72,61,211,45,28,18,13
2018/9/4,42,1,12,21,17,5,4,26,52,10,56,17,70,64,227,45,21,23,15
2018/9/5,46,1,14,16,16,8,5,34,66,22,63,25,85,75,237,50,44,18,14
2018/9/6,41,1,29,13,14,10,4,25,66,21,63,23,80,72,231,49,37,26,14
2018/9/7,44,1,21,16,15,11,23,20,65,21,64,19,75,72,232,47,29,25,11
2018/9/8,10,2,1,1,1,1,41,24,74,15,35,46,82,72,224,39,16,21,0
2018/9/9,11,1,2,1,1,1,40,32,72,17,42,0,4,3,4,17,36,2,34
2018/9/10,44,1,24,15,12,10,25,21,57,25,62,26,104,68,228,60,39,15,8
2018/9/11,30,1,4,2,1,1,4,15,43,17,36,12,59,55,203,28,20,8,12
2018/9/12,15,1,3,1,1,1,15,22,36,14,33,16,55,59,205,14,19,3,6
2018/9/13,15,1,5,5,3,3,6,11,45,13,35,15,60,56,197,24,8,11,11
2018/9/14,16,1,4,1,1,1,13,20,48,16,44,0,64,52,207,35,19,3,8
2018/9/15,6,1,1,1,1,1,10,7,30,1,13,0,30,43,169,13,10,2,2
2018/9/16,6,2,2,1,1,1,13,8,32,1,9,0,4,2,50,8,0,2,1
2018/9/17,8,1,1,1,1,1,25,5,51,1,8,0,4,20,21,29,9,2,6
2018/9/18,16,1,10,9,10,3,8,24,48,20,47,20,87,53,210,46,24,11,16
2018/9/19,13,1,4,5,1,2,10,17,48,13,40,14,65,62,204,30,19,7,15
2018/9/20,15,1,3,1,1,1,8,11,41,11,31,10,47,52,182,27,10,8,6
2018/9/21,11,1,2,1,1,2,4,13,35,7,24,7,44,47,143,21,2,5,5
2018/9/22,6,1,1,1,1,0,4,3,30,1,11,8,40,43,153,13,0,2,3
2018/9/23,7,1,2,1,1,1,12,2,35,2,3,0,4,6,30,12,0,3,0
2018/9/24,6,2,1,1,1,1,17,3,33,1,23,0,5,2,4,3,0,2,0
2018/9/25,12,1,4,1,1,2,4,11,42,16,31,0,63,54,178,32,14,14,9
2018/9/26,9,1,2,1,1,1,5,3,34,13,11,0,42,44,156,24,0,2,4
2018/9/27,7,1,1,1,1,1,4,3,33,7,17,7,33,39,139,10,0,2,6
2018/9/28,11,1,2,1,1,1,17,6,34,8,29,8,69,49,163,19,0,2,8
2018/9/29,5,1,2,1,1,1,5,6,33,5,3,4,42,37,98,10,0,2,0
2018/9/30,5,1,1,0,1,1,4,3,31,2,5,0,16,2,4,3,0,2,0
2018/10/1,18,2,8,11,11,3,13,10,51,14,48,14,89,64,212,58,15,14,9
2018/10/2,12,1,3,4,1,2,8,9,33,13,26,13,62,61,228,23,10,4,10
2018/10/3,11,1,2,1,1,1,7,23,31,19,26,0,50,54,165,18,10,2,8
2018/10/4,10,1,3,1,1,1,4,9,32,13,25,0,46,52,148,25,8,6,4
2018/10/5,11,1,2,1,1,1,7,4,40,9,30,0,53,60,141,13,2,8,4
2018/10/6,7,1,1,1,1,1,4,4,33,12,4,8,40,46,138,20,0,2,4
2018/10/7,8,1,2,1,1,1,21,24,36,2,45,0,4,2,4,38,1,5,19
2018/10/8,6,2,1,1,1,1,27,15,35,11,6,10,44,47,165,14,12,3,0
2018/10/9,14,1,3,1,1,2,8,14,32,10,39,8,71,52,170,39,12,2,9
2018/10/10,14,1,2,2,1,2,11,20,41,16,34,15,73,57,177,36,15,2,11
2018/10/11,12,1,3,1,1,1,5,9,33,12,24,15,52,52,180,35,7,2,5
2018/10/12,11,1,2,1,1,1,5,7,35,13,29,8,46,50,152,30,0,2,0
2018/10/13,7,1,2,1,0,1,4,5,34,0,3,0,36,37,118,3,0,2,2
2018/10/14,4,1,1,1,1,1,4,2,33,1,14,0,4,3,3,2,0,2,0
2018/10/15,9,2,2,1,1,1,4,6,31,6,19,0,24,41,133,10,0,2,1
2018/10/16,6,1,1,1,1,1,12,7,31,5,22,6,34,43,133,7,0,2,2
2018/10/17,7,1,2,1,1,1,8,3,32,4,23,13,43,39,126,3,0,2,11
2018/10/18,7,1,1,1,1,1,9,3,32,4,18,5,36,40,130,8,0,2,4
2018/10/19,7,1,1,1,1,1,7,3,33,3,16,0,31,38,125,4,0,14,0
2018/10/20,3,1,2,1,1,1,4,5,29,1,3,10,26,35,75,19,0,2,3
2018/10/21,3,1,1,1,1,1,4,2,29,1,5,0,4,2,4,3,0,3,0
2018/10/22,5,2,2,1,1,1,8,3,29,1,20,20,29,36,105,8,0,2,0
2018/10/23,5,1,1,1,1,2,4,3,29,0,4,0,31,34,98,4,0,28,4
2018/10/24,6,1,2,1,1,1,4,3,34,2,10,14,37,40,120,4,0,2,5
2018/10/25,6,1,1,1,1,1,4,3,32,3,13,12,20,39,107,5,0,2,0
2018/10/26,6,1,2,1,1,1,9,3,32,6,12,0,42,39,102,8,0,23,0
2018/10/27,3,2,1,1,1,1,5,2,34,1,4,0,34,35,63,6,0,2,0
2018/10/28,3,1,1,1,1,1,5,3,33,1,4,0,4,2,4,3,0,2,0
2018/10/29,7,1,2,1,1,1,11,4,28,5,21,11,17,38,106,7,0,12,0
2018/10/30,6,1,1,1,1,1,5,3,29,6,21,11,47,37,119,3,0,19,2
2018/10/31,5,1,2,1,1,1,4,7,31,6,10,4,33,36,84,3,0,2,2
2018/11/1,4,1,1,1,1,1,8,3,30,4,7,0,43,35,82,3,0,2,0
2018/11/2,4,1,2,1,1,1,5,3,31,1,13,7,34,35,80,2,0,2,0
2018/11/3,3,2,1,1,1,1,25,12,39,0,3,21,5,30,53,3,0,3,0
2018/11/4,3,1,1,1,1,1,12,4,29,1,4,0,4,2,4,3,0,2,0
2018/11/5,3,1,2,1,1,1,6,40,31,0,4,0,22,41,99,3,0,2,0
2018/11/6,5,1,1,1,1,1,5,3,34,5,7,0,40,40,105,3,0,3,4
2018/11/7,5,1,2,1,1,1,4,3,32,2,15,0,36,39,105,2,0,2,5
2018/11/8,3,1,1,1,1,1,7,6,32,1,7,0,47,40,106,3,0,2,3
2018/11/9,5,2,2,1,1,1,19,10,35,1,11,0,28,39,111,3,0,3,0
2018/11/10,3,1,1,1,1,1,5,3,30,1,4,8,26,40,23,3,0,2,8
2018/11/11,3,1,1,1,1,1,10,3,30,0,3,0,5,3,4,2,0,2,0
2018/11/12,4,1,2,1,1,1,4,3,52,0,8,0,30,36,117,3,0,3,0
2018/11/13,3,1,2,1,1,1,4,3,30,1,12,6,18,36,101,3,0,25,0
2018/11/14,4,1,1,1,1,1,4,3,29,1,3,0,28,34,94,3,0,2,0
2018/11/15,3,2,2,1,1,1,4,10,50,0,4,0,22,35,91,2,0,30,0
2018/11/16,3,1,1,1,1,1,16,15,28,1,3,0,28,33,102,3,0,38,0
2018/11/17,3,1,2,1,1,1,4,3,30,16,4,7,8,32,35,3,0,11,0
2018/11/18,3,1,1,1,1,1,26,32,46,2,3,0,5,2,3,2,0,2,0
2018/11/19,3,1,2,1,1,1,7,3,45,2,4,0,17,25,88,3,0,30,0
2018/11/20,3,2,1,1,1,1,4,15,32,49,3,0,15,31,76,3,0,30,0
2018/11/21,3,1,2,1,1,1,4,22,64,2,4,0,20,30,82,2,0,3,0
2018/11/22,3,1,1,1,1,1,5,20,45,2,4,0,9,31,90,3,0,36,0
2018/11/23,2,1,1,1,0,1,3,2,17,2,2,0,4,2,3,2,0,2,0
2018/11/24,4,2,20,1,1,2,47,42,60,32,6,0,4,15,22,15,28,16,1
2018/11/25,4,1,2,1,1,1,4,69,68,31,5,2,12,7,9,20,34,2,1
2018/11/26,9,2,10,6,4,5,8,43,55,11,8,0,9,27,51,3,23,5,1
2018/11/27,7,1,9,4,3,5,27,37,36,33,4,0,11,30,59,3,2,35,1
2018/11/28,3,1,9,4,2,5,32,5,56,2,4,0,23,30,67,4,3,2,1
2018/11/29,3,2,13,6,2,9,41,3,55,3,4,0,11,29,65,3,2,34,2
2018/11/30,8,1,13,6,3,8,32,3,45,3,4,0,21,28,60,3,2,2,1
2018/12/1,3,2,2,1,2,2,20,8,56,28,4,0,11,27,21,3,17,32,1
2018/12/2,4,1,2,1,1,1,44,42,60,2,24,0,4,3,4,12,26,35,20
2018/12/3,8,2,11,5,3,5,15,29,62,3,5,0,4,26,55,3,2,2,1
2018/12/4,3,1,7,4,1,4,5,29,42,3,4,0,33,33,61,3,2,17,1
2018/12/5,3,1,2,1,1,1,19,4,53,2,4,0,20,29,54,3,3,28,1
2018/12/6,10,2,24,14,4,14,25,8,61,3,5,0,8,30,59,3,2,2,1
2018/12/7,4,1,10,4,3,6,35,3,52,2,4,0,14,29,60,4,3,42,2
2018/12/8,3,2,2,1,1,1,34,4,54,29,5,0,9,24,6,16,16,27,1
2018/12/9,3,1,2,1,1,1,60,75,57,3,64,0,4,2,12,26,2,61,1
2018/12/10,22,2,29,16,16,15,31,55,80,53,14,0,4,21,46,41,3,39,5
2018/12/11,28,1,32,16,18,16,40,81,84,17,23,0,22,20,60,3,2,71,12
2018/12/12,25,2,28,16,16,15,56,63,73,38,20,0,59,21,41,43,26,75,11
2018/12/13,22,1,28,16,17,16,45,44,87,47,19,0,34,23,54,29,2,62,1
2018/12/14,34,2,29,15,16,15,64,96,83,40,33,0,11,24,58,11,2,82,1
2018/12/15,3,1,2,1,2,1,29,3,59,43,49,0,6,9,15,28,32,50,23
2018/12/16,11,2,1,1,1,1,63,91,84,3,107,0,4,2,4,50,38,88,27
2018/12/17,30,1,29,16,17,16,40,113,85,51,24,0,4,18,50,17,53,2,15
2018/12/18,30,1,26,15,17,15,4,41,32,33,25,0,4,29,51,3,36,81,6
2018/12/19,29,2,25,15,16,15,32,62,62,37,12,0,7,34,64,3,2,64,14
2018/12/20,26,1,23,9,12,16,33,46,70,35,17,0,11,33,78,3,30,64,10
2018/12/21,28,2,24,9,12,16,52,40,68,30,8,0,11,28,71,4,29,37,1
2018/12/22,6,1,2,2,2,1,4,50,39,52,6,0,4,15,18,25,11,3,8
2018/12/23,4,2,2,1,1,1,25,29,56,3,32,0,3,3,4,9,36,52,21
2018/12/24,3,1,1,1,1,1,28,28,64,46,46,0,4,12,26,29,3,60,6
2018/12/25,28,2,31,16,18,15,41,72,55,48,42,0,4,13,38,3,22,80,11
2018/12/26,28,1,28,15,17,16,32,52,74,38,30,0,4,20,40,4,30,47,17
2018/12/27,21,2,24,15,16,16,31,40,71,31,21,0,4,21,43,3,2,20,19
2018/12/28,29,1,32,15,19,16,33,70,50,54,41,0,5,15,34,3,61,69,20
2018/12/29,4,2,2,2,2,1,11,19,24,32,37,0,4,2,11,15,57,29,28
2018/12/30,3,1,1,1,1,1,4,67,23,39,4,0,3,3,5,3,35,47,1
2018/12/31,3,2,2,1,1,2,5,3,22,2,5,0,4,2,4,4,2,2,1
2019/1/1,4,1,2,1,1,1,4,4,22,3,4,0,4,2,4,3,3,3,1
2019/1/2,3,2,1,1,1,1,5,3,21,2,5,0,4,2,4,3,2,2,2
2019/1/3,3,1,2,2,2,1,4,3,20,45,4,0,4,2,4,3,3,3,1
2019/1/4,33,1,35,20,23,17,4,3,21,48,5,0,4,3,5,33,71,66,1
2019/1/5,4,2,2,1,1,1,57,86,78,39,64,0,4,2,4,25,64,89,13
2019/1/6,3,1,2,2,1,1,76,58,87,34,102,0,3,2,4,48,55,43,41
2019/1/7,34,2,31,17,21,15,48,63,100,59,83,0,40,5,10,15,50,76,34
2019/1/8,33,1,33,18,21,16,80,73,26,46,45,0,82,13,33,12,42,88,6
2019/1/9,33,2,33,18,20,17,90,80,73,46,46,0,60,16,38,5,46,134,21
2019/1/10,35,1,35,17,22,17,52,64,105,38,71,8,33,18,40,10,46,80,26
2019/1/11,32,2,28,17,18,15,49,89,89,38,17,0,31,23,51,4,24,73,1
2019/1/12,14,1,2,1,1,2,134,86,91,66,53,0,55,9,18,42,44,54,49
2019/1/13,3,2,2,1,1,1,49,87,78,3,50,0,5,3,5,7,47,50,36
2019/1/14,4,1,2,1,1,1,30,17,57,36,36,0,4,15,31,14,60,32,17
2019/1/15,32,2,34,17,21,16,12,108,42,42,47,11,49,18,52,13,53,62,14
2019/1/16,28,1,29,15,17,16,41,67,84,44,16,0,17,23,59,7,10,61,20
2019/1/17,29,2,28,17,17,16,37,85,80,40,27,0,4,25,59,6,28,61,5
2019/1/18,32,1,31,17,19,16,47,39,95,46,12,0,3,25,53,3,2,76,5
2019/1/19,25,2,1,1,1,1,98,25,43,35,32,0,4,15,21,12,2,129,26
2019/1/20,14,1,2,1,1,1,107,120,80,28,40,0,4,2,4,3,47,2,33
2019/1/21,32,2,30,16,20,16,35,79,93,40,36,0,4,16,42,5,45,52,8
2019/1/22,31,1,31,17,19,15,9,109,55,24,25,0,4,22,48,8,43,64,7
2019/1/23,32,1,29,16,18,16,36,77,92,10,21,0,4,22,53,3,43,61,26
2019/1/24,32,2,30,18,19,15,38,96,85,7,24,0,4,26,47,5,42,60,8
2019/1/25,33,1,30,16,19,17,43,75,93,11,26,0,4,23,36,4,43,66,14
2019/1/26,8,2,1,1,1,2,78,3,50,49,41,0,4,10,15,17,30,90,20
2019/1/27,10,1,2,1,1,1,65,93,90,3,62,0,4,2,4,17,51,44,13
2019/1/28,32,2,29,17,18,15,49,53,95,44,40,6,4,12,45,27,43,63,12
2019/1/29,33,1,30,16,20,17,57,54,91,40,22,0,3,19,39,6,27,88,7
2019/1/30,34,2,31,16,18,15,37,43,85,30,30,0,4,20,46,9,28,93,9
2019/1/31,34,1,29,16,18,15,40,76,89,21,28,0,4,20,47,35,39,82,14
2019/2/1,36,2,32,15,20,16,43,71,91,34,42,0,4,18,43,9,43,92,1
2019/2/2,3,1,2,1,1,1,38,3,25,41,37,0,4,10,15,8,51,49,23
2019/2/3,23,2,2,2,1,1,65,74,75,3,35,0,4,2,4,3,2,3,5
2019/2/4,26,1,12,6,8,8,26,34,77,10,21,0,11,28,63,6,21,57,1
2019/2/5,31,1,30,17,19,15,38,43,78,13,49,0,4,26,66,4,31,88,7
2019/2/6,33,2,31,16,19,15,46,83,88,30,21,0,4,27,66,7,30,96,16
2019/2/7,29,1,25,12,13,13,90,40,84,26,22,0,4,29,76,3,23,71,1
2019/2/8,31,2,30,16,18,15,27,92,86,42,14,0,4,28,61,4,37,52,1
2019/2/9,3,1,2,1,1,1,62,21,37,61,68,0,4,2,23,46,51,83,35
2019/2/10,3,2,1,1,2,1,99,95,91,2,68,0,3,3,4,8,35,65,30
2019/2/11,3,1,2,2,1,2,49,96,92,63,86,0,4,2,4,54,54,46,31
2019/2/12,33,2,30,15,19,15,58,32,75,56,50,14,4,16,30,28,41,60,7
2019/2/13,33,1,33,17,20,17,76,51,96,43,50,11,4,19,47,16,39,60,26
2019/2/14,35,2,32,17,20,16,96,103,103,48,40,3,41,14,51,19,36,71,1
2019/2/15,36,1,33,17,22,16,74,51,100,49,41,0,64,23,51,19,46,94,12
2019/2/16,9,2,2,2,1,1,62,33,26,26,62,0,5,2,18,3,43,75,2
2019/2/17,3,1,2,1,1,1,90,90,77,3,52,0,4,2,4,12,34,15,28
2019/2/18,28,1,24,16,17,16,43,25,79,35,40,0,37,20,36,21,31,81,5
2019/2/19,28,2,27,15,17,16,63,52,92,39,35,0,32,24,62,15,36,31,10
2019/2/20,19,1,13,6,5,7,16,27,65,20,14,0,16,30,68,4,37,3,4
2019/2/21,24,2,22,9,10,15,32,21,53,28,15,0,20,27,56,3,18,41,1
2019/2/22,21,1,24,10,9,17,39,22,72,32,12,0,4,27,69,3,2,52,1
2019/2/23,3,2,2,1,1,1,4,32,26,34,5,0,5,23,17,3,3,49,1
2019/2/24,3,1,1,1,1,1,40,52,80,2,47,0,4,3,4,3,2,42,1
2019/2/25,18,1,20,7,8,11,26,36,81,28,18,0,11,25,63,8,25,38,2
2019/2/26,14,2,24,16,10,15,32,36,56,13,19,0,10,29,69,5,25,38,1
2019/2/27,23,1,29,15,16,15,35,33,70,14,14,0,11,27,63,9,19,22,1
2019/2/28,22,2,30,15,17,15,38,95,83,26,16,0,5,24,48,4,18,40,1
2019/3/1,27,1,24,14,10,15,49,43,76,15,15,0,4,25,65,3,2,55,1
2019/3/2,14,2,2,1,1,1,34,24,45,31,13,0,4,15,23,3,3,42,20
2019/3/3,4,1,1,2,1,1,85,65,75,3,61,0,4,3,4,16,2,47,33
2019/3/4,26,2,28,15,17,15,14,54,76,15,30,0,5,21,60,4,32,44,15
2019/3/5,23,1,22,11,9,16,34,43,46,16,23,0,4,33,73,3,2,45,1
2019/3/6,16,2,24,10,10,12,34,39,76,2,24,0,4,34,80,3,27,22,23
2019/3/7,22,1,26,15,16,15,90,24,82,26,22,0,4,33,97,8,15,39,2
2019/3/8,26,1,27,15,17,17,12,49,88,6,5,0,4,28,64,4,23,39,1
2019/3/9,6,2,2,2,1,1,4,3,60,28,6,0,5,9,29,6,2,54,1
2019/3/10,3,1,2,1,1,1,13,54,70,3,42,0,4,2,4,17,2,42,14
2019/3/11,19,2,16,8,6,9,27,27,64,4,23,0,4,33,78,3,25,27,3
2019/3/12,13,1,13,6,4,7,26,35,27,8,16,0,4,39,83,3,18,2,1
2019/3/13,12,2,8,4,3,5,9,3,55,23,11,0,4,36,82,4,22,2,12
2019/3/14,23,1,24,12,7,15,44,61,62,15,17,0,5,30,79,3,26,38,1
2019/3/15,18,1,21,8,6,15,50,55,72,12,30,0,4,32,84,3,28,40,1
2019/3/16,4,2,2,1,1,2,4,3,53,26,5,0,4,2,36,3,3,69,9
2019/3/17,3,1,2,1,1,1,39,51,60,2,46,0,4,2,4,10,2,20,5
2019/3/18,15,2,23,10,9,15,16,35,64,29,5,0,5,24,58,7,24,39,3
2019/3/19,10,1,13,6,4,6,4,44,52,3,4,0,4,33,87,3,2,28,1
2019/3/20,9,2,8,4,3,5,19,27,40,3,11,0,4,35,81,3,3,3,1
2019/3/21,3,1,2,1,1,1,4,16,52,2,19,0,4,34,76,3,2,6,1
2019/3/22,5,1,1,1,1,1,16,4,53,3,5,0,4,36,80,3,2,8,1
2019/3/23,3,2,2,1,1,1,18,45,43,42,5,0,5,3,41,11,3,47,20
2019/3/24,3,1,2,1,1,2,37,51,61,6,51,0,4,2,4,3,2,40,5
2019/3/25,19,2,22,9,7,15,13,35,64,15,5,0,4,26,57,3,3,2,1
2019/3/26,10,1,22,9,7,13,5,24,28,2,4,0,4,29,66,4,2,3,1
2019/3/27,12,2,6,3,3,4,30,31,47,3,5,0,5,32,81,3,2,2,2
2019/3/28,7,1,8,3,2,6,35,74,75,2,4,0,4,34,75,3,3,8,1
2019/3/29,13,1,27,15,16,15,74,7,78,16,5,0,4,31,79,3,2,69,1
2019/3/30,4,2,2,1,1,1,30,3,58,46,4,0,4,2,48,3,14,35,1
2019/3/31,3,1,1,2,1,1,44,56,65,2,15,0,5,3,4,3,2,2,1
2019/4/1,14,2,23,13,13,15,12,34,62,3,5,0,4,29,66,4,2,2,1
2019/4/2,18,1,26,15,16,16,4,46,41,35,29,0,4,29,71,3,13,3,1
2019/4/3,21,2,24,15,16,15,57,24,49,22,9,0,4,27,66,3,19,46,1
2019/4/4,12,1,13,7,7,10,49,41,60,3,11,0,4,27,79,3,24,23,1
2019/4/5,8,1,5,3,3,3,30,3,53,3,5,0,5,37,90,3,6,2,2
2019/4/6,3,2,1,1,1,1,16,3,39,2,4,0,4,27,60,3,15,3,1
2019/4/7,4,1,2,2,1,2,6,30,45,3,21,0,4,2,4,4,2,4,1
2019/4/8,7,2,25,11,8,14,10,34,62,2,5,0,4,29,100,3,17,2,1
2019/4/9,12,1,13,6,5,9,6,8,35,3,5,0,5,33,80,3,22,11,3
2019/4/10,24,2,30,15,18,15,68,76,84,44,4,0,4,27,78,3,3,79,11
2019/4/11,20,1,16,8,8,15,53,17,65,21,12,0,4,29,75,3,24,2,4
2019/4/12,14,1,23,15,12,16,55,7,60,26,9,0,4,31,85,4,25,27,1
2019/4/13,7,2,2,1,1,1,26,53,60,34,5,0,5,14,30,3,12,16,1
2019/4/14,3,1,1,1,1,1,48,45,60,2,12,0,4,3,4,3,2,8,10
2019/4/15,6,2,3,1,1,2,4,14,53,3,8,0,4,36,97,3,2,2,8
2019/4/16,5,1,4,3,3,3,4,40,35,3,13,0,4,37,97,3,3,2,1
2019/4/17,3,1,1,1,1,1,32,3,54,2,4,0,4,38,103,3,2,2,1
2019/4/18,4,2,2,1,1,2,16,8,31,3,5,0,21,44,127,3,3,2,1
2019/4/19,6,1,2,1,1,1,7,3,32,2,5,0,40,45,159,4,2,2,1
2019/4/20,3,2,1,2,1,1,8,3,31,3,4,0,27,30,73,3,2,3,1
2019/4/21,4,1,2,1,2,1,4,17,48,3,4,0,4,2,4,3,3,2,1
2019/4/22,7,1,2,1,1,1,13,3,30,2,5,10,51,49,187,3,2,2,1
2019/4/23,7,2,1,1,1,2,4,21,31,3,10,2,45,48,161,3,3,4,1
2019/4/24,6,1,2,1,1,1,19,3,33,2,17,0,45,49,168,3,2,2,1
2019/4/25,8,1,1,1,1,1,5,8,34,3,33,5,48,51,197,3,7,3,15
2019/4/26,3,2,15,2,2,1,4,17,63,3,18,0,30,39,125,4,2,2,8
2019/4/27,3,1,2,1,1,1,40,3,42,3,4,0,25,30,61,3,2,2,0
2019/4/28,3,2,2,1,1,2,24,15,47,3,4,0,4,3,5,3,2,2,0
2019/4/29,3,1,1,1,1,1,23,3,29,3,4,0,4,2,4,3,3,2,0
2019/4/30,3,2,2,1,1,1,4,4,30,17,5,0,14,36,107,3,29,3,0
2019/5/1,3,1,2,2,1,1,14,3,28,3,4,0,4,3,4,3,2,2,0
2019/5/2,4,1,1,1,2,1,16,3,57,3,5,0,24,43,127,4,18,2,0
2019/5/3,3,2,2,1,1,2,4,3,26,2,4,0,25,42,128,12,4,2,0
2019/5/4,3,1,1,1,1,1,5,3,29,3,4,0,35,30,89,3,2,2,0
2019/5/5,3,1,2,1,1,1,4,3,28,2,4,0,4,2,5,2,3,2,0
2019/5/6,3,2,2,1,1,1,4,4,29,3,4,0,3,3,4,3,2,2,0
2019/5/7,3,1,1,1,1,1,5,3,31,3,8,0,36,38,108,3,2,2,0
2019/5/8,3,2,2,2,1,2,4,3,34,2,4,0,28,40,115,3,3,2,0
2019/5/9,6,1,2,1,2,1,4,3,29,3,17,0,29,41,134,3,2,2,0
2019/5/10,3,1,1,1,1,1,20,3,30,2,14,0,54,55,175,3,12,4,2
2019/5/11,10,2,2,1,1,1,16,9,31,3,5,7,44,44,141,3,2,2,0
2019/5/12,7,1,1,1,1,1,5,5,32,3,19,0,6,2,4,15,2,2,0
2019/5/13,5,1,2,1,1,2,4,3,31,2,13,2,50,46,134,2,2,2,0
2019/5/14,3,2,2,2,1,1,4,3,37,3,22,7,37,46,164,5,3,2,2
2019/5/15,3,1,1,1,2,1,4,4,32,2,22,7,46,61,191,2,15,2,3
2019/5/16,6,2,2,1,1,1,14,6,40,4,26,7,42,64,180,20,20,3,0
2019/5/17,13,1,2,1,1,1,8,3,39,12,28,10,50,55,213,3,12,6,3
2019/5/18,9,1,1,1,1,2,16,14,35,3,17,15,43,43,141,3,2,2,2
2019/5/19,3,2,2,1,1,1,5,17,32,4,25,0,18,3,4,5,19,8,23
2019/5/20,14,1,1,2,1,1,4,3,34,13,26,12,50,53,161,3,18,14,0
2019/5/21,11,1,2,1,2,1,12,3,39,5,25,0,46,48,155,17,12,4,5
2019/5/22,12,2,2,1,1,1,13,8,34,11,17,7,49,52,156,3,11,3,10
2019/5/23,10,1,1,1,1,2,13,6,39,13,19,11,48,56,199,3,16,6,2
2019/5/24,12,1,2,1,1,1,30,14,44,15,33,11,62,57,210,3,24,14,16
2019/5/25,4,2,2,1,1,1,42,23,50,17,34,14,63,48,186,22,2,3,6
2019/5/26,7,1,1,2,1,1,46,26,59,4,13,0,4,2,35,24,15,2,6
2019/5/27,20,1,2,1,1,1,37,3,71,28,47,21,85,66,232,52,43,22,16
2019/5/28,14,2,1,1,2,2,24,20,47,17,45,12,78,53,216,40,40,2,3
2019/5/29,15,1,2,1,1,1,22,9,41,12,40,7,67,49,199,28,30,1,9
2019/5/30,11,2,2,1,1,1,12,4,47,11,35,19,51,46,199,29,33,6,7
2019/5/31,10,1,1,1,1,1,12,7,39,12,34,17,64,46,199,29,25,6,10
2019/6/1,3,1,2,2,1,1,30,21,34,6,18,10,45,38,167,18,2,3,0
2019/6/2,3,2,1,1,1,2,26,21,50,3,19,0,11,2,4,21,2,1,0
2019/6/3,10,1,2,1,1,1,27,12,43,13,41,15,77,52,211,38,24,5,4
2019/6/4,11,1,2,1,2,1,15,13,49,18,43,13,75,56,210,37,34,6,4
2019/6/5,9,2,1,1,1,1,37,4,59,17,36,7,70,51,202,21,29,7,17
2019/6/6,13,1,2,1,1,1,18,21,69,24,51,18,99,64,230,46,36,13,9
2019/6/7,9,1,2,2,1,2,15,10,51,18,39,9,54,45,179,34,27,13,6
2019/6/8,4,2,1,1,1,1,31,21,41,3,14,4,32,42,156,18,2,24,0
2019/6/9,3,1,2,1,1,1,15,7,38,10,14,0,4,2,4,3,3,2,2
2019/6/10,4,2,1,1,2,1,7,3,35,8,26,0,47,38,144,15,2,2,1
2019/6/11,6,1,2,1,1,1,13,7,32,9,26,10,44,42,153,18,2,2,3
2019/6/12,6,1,2,2,1,2,16,3,33,11,21,0,38,40,139,22,8,3,3
2019/6/13,10,2,1,1,1,1,12,3,41,13,35,2,50,50,193,30,22,2,6
2019/6/14,11,1,2,1,1,1,10,11,39,16,45,9,52,53,208,27,32,7,7
2019/6/15,3,1,2,1,1,1,15,3,36,2,10,4,16,32,125,5,2,1,1
2019/6/16,3,2,1,1,1,1,38,20,43,3,30,0,4,3,4,23,2,2,10
2019/6/17,10,1,2,1,2,2,17,11,44,12,41,4,67,47,186,36,22,4,3
2019/6/18,13,1,1,2,1,1,28,11,43,15,41,0,62,54,215,26,37,9,10
2019/6/19,10,2,2,1,1,1,56,19,46,14,54,0,64,55,218,27,37,12,20
2019/6/20,12,1,2,1,1,1,23,15,53,19,46,7,77,56,215,39,44,13,13
2019/6/21,12,2,1,1,1,1,16,17,51,21,44,0,81,56,211,44,38,14,9
2019/6/22,32,2,2,2,1,3,33,24,48,13,12,14,37,40,167,17,13,2,14
2019/6/23,21,1,1,0,2,1,33,12,50,3,25,0,4,2,4,20,9,2,4
2019/6/24,7,1,2,1,1,1,17,12,36,10,32,1,47,40,150,32,5,2,4
2019/6/25,11,1,7,3,1,2,20,11,48,17,50,13,51,51,203,35,15,7,11
2019/6/26,14,1,10,8,5,3,55,20,52,22,54,12,65,59,222,32,34,8,14
2019/6/27,14,1,13,10,7,5,21,21,49,23,55,0,68,61,223,43,35,8,5
2019/6/28,15,1,15,10,11,6,24,32,47,24,60,16,69,61,230,49,33,14,14
2019/6/29,4,2,2,1,1,0,28,10,42,13,18,0,45,36,128,21,12,11,5
2019/6/30,3,1,1,1,1,1,29,12,47,2,34,0,4,2,4,17,3,3,7
2019/7/1,12,1,2,1,1,1,22,8,54,17,43,0,51,52,167,30,19,4,8
2019/7/2,12,1,8,6,2,3,18,13,52,20,52,12,74,57,194,31,20,7,13
2019/7/3,13,1,12,6,4,3,23,12,62,19,63,13,55,57,213,39,30,7,16
2019/7/4,12,1,4,1,2,3,20,12,50,19,42,3,59,45,191,40,28,4,8
2019/7/5,11,1,2,1,1,2,16,14,43,15,56,20,53,51,190,36,25,2,8
2019/7/6,8,2,1,1,1,1,23,23,42,12,18,0,33,40,156,7,3,2,11
2019/7/7,3,1,2,1,0,1,33,10,40,3,21,0,10,3,4,3,10,8,9
2019/7/8,13,1,1,1,1,1,20,9,39,14,34,10,56,44,160,28,14,3,5
2019/7/9,8,1,2,1,2,1,14,8,35,11,42,3,42,40,141,32,13,2,6
2019/7/10,10,1,1,1,0,1,16,13,45,16,38,13,42,44,157,26,21,8,3
2019/7/11,10,1,2,1,2,1,15,9,37,22,25,0,51,44,167,26,15,4,5
2019/7/12,8,2,1,1,0,1,14,6,38,18,29,13,39,41,140,29,12,9,8
2019/7/13,12,1,1,1,1,1,18,21,50,13,25,4,33,38,146,4,17,3,11
2019/7/14,3,1,2,1,1,1,47,8,32,7,4,0,4,3,4,7,3,2,9
2019/7/15,3,1,1,1,1,1,6,3,48,3,31,0,31,37,146,11,7,2,8
2019/7/16,11,1,2,1,1,1,19,8,35,11,32,19,48,37,150,27,4,4,3
2019/7/17,13,1,7,1,1,2,30,14,46,18,43,14,58,45,192,31,19,5,12
2019/7/18,16,1,11,7,6,3,43,14,56,19,54,0,84,51,220,39,38,20,11
2019/7/19,17,2,15,9,9,5,56,37,87,26,54,17,74,60,224,52,38,26,26
2019/7/20,6,1,2,1,1,1,37,33,63,6,21,18,42,46,200,18,25,7,16
2019/7/21,3,1,1,1,1,1,27,31,39,3,49,0,4,2,4,3,25,2,26
2019/7/22,13,1,2,1,1,1,28,14,51,19,51,15,58,51,182,25,26,6,10
2019/7/23,12,1,7,5,5,3,44,22,43,26,46,11,72,51,214,35,18,7,19
2019/7/24,17,1,18,11,11,5,62,21,76,32,46,19,75,70,232,43,39,14,23
2019/7/25,19,1,30,13,15,11,61,28,99,36,52,0,108,79,238,46,39,22,29
2019/7/26,19,1,31,13,16,10,70,35,95,41,54,26,97,80,236,58,56,23,27
2019/7/27,7,1,1,1,1,1,65,42,79,25,38,16,87,56,219,19,34,20,28
2019/7/28,3,2,1,1,0,1,78,31,95,3,34,0,4,2,5,27,54,6,48
2019/7/29,23,1,38,19,20,14,69,44,102,41,59,28,119,82,229,63,50,20,30
2019/7/30,22,1,39,19,21,15,81,54,72,35,76,33,124,64,243,82,59,30,28
2019/7/31,25,1,40,20,21,14,55,22,109,39,71,33,128,86,239,65,61,55,42
2019/8/1,25,1,40,19,23,15,55,51,112,42,79,32,131,89,242,67,65,64,30
2019/8/2,42,1,42,20,25,16,22,30,105,43,70,30,136,87,242,81,57,48,20
2019/8/3,36,1,1,1,0,1,85,53,85,29,54,26,134,68,230,48,41,34,34
2019/8/4,33,1,1,1,1,1,64,35,96,21,52,0,4,2,5,45,39,31,41
2019/8/5,46,1,40,22,19,13,49,40,107,32,80,45,131,84,231,66,59,42,33
2019/8/6,46,1,39,20,20,13,60,19,80,46,69,44,151,88,241,76,67,54,32
2019/8/7,49,2,42,24,20,12,57,21,107,47,72,44,147,86,239,68,64,47,33
2019/8/8,47,1,39,23,19,13,64,22,100,50,70,38,131,84,238,72,67,42,23
2019/8/9,49,1,40,24,18,13,58,25,93,49,76,39,156,87,240,76,60,62,20
2019/8/10,34,1,1,1,1,1,36,22,56,33,53,25,136,78,226,61,45,37,0
2019/8/11,32,1,2,1,0,1,63,35,101,2,46,0,3,2,5,45,36,30,31
2019/8/12,33,1,1,1,0,1,48,35,70,12,41,0,18,2,4,42,46,37,24
2019/8/13,42,1,37,17,17,13,29,38,84,43,67,41,123,79,242,70,46,39,19
2019/8/14,45,1,35,18,17,13,49,22,77,39,59,36,102,76,237,69,42,38,18
2019/8/15,45,1,36,22,17,11,44,30,84,36,48,36,103,74,233,71,41,19,20
2019/8/16,44,1,33,21,15,11,45,32,82,24,59,32,96,74,241,64,38,33,16
2019/8/17,35,2,2,1,0,1,44,64,94,33,40,21,103,73,232,34,36,35,24
2019/8/18,32,1,1,1,0,1,64,53,109,10,43,0,29,2,4,32,58,17,31
2019/8/19,43,1,35,21,16,10,33,37,82,36,57,0,128,74,229,66,57,23,18
2019/8/20,38,1,21,16,16,11,38,35,70,17,60,31,79,68,230,51,42,27,16
2019/8/21,40,1,27,18,15,9,46,18,80,23,51,32,84,62,235,57,50,15,17
2019/8/22,36,1,13,12,11,10,46,24,82,14,49,25,74,55,229,45,44,18,15
2019/8/23,34,1,13,9,11,12,30,32,76,14,44,25,61,54,223,36,38,20,22
2019/8/24,30,1,1,1,0,1,49,19,64,3,40,23,86,45,209,27,27,17,5
2019/8/25,26,2,2,1,0,1,45,29,73,3,24,0,4,2,4,51,27,3,16
2019/8/26,35,1,11,10,10,10,25,20,68,20,37,24,82,53,226,58,42,21,10
2019/8/27,35,1,14,9,10,11,23,20,64,16,48,28,70,58,228,51,39,28,15
2019/8/28,35,1,16,14,11,12,31,15,58,16,39,24,73,56,222,36,34,21,13
2019/8/29,41,1,17,14,16,13,61,23,91,25,54,34,85,77,236,50,47,34,19
2019/8/30,36,1,11,10,8,11,32,10,65,17,48,20,60,57,224,44,33,18,15
2019/8/31,30,1,1,1,0,1,61,41,65,6,41,19,73,48,215,34,22,20,20
2019/9/1,28,1,1,1,0,1,39,37,76,2,45,0,16,2,5,3,41,14,34
2019/9/2,40,2,35,19,15,12,39,31,84,32,63,30,106,74,230,51,50,29,27
2019/9/3,37,1,16,16,12,12,33,24,50,24,45,2,82,68,230,35,51,19,11
2019/9/4,15,1,6,2,3,6,27,14,74,21,46,11,61,48,208,31,33,18,11
2019/9/5,34,1,15,11,7,11,34,17,62,19,49,19,61,53,228,42,41,11,14
2019/9/6,39,1,33,15,15,12,46,32,60,24,73,27,96,63,237,62,44,18,18
2019/9/7,30,1,2,1,0,1,52,54,95,9,33,14,81,57,223,41,29,15,1
2019/9/8,30,1,1,1,0,1,47,33,83,19,35,0,4,2,4,11,36,15,46
2019/9/9,45,1,39,17,19,8,37,41,57,35,67,45,145,81,233,74,57,19,27
2019/9/10,43,1,38,19,19,12,32,29,54,30,74,46,146,63,241,78,64,28,33
2019/9/11,40,2,37,21,18,11,42,25,70,32,65,30,103,58,233,65,55,39,4
2019/9/12,36,1,12,10,11,11,40,23,56,25,58,29,78,62,227,52,36,22,13
2019/9/13,30,1,3,1,2,1,19,13,45,22,43,22,55,35,221,36,29,22,12
2019/9/14,23,1,2,1,0,1,30,15,33,3,22,10,48,35,147,5,12,9,7
2019/9/15,25,1,1,1,1,1,40,19,63,15,20,0,4,2,4,19,23,6,18
2019/9/16,21,1,1,1,1,1,30,20,30,2,20,0,73,38,187,8,17,3,13
2019/9/17,37,1,21,10,11,4,41,17,58,21,51,33,81,55,256,61,35,8,15
2019/9/18,27,1,3,1,1,1,19,23,37,14,40,24,50,40,218,32,27,7,11
2019/9/19,28,2,7,2,1,3,32,13,30,14,34,24,60,49,230,41,23,8,7
2019/9/20,25,1,6,1,2,2,29,16,31,13,38,0,72,42,193,39,30,11,10
2019/9/21,22,1,1,0,0,1,24,10,30,3,13,18,31,34,160,17,2,2,2
2019/9/22,24,1,1,0,1,1,36,11,43,11,6,0,4,3,4,6,2,2,16
2019/9/23,29,1,2,1,0,1,39,7,59,3,31,31,77,46,219,16,19,10,25
2019/9/24,32,1,13,12,10,4,27,37,33,22,39,27,67,45,227,52,34,8,3
2019/9/25,30,1,10,4,6,4,23,21,33,19,42,22,72,45,221,45,31,12,15
2019/9/26,28,1,7,1,4,3,35,17,31,22,40,19,66,54,271,46,34,7,6
2019/9/27,31,1,8,1,7,3,33,17,31,26,43,20,69,48,278,38,33,7,10
2019/9/28,25,2,1,1,0,1,27,12,37,6,18,19,58,39,198,30,2,2,10
2019/9/29,25,1,1,1,0,1,40,23,39,12,28,0,4,3,4,5,34,3,20
2019/9/30,33,1,13,7,9,3,26,17,31,33,47,15,78,45,222,53,37,13,6
2019/10/1,31,1,11,6,7,4,31,23,32,25,47,24,77,46,229,56,35,18,8
2019/10/2,30,1,9,5,7,4,27,14,34,16,45,21,80,46,222,45,29,10,15
2019/10/3,32,1,9,1,5,4,36,31,33,17,44,7,69,51,258,45,22,8,8
2019/10/4,15,1,10,7,8,5,35,29,33,25,46,27,69,50,226,46,28,10,16
2019/10/5,10,1,1,1,0,1,50,38,54,16,21,33,71,46,201,36,2,3,28
2019/10/6,6,2,2,1,0,1,24,11,46,2,21,0,4,2,4,4,15,2,5
2019/10/7,11,1,2,1,0,1,23,24,32,14,31,17,51,40,189,23,17,8,4
2019/10/8,12,1,5,1,1,2,25,14,36,11,47,17,53,44,196,33,28,5,6
2019/10/9,11,1,2,1,1,1,19,9,33,16,19,18,57,39,176,31,10,3,6
2019/10/10,11,1,1,1,0,1,17,17,31,14,31,13,46,40,178,35,12,3,7
2019/10/11,9,1,2,1,1,1,20,20,30,13,36,15,47,37,176,17,22,2,7
2019/10/12,3,2,1,1,0,1,4,3,29,2,4,0,4,3,5,3,2,2,0
2019/10/13,3,1,1,1,0,1,4,8,29,3,25,0,4,2,4,46,2,2,0
2019/10/14,3,1,2,1,0,1,14,3,32,3,4,13,24,31,133,6,3,2,5
2019/10/15,10,1,1,1,0,1,17,16,31,4,29,2,52,34,147,19,2,1,11
2019/10/16,5,1,2,1,0,1,12,9,32,4,16,2,35,30,120,10,2,2,1
2019/10/17,3,1,1,1,1,1,8,6,30,2,21,3,35,32,84,12,3,2,2
2019/10/18,4,1,1,1,0,1,12,6,32,3,17,0,44,33,79,11,2,2,1
2019/10/19,3,2,2,1,0,1,13,7,28,2,4,7,19,33,55,4,2,2,0
2019/10/20,3,1,1,1,0,1,20,19,28,3,7,0,4,2,4,11,2,2,6
2019/10/21,6,1,2,1,0,1,12,12,31,2,16,10,31,35,76,3,3,2,8
2019/10/22,3,1,1,1,1,1,22,3,29,3,20,0,4,2,4,3,2,2,0
2019/10/23,5,1,2,1,0,1,16,6,29,2,31,5,52,40,90,15,2,2,9
2019/10/24,4,1,1,1,0,1,10,5,30,3,21,0,41,35,80,11,2,2,2
2019/10/25,4,2,2,1,1,1,8,18,31,2,11,0,31,33,74,12,3,2,0
2019/10/26,3,1,1,1,0,1,30,5,28,3,4,13,38,29,60,14,2,2,0
2019/10/27,4,1,1,1,0,1,15,7,29,2,12,0,4,3,4,3,2,2,2
2019/10/28,4,1,2,1,0,1,11,5,30,3,16,0,47,33,72,3,2,2,10
2019/10/29,3,1,1,1,0,1,18,9,30,2,13,0,34,30,75,3,3,2,5
2019/10/30,4,1,2,1,1,1,6,4,27,3,11,7,48,34,115,9,2,2,5
2019/10/31,6,2,1,1,0,1,4,3,29,2,17,0,39,34,113,3,2,1,0
2019/11/1,4,1,2,1,0,1,4,4,29,2,15,0,56,35,140,3,3,2,5
2019/11/2,3,1,1,1,0,1,4,8,30,3,4,10,34,22,72,6,2,2,0
2019/11/3,4,1,1,1,0,1,13,3,29,2,12,0,4,2,4,8,2,2,0
2019/11/4,3,1,2,1,0,1,4,5,41,3,4,0,23,28,85,15,2,2,3
2019/11/5,3,1,1,1,1,1,8,3,50,2,11,0,37,29,81,2,3,6,10
2019/11/6,3,2,2,1,1,1,20,3,55,3,18,0,44,30,73,3,3,2,4
2019/11/7,3,1,1,1,0,1,11,4,30,2,10,0,42,33,106,3,2,3,1
2019/11/8,4,1,2,1,1,1,11,5,41,3,12,0,38,30,98,3,2,2,0
2019/11/9,3,1,1,1,0,1,9,5,27,2,4,16,22,19,31,3,2,16,0
2019/11/10,3,1,1,1,0,1,5,3,57,2,14,0,4,2,4,17,3,11,0
2019/11/11,0,0,0,0,0,0,0,0,0,0,0,0,0,0,0,0,0,0,0
2019/11/12,5,1,1,1,1,1,4,3,39,2,7,0,39,30,56,3,2,2,0
2019/11/13,3,1,2,1,0,1,17,29,66,3,5,0,24,28,58,3,2,2,0
2019/11/14,3,1,1,1,1,1,8,3,53,2,4,0,29,30,65,3,3,3,0
2019/11/15,4,1,2,1,1,1,16,3,55,3,5,0,26,27,61,3,2,30,0
2019/11/16,3,2,1,1,0,1,5,21,30,2,4,0,4,14,44,3,2,24,0
2019/11/17,3,1,2,1,0,1,36,4,47,2,4,0,4,3,4,3,2,20,16
2019/11/18,3,1,1,1,1,1,12,22,51,3,5,0,34,27,58,3,2,2,1
2019/11/19,3,1,2,1,0,2,4,3,31,2,4,0,42,32,65,3,3,2,1
2019/11/20,4,1,1,1,0,1,40,11,53,3,5,0,28,26,56,3,2,9,1
2019/11/21,3,1,1,1,1,1,39,3,58,14,4,0,16,26,53,3,2,18,1
2019/11/22,8,2,24,1,1,12,54,23,80,29,5,0,4,24,50,3,13,42,1
2019/11/23,7,1,1,1,0,1,15,7,27,34,7,0,7,6,24,5,36,37,18
2019/11/24,4,1,2,1,0,2,27,12,57,26,4,2,10,5,6,3,2,9,1
2019/11/25,3,1,2,1,0,1,7,24,49,2,5,0,27,32,66,4,3,9,1
2019/11/26,10,1,27,2,1,15,11,3,53,30,4,0,4,26,52,3,2,25,1
2019/11/27,15,2,25,4,0,14,54,3,78,2,5,0,8,27,45,3,3,21,4
2019/11/28,15,1,25,1,1,15,60,7,82,19,4,0,5,27,52,3,2,26,1
2019/11/29,14,1,29,6,0,15,54,58,79,15,5,0,9,25,45,4,3,44,1
2019/11/30,18,1,2,2,1,2,8,63,63,32,5,0,4,15,27,7,2,33,1
2019/12/1,3,2,1,1,1,1,55,34,78,31,4,0,4,2,4,3,57,37,1
2019/12/2,23,1,27,8,1,15,30,22,68,18,6,0,3,22,42,3,20,42,20
2019/12/3,12,1,19,2,0,9,4,41,34,3,6,0,4,25,47,3,24,21,2
2019/12/4,17,1,20,2,1,15,56,39,76,2,6,0,13,24,49,4,24,28,9
2019/12/5,20,1,22,4,1,16,44,33,90,3,9,0,10,25,49,3,3,32,1
2019/12/6,29,2,27,6,1,15,53,51,95,38,12,0,5,25,48,3,23,35,12
2019/12/7,21,1,2,1,0,1,51,29,54,38,4,0,4,14,18,32,52,65,27
2019/12/8,3,1,1,1,1,1,46,3,57,3,69,0,4,2,4,4,61,45,6
2019/12/9,27,1,32,16,1,16,26,69,75,37,25,0,4,19,33,3,28,35,15
2019/12/10,24,2,24,4,1,15,17,62,85,19,4,0,4,24,42,9,6,32,8
2019/12/11,18,1,21,4,0,11,10,23,65,3,5,0,4,27,57,3,31,26,21
2019/12/12,13,1,14,2,1,7,60,9,75,3,4,0,4,27,56,14,9,17,1
2019/12/13,19,1,29,7,0,15,65,52,86,3,5,0,4,23,40,44,33,48,2
2019/12/14,14,2,1,2,1,2,15,3,55,47,5,0,4,16,32,3,44,48,3
2019/12/15,4,1,2,1,1,1,44,41,83,35,5,0,4,3,4,4,71,36,11
2019/12/16,28,1,29,6,0,15,28,47,73,28,6,0,4,21,38,3,35,39,2
2019/12/17,27,1,28,9,1,16,62,51,44,3,10,0,4,23,38,41,23,32,5
2019/12/18,19,1,20,4,1,15,47,36,67,4,8,0,4,26,44,3,22,31,5
2019/12/19,29,2,27,4,0,15,71,43,72,15,5,2,4,24,48,3,3,35,5
2019/12/20,26,1,22,3,1,15,18,41,72,2,7,0,4,26,50,4,26,30,4
2019/12/21,27,1,1,2,1,2,16,4,54,48,5,0,4,15,23,34,64,55,23
2019/12/22,7,1,2,1,0,1,21,25,48,3,8,0,4,2,4,36,79,37,31
2019/12/23,28,1,28,8,1,15,32,15,86,43,5,7,3,18,34,26,51,29,3
2019/12/24,25,2,2,1,0,1,45,68,68,35,4,0,4,19,43,17,29,39,20
2019/12/25,27,1,31,15,1,16,60,47,68,40,5,0,10,12,32,34,64,48,15
2019/12/26,0,0,0,0,0,0,0,0,0,0,0,0,0,0,0,0,0,0,0
2019/12/27,22,1,24,5,1,15,39,32,78,27,5,0,4,24,40,13,47,41,16
2019/12/28,12,2,2,1,0,1,42,8,55,45,4,0,5,21,4,53,70,53,2
2019/12/29,3,1,2,1,1,1,5,4,23,3,5,0,4,2,4,4,53,57,8
2019/12/30,4,1,1,1,1,1,4,3,22,3,4,0,4,2,4,22,38,44,1
2019/12/31,3,1,2,1,0,2,4,3,22,2,5,0,5,3,4,4,12,50,1
2020/1/1,3,2,2,2,1,1,5,3,21,3,4,0,4,2,4,3,2,3,1
2020/1/2,4,1,1,1,1,1,4,3,21,3,5,0,4,2,5,3,2,2,2
2020/1/3,3,1,33,18,1,17,5,3,20,2,4,0,4,2,4,3,3,2,1
2020/1/4,21,1,2,1,0,1,96,69,47,3,66,0,5,3,4,60,49,75,36
2020/1/5,3,2,1,1,1,1,79,36,92,31,59,0,4,2,4,23,86,77,2
2020/1/6,31,1,30,15,1,17,19,36,87,64,42,31,4,4,5,68,81,58,26
2020/1/7,29,1,32,15,1,15,79,63,89,50,31,25,5,13,16,53,35,53,1
2020/1/8,30,1,32,15,0,16,93,77,99,46,31,22,4,15,26,43,55,43,23
2020/1/9,23,2,22,4,1,14,4,35,84,23,4,0,4,19,35,15,41,27,15
2020/1/10,20,1,27,7,1,15,26,72,69,29,5,0,4,21,40,36,27,29,1
2020/1/11,21,1,1,1,1,1,97,33,40,32,16,0,5,10,22,43,31,35,23
2020/1/12,3,1,2,1,0,2,55,52,97,2,5,0,4,2,4,11,69,61,22
2020/1/13,4,2,2,1,1,1,58,44,88,37,5,0,4,3,24,9,55,40,30
2020/1/14,22,1,27,7,1,15,11,60,33,36,4,5,4,21,40,49,32,38,13
2020/1/15,29,1,29,9,1,15,77,16,66,12,19,8,5,21,37,39,36,38,9
2020/1/16,31,1,30,8,0,15,69,45,104,25,6,0,4,20,50,39,7,42,4
2020/1/17,32,2,29,6,1,15,15,20,99,25,5,0,4,18,48,28,28,63,1
2020/1/18,15,1,2,2,1,1,105,77,52,38,5,3,4,9,20,39,72,71,43
2020/1/19,3,1,1,1,1,2,71,63,104,3,30,0,5,2,5,13,68,54,20
2020/1/20,31,1,26,7,0,15,26,50,79,31,28,9,4,16,33,33,32,38,2
2020/1/21,31,2,29,7,1,15,18,55,65,14,29,0,4,15,37,10,32,51,7
2020/1/22,37,1,34,15,1,17,73,68,86,34,34,15,4,17,34,9,41,31,26
2020/1/23,33,1,32,15,1,15,69,35,68,30,40,8,5,15,41,43,38,41,20
2020/1/24,18,1,23,5,1,16,13,6,77,11,4,1,4,20,74,11,29,38,20
2020/1/25,20,2,2,1,0,1,78,34,51,34,41,0,4,11,17,49,61,42,1
2020/1/26,13,1,2,1,1,1,100,92,88,46,15,0,4,2,5,30,55,47,33
2020/1/27,32,1,33,15,1,17,40,30,91,48,14,17,5,17,43,61,36,38,7
2020/1/28,35,1,35,16,1,15,30,33,83,49,18,12,36,15,38,61,57,54,1
2020/1/29,24,2,15,3,0,7,46,17,69,16,5,0,15,24,57,3,27,66,16
2020/1/30,23,1,17,2,1,8,50,44,79,7,4,0,12,26,64,5,3,41,27
2020/1/31,28,1,27,6,0,16,10,23,84,10,5,0,13,18,31,4,34,38,2
2020/2/1,13,1,2,1,1,1,64,31,49,33,5,0,4,11,15,3,13,84,11
2020/2/2,14,1,2,1,1,2,34,71,97,14,34,0,4,2,4,7,50,39,13
2020/2/3,27,2,24,5,1,15,23,27,78,27,14,0,45,16,45,15,30,31,1
2020/2/4,21,1,28,5,1,15,50,41,80,19,15,0,41,21,56,37,3,38,1
2020/2/5,26,1,23,4,0,15,53,40,76,10,7,0,38,24,45,31,18,32,11
2020/2/6,35,1,36,16,1,18,40,106,115,39,14,0,23,18,41,17,43,76,1
2020/2/7,35,2,35,12,1,18,56,75,133,30,48,2,53,18,30,43,39,77,16
2020/2/8,22,1,2,1,1,1,77,25,46,26,11,0,4,6,17,27,50,56,11
2020/2/9,20,1,2,1,1,1,84,60,110,2,70,0,4,3,4,11,30,59,6
2020/2/10,34,2,33,16,0,16,42,71,119,45,20,0,67,14,25,27,49,73,12
2020/2/11,3,1,1,1,1,1,33,3,91,41,10,0,5,14,22,14,53,104,33
2020/2/12,28,1,28,5,1,16,17,38,88,44,17,0,48,16,35,3,31,43,5
2020/2/13,26,1,18,6,1,9,33,5,93,26,13,0,33,25,52,3,25,42,18
2020/2/14,19,1,20,2,1,7,18,19,83,16,6,0,5,27,57,3,2,33,1
2020/2/15,11,2,2,1,0,2,46,14,52,3,5,0,4,17,27,3,7,44,1
2020/2/16,4,1,2,1,0,1,60,37,89,3,29,0,4,2,4,40,26,38,21
2020/2/17,25,1,23,6,0,15,15,11,85,17,11,0,4,24,51,3,24,29,2
2020/2/18,18,1,27,5,1,15,15,24,46,20,11,0,4,17,40,4,3,47,20
2020/2/19,21,2,27,5,0,15,19,7,87,25,7,0,4,18,41,3,31,38,5
2020/2/20,25,1,25,6,1,16,58,12,81,18,5,0,4,17,50,7,32,45,1
2020/2/21,19,1,24,3,1,15,27,52,83,17,4,0,4,20,55,3,29,13,2
2020/2/22,13,1,2,2,0,1,69,3,48,21,5,0,4,13,53,8,11,47,2
2020/2/23,3,1,1,1,1,2,25,43,80,3,5,0,4,2,4,3,13,45,2
2020/2/24,4,2,2,1,0,1,37,3,87,24,4,0,4,10,25,8,41,25,1
2020/2/25,22,1,22,3,1,15,13,26,65,29,14,0,4,18,44,3,2,34,1
2020/2/26,25,1,28,6,1,15,63,24,66,41,5,0,4,13,70,4,35,40,23
2020/2/27,28,1,29,6,0,15,56,45,82,41,12,0,4,16,42,3,33,46,1
2020/2/28,25,2,28,6,1,16,55,50,73,20,14,0,4,16,43,3,34,45,1
2020/2/29,10,1,2,1,1,2,48,16,48,3,4,0,4,6,31,3,27,3,1
2020/3/1,4,1,2,1,1,1,44,53,83,3,43,0,4,2,4,7,30,47,1
2020/3/2,29,1,30,8,0,15,14,10,89,44,18,0,4,21,38,4,22,41,21
2020/3/3,21,1,17,2,1,10,6,33,70,17,5,0,4,27,53,3,3,40,2
2020/3/4,24,2,27,3,1,15,64,37,67,34,4,0,4,26,43,16,2,41,4
2020/3/5,25,1,25,3,1,15,60,22,70,29,5,0,4,18,36,3,7,39,1
2020/3/6,22,1,23,4,0,15,53,43,69,5,5,0,4,20,32,3,19,49,1
2020/3/7,17,1,1,1,1,2,13,66,65,36,6,0,4,6,22,29,2,13,25
2020/3/8,8,2,2,1,1,1,71,63,86,3,54,0,4,2,4,32,35,60,20
2020/3/9,24,1,14,4,0,7,53,29,60,18,5,0,4,24,46,3,33,37,12
2020/3/10,18,1,13,2,1,5,6,18,40,15,5,0,4,34,83,3,8,37,1
2020/3/11,15,1,7,1,0,2,20,35,51,3,4,0,4,31,80,3,2,2,1
2020/3/12,22,1,15,3,1,10,49,7,77,3,5,0,4,27,62,4,5,38,1
2020/3/13,15,2,11,2,0,5,41,28,81,2,4,0,5,32,81,3,8,37,2
2020/3/14,14,1,2,1,1,1,5,38,89,30,5,0,4,6,39,42,37,49,19
2020/3/15,3,1,2,2,0,2,47,51,86,6,4,0,4,3,5,3,2,47,19
2020/3/16,25,1,26,6,1,15,64,41,87,39,5,0,4,17,25,3,39,51,12
2020/3/17,30,2,28,7,1,15,45,41,52,41,4,0,4,13,27,4,36,52,3
2020/3/18,18,1,11,3,0,7,46,48,75,3,5,0,4,25,53,3,28,41,1
2020/3/19,13,1,9,3,1,14,10,3,64,2,4,0,17,31,71,3,30,30,1
2020/3/20,3,1,1,1,0,2,6,3,70,8,5,0,4,15,45,10,24,25,1
2020/3/21,9,1,2,1,1,1,5,20,58,3,4,0,4,15,48,4,22,34,1
2020/3/22,3,1,1,1,0,1,5,31,66,3,5,0,4,2,4,3,2,2,11
2020/3/23,16,2,24,3,1,6,32,18,66,31,4,0,4,25,54,3,10,37,7
2020/3/24,20,1,26,3,1,15,8,31,35,38,5,0,8,25,31,3,2,37,22
2020/3/25,17,1,18,2,1,12,37,44,67,29,4,0,4,22,47,3,32,43,3
2020/3/26,16,1,8,2,0,5,27,24,67,21,5,0,11,32,77,3,21,34,1
2020/3/27,10,1,6,2,1,2,6,21,62,2,5,0,16,37,98,4,9,30,1
2020/3/28,6,2,1,1,0,1,41,3,54,8,4,0,4,23,70,9,13,21,19
2020/3/29,12,1,2,1,0,2,159,32,119,19,5,0,4,3,4,39,44,55,30
2020/3/30,27,1,28,11,1,15,25,38,83,35,4,0,4,16,34,3,40,53,1
2020/3/31,20,1,26,6,1,15,40,49,52,27,5,0,4,28,33,3,28,45,1
2020/4/1,16,2,22,3,1,8,72,16,60,3,4,0,4,21,51,3,23,40,1
2020/4/2,15,1,5,2,0,4,56,17,43,25,5,0,4,29,65,3,3,26,1
2020/4/3,16,1,8,2,1,4,61,7,61,16,4,0,4,31,75,4,2,2,1
2020/4/4,11,1,2,2,0,1,21,35,50,3,5,0,4,18,57,8,16,31,1
2020/4/5,3,1,2,1,1,1,112,49,73,2,4,0,4,2,4,33,3,27,18
2020/4/6,15,2,8,3,1,4,28,28,66,3,5,0,4,30,62,3,2,29,1
2020/4/7,12,1,9,2,1,2,27,16,68,3,5,0,4,30,81,3,3,28,1
2020/4/8,13,1,6,2,0,3,35,32,67,2,4,0,4,33,79,3,2,24,1
2020/4/9,11,1,2,1,1,3,24,34,58,3,5,0,4,33,70,3,3,29,7
2020/4/10,10,1,10,3,0,6,25,17,76,3,4,0,4,28,36,4,25,34,21
2020/4/11,9,2,1,1,1,1,62,56,50,2,5,0,4,24,4,10,23,28,15
2020/4/12,3,1,2,1,1,2,131,50,79,3,5,0,4,2,4,11,28,37,12
2020/4/13,22,1,27,15,1,3,61,61,65,24,4,0,9,19,53,3,3,44,28
2020/4/14,16,1,11,5,0,8,32,60,34,2,5,0,36,19,23,4,2,67,12
2020/4/15,16,1,6,4,1,2,24,39,64,3,8,0,4,31,70,3,3,2,2
2020/4/16,10,2,11,3,0,8,40,56,79,3,7,0,14,26,49,3,2,3,1
2020/4/17,14,1,10,4,1,3,37,42,58,2,12,0,4,30,48,3,2,6,1
2020/4/18,10,1,2,1,0,1,108,28,47,3,4,0,5,14,44,21,15,38,1
2020/4/19,7,1,1,2,0,2,31,43,53,3,5,0,4,2,5,4,2,20,1
2020/4/20,17,1,25,14,1,14,49,35,69,2,4,0,4,10,21,3,3,17,1
2020/4/21,7,1,4,2,0,1,4,35,33,3,5,0,5,34,73,3,2,5,0
2020/4/22,11,2,6,2,1,1,39,43,76,3,4,0,4,24,50,3,3,2,0
2020/4/23,12,1,8,3,0,4,41,33,64,2,5,0,4,30,49,4,2,3,0
2020/4/24,12,1,7,3,1,4,42,46,44,3,4,0,5,27,55,3,3,2,0
2020/4/25,10,1,2,1,0,1,117,43,32,3,4,0,4,8,40,3,2,2,0
2020/4/26,3,1,1,1,0,2,15,9,35,2,5,0,4,2,4,3,2,2,0
2020/4/27,8,2,8,2,0,1,32,38,64,3,4,0,19,27,53,3,3,3,0
2020/4/28,7,1,11,2,1,1,14,34,27,3,5,0,17,26,57,4,2,2,0
2020/4/29,3,1,2,1,0,1,39,11,38,2,4,0,62,3,55,3,3,2,0
2020/4/30,5,1,2,1,0,1,4,3,53,3,5,0,23,40,97,3,2,2,0
2020/5/1,5,1,1,2,0,2,4,12,41,3,4,0,31,51,148,3,3,3,0
2020/5/2,3,1,2,1,0,1,13,3,25,8,4,0,107,2,199,3,2,2,0
2020/5/3,3,1,2,1,0,1,30,4,27,3,5,0,3,2,4,4,3,2,0
2020/5/4,3,2,1,1,0,1,28,9,27,2,4,0,4,43,142,3,2,2,0
2020/5/5,3,1,2,1,0,1,4,3,30,4,5,13,42,53,201,3,3,2,1
2020/5/6,3,1,1,1,1,1,32,23,29,3,4,0,4,37,78,3,2,3,0
2020/5/7,4,1,2,2,0,2,4,3,27,2,5,0,4,38,87,3,2,2,0
2020/5/8,6,1,2,1,0,1,23,15,27,2,4,0,4,39,99,3,3,2,0
2020/5/9,3,1,1,1,0,1,4,4,27,3,4,0,16,3,121,4,2,2,0
2020/5/10,4,1,2,1,0,1,26,3,26,2,5,0,4,2,4,3,3,2,0
2020/5/11,27,2,8,1,4,1,25,12,28,4,25,19,78,80,223,14,26,4,8
2020/5/12,8,1,1,1,0,2,15,3,30,10,25,15,65,65,217,3,2,2,11
2020/5/13,10,1,6,1,3,1,30,3,33,21,21,5,93,57,217,3,2,2,8
2020/5/14,9,1,3,2,0,1,16,3,28,8,23,6,27,57,209,3,2,2,9
2020/5/15,10,1,5,1,1,1,24,3,29,6,26,0,76,63,234,3,2,2,17
2020/5/16,3,1,2,1,0,1,14,6,29,3,4,0,8,3,146,2,3,2,0
2020/5/17,3,1,1,1,0,2,24,3,41,2,9,0,4,2,5,3,2,2,0
2020/5/18,7,1,2,1,1,1,5,3,41,3,16,0,49,55,152,3,2,2,14
2020/5/19,6,2,1,1,0,1,9,28,34,2,23,0,34,57,169,3,2,2,0
2020/5/20,4,1,2,2,0,1,25,33,63,2,20,0,4,35,90,3,2,2,0
2020/5/21,3,1,1,1,1,3,19,43,66,3,14,0,4,34,65,3,3,2,0
2020/5/22,3,1,2,2,0,1,13,25,34,2,9,0,8,42,86,3,2,2,0
2020/5/23,3,1,1,1,0,2,16,3,26,3,4,0,13,27,100,3,2,2,0
2020/5/24,3,1,1,1,0,1,5,3,27,2,4,0,4,2,5,3,2,2,0
2020/5/25,8,2,2,1,0,1,4,3,27,3,17,0,64,62,191,3,2,2,7
2020/5/26,9,1,1,1,0,1,10,4,26,2,39,10,61,66,217,3,9,2,0
2020/5/27,8,1,3,1,0,1,9,3,31,3,31,11,70,67,219,3,15,2,16
2020/5/28,9,1,1,2,0,2,5,3,31,4,20,15,38,54,204,3,2,2,2
2020/5/29,9,1,6,1,1,1,15,5,28,4,25,3,66,55,204,3,2,2,12
2020/5/30,3,1,1,1,0,1,22,12,29,2,10,25,31,57,200,3,2,1,8
2020/5/31,6,1,2,1,0,1,5,6,26,3,9,0,4,2,4,3,3,2,9
2020/6/1,9,1,1,1,0,1,4,6,37,7,32,16,37,49,182,3,28,2,0
2020/6/2,10,2,5,1,2,2,11,3,40,7,32,28,56,73,231,44,29,2,7
2020/6/3,13,1,9,2,7,1,47,12,41,10,35,38,86,65,244,51,42,2,14
2020/6/4,11,1,7,1,5,1,18,17,42,11,42,10,108,63,241,46,38,2,13
2020/6/5,14,1,11,1,9,1,25,26,54,23,62,21,175,66,247,39,58,2,12
2020/6/6,4,1,2,1,0,1,48,19,44,26,20,23,136,70,220,38,42,2,0
2020/6/7,4,1,1,1,0,2,27,10,33,3,4,0,4,3,5,3,14,14,23
2020/6/8,13,1,7,1,4,1,22,14,40,25,49,43,124,58,220,44,51,2,9
2020/6/9,16,2,15,2,9,1,27,27,44,46,40,58,168,85,248,56,54,17,10
2020/6/10,17,1,14,1,10,1,107,26,48,38,64,46,227,85,249,35,58,24,30
2020/6/11,14,1,14,1,10,1,27,17,53,27,77,35,185,82,243,67,60,29,20
2020/6/12,17,1,15,1,12,2,32,29,66,36,71,17,199,86,247,69,65,24,35
2020/6/13,5,1,1,1,0,1,32,6,42,2,22,13,46,40,157,3,8,5,5
2020/6/14,4,1,2,1,0,1,14,11,37,3,14,0,4,3,4,3,2,2,21
2020/6/15,18,1,20,1,11,1,33,11,59,38,59,19,99,85,231,52,32,14,16
2020/6/16,15,1,13,2,9,1,24,30,65,36,55,15,105,83,246,57,53,26,10
2020/6/17,15,1,10,1,6,2,20,8,49,25,48,13,75,70,242,40,40,16,12
2020/6/18,13,2,6,1,0,1,22,8,40,24,37,12,73,64,226,47,34,11,7
2020/6/19,10,1,1,1,1,1,4,4,42,16,25,13,43,55,181,23,7,2,13
2020/6/20,4,1,1,1,0,1,40,26,38,14,13,11,52,48,211,3,2,2,25
2020/6/21,3,1,2,1,0,1,17,6,29,2,12,0,4,2,4,4,2,2,0
2020/6/22,10,1,1,2,0,2,4,3,36,13,29,13,43,46,173,36,2,2,10
2020/6/23,10,1,6,1,2,1,23,15,48,21,40,24,53,69,222,32,29,2,8
2020/6/24,12,1,5,1,0,1,44,6,37,18,36,19,58,61,215,43,15,2,14
2020/6/25,8,2,2,1,0,1,13,3,37,13,32,11,42,55,181,35,3,2,7
2020/6/26,20,1,9,1,8,1,34,17,47,23,53,16,80,73,233,50,26,11,25
2020/6/27,8,1,1,1,0,2,60,32,47,25,17,14,87,46,204,21,2,2,19
2020/6/28,3,1,2,2,0,1,35,8,44,2,20,0,4,2,4,3,3,2,0
2020/6/29,15,1,11,1,7,1,27,5,43,29,50,17,80,72,224,45,35,8,14
2020/6/30,13,1,11,1,5,1,20,7,40,28,43,17,71,63,236,44,39,8,14
2020/7/1,14,1,11,1,6,1,23,6,47,38,43,17,82,64,236,43,37,5,22
2020/7/2,20,1,18,1,10,2,30,11,57,33,63,21,95,70,250,56,53,12,20
2020/7/3,14,2,12,1,7,1,26,13,49,28,59,19,64,74,233,46,51,10,8
2020/7/4,14,1,1,2,0,1,65,5,46,3,24,9,60,41,202,3,2,2,14
2020/7/5,8,1,2,1,0,1,40,15,47,12,19,0,4,2,5,17,35,2,17
2020/7/6,13,1,8,1,7,1,23,18,49,25,57,22,78,58,217,40,46,3,11
2020/7/7,16,1,16,1,12,2,32,20,47,34,63,22,107,87,246,68,72,7,17
2020/7/8,18,1,12,1,9,1,21,16,54,24,72,20,94,77,223,47,34,6,21
2020/7/9,12,1,7,1,1,1,19,3,56,10,54,14,91,63,217,41,16,3,5
2020/7/10,15,1,9,2,7,1,35,4,52,14,50,15,101,58,221,52,28,6,13
2020/7/11,11,2,1,1,0,1,122,47,51,27,31,16,96,80,215,37,36,3,37
2020/7/12,10,1,2,1,0,2,93,63,59,4,53,3,25,6,9,56,48,2,12
2020/7/13,13,1,1,1,0,1,13,9,49,21,42,17,63,57,195,31,26,5,12
2020/7/14,11,1,2,1,0,1,34,34,35,18,44,14,66,57,216,33,22,3,8
2020/7/15,11,1,1,1,0,1,25,12,36,13,29,13,60,50,187,32,7,2,10
2020/7/16,11,1,2,1,0,1,28,23,43,12,31,6,58,60,201,32,14,2,9
2020/7/17,9,1,1,1,0,2,17,6,36,14,22,9,57,54,162,26,2,2,4
2020/7/18,4,2,1,1,0,1,20,9,34,5,4,17,19,31,125,5,3,1,6
2020/7/19,3,1,2,0,0,1,67,13,27,3,11,0,4,2,5,5,3,3,23
2020/7/20,18,1,19,1,13,1,39,28,52,33,59,25,115,64,232,60,60,13,32
2020/7/21,12,1,13,1,12,1,61,32,54,26,52,24,83,66,241,54,70,8,21
2020/7/22,16,1,15,1,13,2,60,37,53,31,59,26,102,67,246,54,54,14,21
2020/7/23,3,1,1,1,0,1,40,19,35,5,32,13,53,49,184,3,17,2,39
2020/7/24,3,1,2,1,1,1,55,20,49,6,34,12,61,55,214,17,43,15,19
2020/7/25,6,1,1,1,1,1,51,28,37,9,8,13,63,52,208,3,14,2,29
2020/7/26,11,1,2,1,1,1,87,27,50,4,39,0,4,2,5,25,3,27,25
2020/7/27,16,2,16,1,13,2,40,44,54,25,65,23,99,77,225,47,44,18,16
2020/7/28,15,1,15,1,13,1,62,47,56,32,58,24,121,66,245,44,53,38,32
2020/7/29,13,1,2,1,1,1,42,33,34,20,42,17,68,59,228,36,19,12,16
2020/7/30,13,1,5,1,4,1,42,32,43,20,42,23,68,61,228,41,28,13,18
2020/7/31,15,1,9,1,7,1,45,39,47,27,53,25,77,63,236,45,30,23,34
2020/8/1,30,1,1,1,1,2,53,35,45,22,27,26,79,58,225,37,2,2,9
2020/8/2,6,1,1,1,1,1,64,33,47,2,27,0,33,3,5,34,64,19,17
2020/8/3,41,1,25,1,13,1,45,44,62,42,65,40,115,88,229,74,73,49,21
2020/8/4,29,1,25,1,18,1,48,28,54,57,77,41,139,100,250,81,82,33,36
2020/8/5,48,1,36,1,20,1,55,59,89,42,81,43,165,103,251,75,86,73,39
2020/8/6,47,1,35,1,19,1,54,52,53,51,87,43,172,105,250,112,82,83,31
2020/8/7,30,1,12,0,6,2,55,37,69,66,98,41,178,106,259,94,83,79,28
2020/8/8,32,2,1,1,1,1,48,36,55,18,55,21,129,71,231,22,56,35,49
2020/8/9,39,1,2,1,1,1,67,46,41,29,36,0,23,2,4,57,84,51,42
2020/8/10,37,1,1,1,1,1,63,79,90,48,51,55,184,82,230,45,76,57,47
2020/8/11,51,1,42,1,24,1,57,60,66,51,95,47,236,108,260,138,96,109,74
2020/8/12,49,1,35,1,20,1,34,46,87,47,92,35,176,91,220,111,80,102,67
2020/8/13,49,1,40,1,20,2,84,33,72,41,85,34,196,92,254,108,75,77,65
2020/8/14,47,1,39,1,19,1,81,25,98,54,89,38,198,95,254,123,78,57,65
2020/8/15,43,1,1,1,1,1,216,74,84,52,51,38,188,86,228,49,40,15,60
2020/8/16,31,1,1,1,1,1,158,109,83,2,101,0,59,3,4,42,69,37,73
2020/8/17,54,1,42,1,21,1,56,69,124,69,82,64,233,112,229,133,94,70,27
2020/8/18,46,1,38,1,19,1,73,32,82,66,103,48,211,115,257,93,95,84,63
2020/8/19,45,1,39,1,17,2,56,44,70,71,78,48,168,93,259,69,99,39,42
2020/8/20,50,1,38,1,19,1,66,32,65,52,89,57,206,96,255,90,88,66,36
2020/8/21,51,1,41,0,20,1,62,73,77,63,95,57,212,110,260,93,93,48,48
2020/8/22,34,1,1,1,1,1,127,36,56,19,69,49,186,75,231,80,2,2,77
2020/8/23,30,1,1,1,1,1,69,14,57,13,52,0,4,3,4,82,37,15,20
2020/8/24,44,2,34,1,16,1,46,48,62,40,85,42,156,96,229,49,76,30,44
2020/8/25,38,1,36,1,16,2,33,33,59,42,83,41,135,102,250,65,80,26,24
2020/8/26,45,1,37,1,18,1,64,58,67,57,69,40,153,91,256,71,82,32,50
2020/8/27,46,1,39,1,20,1,70,62,81,53,85,53,170,106,256,90,80,57,51
2020/8/28,46,1,39,1,21,1,62,56,72,62,67,43,173,109,258,81,72,72,35
2020/8/29,40,1,1,1,0,1,64,90,61,37,57,45,192,82,233,47,56,30,41
2020/8/30,37,1,1,1,1,1,170,51,80,3,97,0,3,3,4,14,91,24,75
2020/8/31,44,1,35,1,18,2,28,41,65,44,90,47,169,104,228,106,68,41,33
2020/9/1,35,1,11,1,10,1,35,32,46,32,60,27,104,75,240,85,57,13,20
2020/9/2,41,1,28,1,18,1,44,52,58,40,71,31,124,94,247,60,73,45,32
2020/9/3,44,1,37,1,19,1,58,53,61,50,74,44,147,101,253,64,64,35,35
2020/9/4,51,1,41,1,23,1,88,50,92,60,81,40,185,110,314,94,90,28,43
2020/9/5,39,1,1,0,0,2,96,55,56,20,68,32,90,75,229,24,32,2,47
2020/9/6,31,1,2,1,1,1,59,41,50,14,34,11,45,2,4,3,47,25,46
2020/9/7,40,1,30,1,20,1,34,29,60,38,68,32,116,82,262,68,77,8,17
2020/9/8,44,2,38,1,18,1,34,40,59,60,67,44,159,110,296,81,70,16,20
2020/9/9,44,1,38,1,16,1,41,35,65,54,61,30,173,118,260,79,72,33,34
2020/9/10,39,1,35,1,17,2,36,42,54,41,82,39,151,109,287,67,67,33,24
2020/9/11,53,1,37,1,18,1,50,46,61,38,88,41,167,96,299,77,70,34,18
2020/9/12,33,1,1,1,1,1,57,27,31,23,25,17,80,58,201,24,2,2,11
2020/9/13,21,1,2,1,1,1,47,28,45,13,22,0,4,3,4,24,19,9,7
2020/9/14,32,1,8,1,5,1,21,20,48,19,47,29,96,70,219,46,38,10,12
2020/9/15,31,1,8,1,7,1,27,25,55,25,46,23,88,64,238,43,39,3,17
2020/9/16,30,1,7,1,5,2,19,24,37,31,51,23,85,63,270,45,33,5,16
2020/9/17,30,1,10,1,8,1,24,28,34,30,44,23,118,87,266,33,47,6,15
2020/9/18,20,1,33,1,17,1,45,40,67,36,79,33,174,75,291,49,63,10,29
2020/9/19,12,1,1,1,1,1,35,29,45,15,33,23,94,51,202,3,2,2,5
2020/9/20,11,1,1,1,1,1,33,4,28,3,17,14,37,28,54,18,2,2,5
2020/9/21,7,1,2,0,1,1,24,9,27,3,15,19,47,40,88,7,4,2,3
2020/9/22,7,2,1,1,1,1,23,11,32,3,20,15,42,44,89,32,4,2,8
2020/9/23,11,1,2,1,1,1,18,16,33,15,25,15,55,43,92,38,3,2,11
2020/9/24,10,1,1,1,1,1,16,4,36,9,25,15,46,36,98,14,2,2,5
2020/9/25,9,1,2,1,1,1,4,3,38,8,34,15,47,43,104,4,2,2,17
2020/9/26,5,1,1,1,1,1,12,3,36,3,4,10,33,29,60,3,2,2,0
2020/9/27,4,1,1,1,1,1,17,5,31,3,4,0,4,2,4,3,3,2,0
2020/9/28,12,1,5,1,1,1,14,4,28,6,37,21,56,43,91,19,2,2,4
2020/9/29,9,1,2,1,1,1,14,8,36,10,36,17,42,38,92,6,2,2,3
2020/9/30,10,1,1,1,1,1,18,5,28,14,14,17,50,39,93,3,2,2,11
2020/10/1,11,2,2,1,1,1,12,15,31,12,25,17,52,40,96,17,3,2,5
2020/10/2,11,1,2,1,1,1,18,7,30,17,30,20,58,43,126,15,8,1,0
2020/10/3,5,1,2,1,0,1,31,13,26,4,4,18,54,30,170,12,16,2,1
2020/10/4,3,1,1,1,1,1,23,7,27,5,19,0,4,3,4,3,2,2,2
2020/10/5,12,1,2,1,1,1,14,12,27,16,34,16,50,38,190,29,23,2,2
2020/10/6,11,1,1,1,1,1,14,3,30,10,26,14,64,38,186,3,11,2,9
2020/10/7,10,1,2,1,1,1,5,7,33,10,26,17,46,36,151,3,2,2,3
2020/10/8,4,1,1,1,1,1,23,3,44,4,10,0,30,31,151,3,2,2,2
2020/10/9,5,2,2,1,1,1,34,3,61,3,8,7,25,31,136,3,2,2,0
2020/10/10,3,1,1,1,1,1,5,3,31,2,4,0,15,23,63,3,17,11,1
2020/10/11,3,1,1,1,1,1,12,3,38,3,5,0,4,3,4,3,3,2,1
2020/10/12,11,1,2,1,1,1,13,3,27,4,24,7,42,32,173,3,2,3,7
2020/10/13,10,1,1,1,1,1,11,3,30,9,22,13,54,42,190,23,5,2,11
2020/10/14,10,1,2,1,1,1,14,3,26,9,28,11,43,37,170,3,2,2,4
2020/10/15,6,1,1,1,1,1,4,12,55,7,20,7,32,33,129,3,3,2,7
2020/10/16,6,1,2,1,1,1,15,26,53,2,6,9,35,29,91,3,2,2,0
2020/10/17,3,2,1,1,1,1,67,23,60,3,4,0,22,14,51,3,2,3,0
2020/10/18,3,1,1,1,1,1,14,46,52,2,4,0,4,3,5,8,19,2,0
2020/10/19,4,1,2,1,1,7,11,41,64,3,8,4,6,23,66,3,2,2,0
2020/10/20,3,1,1,2,1,1,8,3,30,2,10,6,26,29,77,3,3,2,1
2020/10/21,4,1,2,1,1,1,5,23,63,3,7,0,39,22,68,3,2,2,0
2020/10/22,4,1,1,1,1,2,18,19,54,3,6,7,22,26,78,4,3,19,1
2020/10/23,4,2,2,1,1,1,17,18,60,2,12,0,37,32,94,3,2,2,0
2020/10/24,6,1,1,1,1,1,15,40,33,3,4,0,12,16,44,3,3,3,0
2020/10/25,3,1,2,2,1,1,17,51,52,2,19,0,8,3,4,3,2,2,2
2020/10/26,6,1,1,1,1,1,4,6,49,3,15,0,24,28,85,3,3,2,9
2020/10/27,4,1,2,1,1,2,7,16,33,2,13,1,44,28,88,4,2,2,0
2020/10/28,5,1,1,1,1,1,23,23,57,3,17,0,39,26,91,3,2,2,0
2020/10/29,6,1,2,1,1,1,11,30,47,3,11,0,45,28,80,3,3,3,0
2020/10/30,4,2,1,2,1,1,19,26,66,3,10,0,35,16,72,3,2,2,0
2020/10/31,4,1,1,1,1,2,21,42,75,2,4,13,4,15,43,3,10,22,0
2020/11/1,3,1,2,1,1,1,55,52,54,3,18,0,4,2,4,4,25,2,0
2020/11/2,5,1,1,1,1,1,28,18,60,2,7,2,33,16,68,3,3,2,0
2020/11/3,3,1,2,1,1,1,5,34,52,3,4,0,4,3,52,3,2,2,0
2020/11/4,3,1,4,2,2,5,8,32,54,2,11,3,33,15,53,3,3,2,3
2020/11/5,7,1,5,2,1,6,5,39,59,3,6,0,39,16,61,4,2,19,0
2020/11/6,8,2,12,2,2,7,21,33,70,2,4,0,23,14,47,3,2,2,0
2020/11/7,5,1,2,1,1,1,52,37,54,3,7,0,4,2,52,17,6,5,0
2020/11/8,3,1,1,1,1,1,26,23,53,2,17,0,4,3,4,3,2,2,0
2020/11/9,9,1,4,2,1,5,4,42,68,3,11,0,24,14,67,3,5,5,0
2020/11/10,9,1,14,2,5,9,23,30,42,2,5,0,4,14,41,4,3,2,0
2020/11/11,9,1,14,2,4,14,24,50,72,3,4,0,17,14,49,3,4,2,0
2020/11/12,17,2,23,5,12,15,38,53,74,2,10,0,4,14,49,3,31,31,0
2020/11/13,13,1,11,3,4,6,29,43,62,3,11,0,4,15,79,3,3,3,0
2020/11/14,7,1,1,1,2,1,36,26,57,2,9,0,4,13,11,3,22,2,0
2020/11/15,3,1,2,1,1,1,63,54,53,3,5,0,4,2,5,4,3,2,0
2020/11/16,10,1,6,2,2,4,37,37,57,2,14,0,4,15,62,3,16,2,0
2020/11/17,5,1,2,2,2,1,19,33,34,3,5,0,4,17,85,3,3,2,0
2020/11/18,9,2,3,1,1,3,4,33,59,2,4,0,4,17,104,3,2,3,4
2020/11/19,5,1,2,2,1,1,4,10,47,3,9,0,4,21,147,3,3,2,1
2020/11/20,5,1,2,1,1,1,5,3,26,9,11,11,56,25,164,4,2,2,1
2020/11/21,4,1,1,1,1,2,5,40,40,2,8,0,15,12,71,7,25,2,1
2020/11/22,4,1,2,1,2,1,67,42,68,3,4,0,4,2,5,3,29,2,2
2020/11/23,3,1,1,1,1,1,17,46,83,2,5,0,5,3,59,12,2,3,1
2020/11/24,3,2,23,16,2,14,36,36,69,13,4,0,4,29,39,3,2,2,1
2020/11/25,6,1,24,18,11,15,72,56,73,15,5,0,4,21,53,3,3,2,1
2020/11/26,8,1,7,5,4,6,51,33,62,12,4,0,4,30,53,3,3,2,1
2020/11/27,9,1,21,16,4,14,77,54,69,10,5,0,5,32,44,3,2,18,1
2020/11/28,3,1,1,1,1,1,16,34,54,3,20,0,4,12,38,4,28,11,1
2020/11/29,4,1,2,1,1,1,100,55,80,31,17,0,4,2,4,8,8,51,1
2020/11/30,19,2,22,11,9,16,18,62,69,18,17,0,5,15,27,3,3,2,1
2020/12/1,14,1,22,16,11,15,30,51,37,15,25,0,4,19,36,4,2,2,2
2020/12/2,18,1,26,17,18,16,43,67,81,17,11,0,44,12,23,3,38,32,10
2020/12/3,19,1,27,17,17,15,55,68,79,21,26,0,43,21,37,3,36,22,6
2020/12/4,23,1,24,17,17,15,16,62,71,19,25,0,4,23,25,3,23,2,5
2020/12/5,14,2,2,1,1,1,78,78,60,37,47,0,4,5,18,23,29,36,37
2020/12/6,4,1,1,2,1,1,125,76,80,3,40,0,4,2,5,4,61,57,12
2020/12/7,23,1,23,9,12,12,20,65,85,38,33,0,12,24,42,3,53,8,4
2020/12/8,17,1,20,9,10,11,30,53,41,37,12,0,11,29,52,3,35,2,3
2020/12/9,22,1,27,17,17,15,36,66,86,36,19,0,17,19,30,3,37,2,24
2020/12/10,24,2,25,17,16,15,42,61,70,38,19,0,14,21,47,3,24,19,2
2020/12/11,20,1,23,17,16,16,20,58,79,38,5,0,9,23,72,4,2,2,2
2020/12/12,4,1,2,1,1,1,69,78,61,25,25,0,4,8,42,3,27,41,20
2020/12/13,3,1,1,1,1,1,115,76,73,3,37,0,4,2,5,3,42,39,12
2020/12/14,21,1,26,17,17,15,41,74,91,38,30,0,19,6,25,3,28,37,19
2020/12/15,27,2,30,16,17,17,55,70,72,40,31,0,27,16,16,4,58,48,12
2020/12/16,26,1,30,18,17,15,122,97,129,46,44,0,28,13,13,3,50,61,12
2020/12/17,27,1,31,18,18,17,67,85,87,45,56,0,41,12,15,7,42,80,1
2020/12/18,31,1,29,17,17,16,41,80,96,44,40,0,23,17,25,3,41,40,2
2020/12/19,3,2,1,1,1,1,147,100,82,34,48,0,4,3,14,50,64,78,16
2020/12/20,4,1,2,1,1,1,89,106,100,3,61,0,4,2,4,3,75,54,42
2020/12/21,33,1,31,18,18,16,53,94,79,52,69,0,48,9,14,3,65,70,8
2020/12/22,27,1,30,17,17,15,64,76,86,72,57,0,75,10,15,3,56,97,6
2020/12/23,28,2,26,17,16,15,39,80,93,42,41,0,29,12,29,4,52,75,30
2020/12/24,33,1,29,16,18,16,55,75,89,40,38,34,27,17,18,3,54,51,26
2020/12/25,23,1,25,17,16,16,45,66,95,39,35,0,14,22,37,3,50,52,21
2020/12/26,13,1,2,1,1,1,144,68,89,26,41,0,5,3,17,3,58,2,22
2020/12/27,3,2,2,2,2,1,109,100,64,47,40,0,4,2,4,3,50,60,26
2020/12/28,28,1,25,17,16,15,57,80,83,38,38,0,25,20,25,4,49,61,4
2020/12/29,3,1,26,17,17,17,4,4,29,3,39,0,40,11,18,34,20,16,1
2020/12/30,4,1,2,1,2,1,4,3,27,3,5,0,4,2,4,13,3,2,1
2020/12/31,3,1,1,1,1,1,5,3,23,2,4,0,5,3,5,12,2,3,1
2021/1/1,3,2,2,2,1,1,4,3,23,3,5,0,4,2,4,3,2,2,2
2021/1/2,4,1,2,1,1,2,4,3,22,2,4,0,4,2,4,3,3,2,1
2021/1/3,3,1,1,1,1,1,5,3,21,3,4,0,5,2,4,22,2,3,1
2021/1/4,36,1,33,19,18,18,46,100,86,65,121,30,67,2,4,64,87,126,24
2021/1/5,33,2,31,17,18,17,141,93,62,52,79,1,61,3,4,59,70,103,3
2021/1/6,35,1,33,18,17,17,163,122,137,50,91,34,92,4,7,34,63,115,38
2021/1/7,29,1,29,17,17,15,119,97,95,44,78,24,75,10,16,3,54,100,17
2021/1/8,38,1,34,19,18,19,149,91,91,48,79,25,97,9,16,51,59,98,7
2021/1/9,21,1,2,2,1,1,202,117,95,53,54,32,65,2,17,3,64,102,48
2021/1/10,3,2,1,1,1,1,136,132,170,46,77,0,4,2,3,29,92,81,57
2021/1/11,3,1,2,1,1,1,218,94,93,55,83,0,97,4,10,57,82,55,56
2021/1/12,38,1,35,17,18,18,136,130,115,52,91,25,86,9,23,69,66,102,7
2021/1/13,34,1,29,18,16,16,112,100,120,48,53,10,23,11,29,42,57,71,25
2021/1/14,32,1,25,17,16,15,40,82,94,41,40,8,57,16,28,48,59,63,11
2021/1/15,33,1,31,18,18,16,59,78,72,43,45,14,69,14,23,18,57,73,26
2021/1/16,10,2,2,1,1,1,113,85,95,26,41,0,7,4,30,21,24,47,22
2021/1/17,11,1,2,1,1,1,135,123,123,2,65,0,4,2,4,17,76,78,35
2021/1/18,37,1,33,18,18,17,39,97,119,49,42,26,67,6,18,58,52,59,7
2021/1/19,35,1,33,17,17,16,64,91,52,44,70,29,88,4,13,11,79,103,51
2021/1/20,37,1,34,19,18,16,54,118,98,54,70,28,73,7,4,33,70,99,42
2021/1/21,36,2,34,18,19,15,51,96,76,45,69,18,68,4,13,18,78,93,36
2021/1/22,29,1,25,12,16,15,30,57,70,37,60,0,39,16,26,3,55,45,22
2021/1/23,19,1,1,1,1,1,203,94,129,38,51,13,63,3,16,27,29,2,25
2021/1/24,3,1,2,1,1,1,173,123,112,3,62,0,4,3,4,30,96,91,39
2021/1/25,33,1,27,17,17,14,44,74,80,52,55,0,57,10,16,3,53,64,26
2021/1/26,32,1,29,19,17,13,111,73,53,44,46,0,40,15,22,16,44,79,19
2021/1/27,24,2,23,9,12,10,97,72,79,46,9,0,19,21,39,26,49,79,18
2021/1/28,33,1,32,19,18,16,72,115,108,48,49,13,86,13,29,12,44,77,27
2021/1/29,30,1,30,18,18,15,67,76,73,39,49,6,71,13,16,8,52,70,41
2021/1/30,13,1,2,1,1,1,236,146,145,52,60,34,14,2,8,40,27,37,41
2021/1/31,4,1,2,1,1,1,193,103,116,3,33,0,5,2,4,31,50,84,61
2021/2/1,37,2,33,19,18,16,37,102,103,52,70,12,54,3,19,41,58,96,9
2021/2/2,26,1,25,13,17,12,47,68,42,39,26,13,5,18,29,12,63,89,31
2021/2/3,25,1,30,18,17,16,43,91,102,44,32,9,37,12,21,3,47,102,28
2021/2/4,28,1,27,18,16,15,53,76,78,46,31,7,40,19,23,3,62,90,1
2021/2/5,31,2,30,17,18,15,57,59,92,43,43,9,33,17,27,3,44,61,4
2021/2/6,22,1,2,1,1,1,112,75,69,26,24,18,14,3,17,4,9,41,34
2021/2/7,3,1,1,2,1,1,111,38,91,3,53,0,4,2,4,7,40,50,31
2021/2/8,33,1,32,17,18,16,34,89,103,46,48,19,35,10,20,3,59,73,31
2021/2/9,35,1,33,18,18,16,52,87,84,44,51,17,62,12,13,20,59,104,27
2021/2/10,33,2,29,17,17,15,53,83,105,46,44,6,28,17,27,4,77,98,14
2021/2/11,3,1,2,1,1,1,196,58,79,33,39,16,5,13,27,3,54,76,24
2021/2/12,33,1,28,18,16,14,35,72,97,42,25,10,67,14,27,24,41,46,1
2021/2/13,4,1,2,2,2,1,68,63,65,43,19,0,47,8,21,8,3,28,20
2021/2/14,6,1,2,1,1,1,105,69,92,2,26,0,5,2,4,3,47,46,20
2021/2/15,16,2,24,18,16,15,42,56,72,33,22,0,15,19,42,4,34,37,1
2021/2/16,24,1,22,9,13,7,22,47,48,37,15,0,5,23,32,3,42,45,5
2021/2/17,27,1,26,18,18,15,46,64,71,3,16,0,15,19,24,11,39,53,18
2021/2/18,32,1,32,18,17,16,45,103,101,49,26,18,46,12,19,29,49,57,23
2021/2/19,30,1,28,18,18,15,56,75,85,46,21,11,69,19,24,13,43,52,14
2021/2/20,3,2,1,1,1,1,176,71,101,27,32,0,42,2,19,3,3,100,24
2021/2/21,3,1,2,2,1,2,88,36,45,3,17,0,4,2,4,11,38,32,1
2021/2/22,19,1,7,3,4,3,15,30,73,3,13,0,7,22,39,4,8,5,2
2021/2/23,3,1,2,2,2,1,65,55,47,2,28,0,4,14,25,12,40,38,1
2021/2/24,26,1,30,18,17,16,40,88,84,53,35,6,48,7,18,5,45,56,22
2021/2/25,32,2,30,18,18,15,45,87,92,45,42,30,64,11,19,25,45,54,3
2021/2/26,29,1,27,18,16,12,64,53,77,40,29,0,4,19,22,3,47,55,2
2021/2/27,3,1,2,1,2,1,121,97,72,51,51,0,4,3,12,16,17,25,31
2021/2/28,3,1,2,1,1,1,143,86,84,3,52,0,5,2,5,13,32,51,12
2021/3/1,27,1,14,7,8,7,34,66,71,46,22,14,8,16,31,3,33,40,22
2021/3/2,11,2,3,4,4,2,40,56,62,37,5,0,6,35,52,13,32,36,1
2021/3/3,32,1,30,18,17,15,44,49,91,54,22,8,33,12,22,3,35,44,33
2021/3/4,29,1,25,17,16,15,66,66,82,49,10,0,23,18,35,3,40,50,22
2021/3/5,19,1,18,9,10,7,48,60,77,33,18,0,6,25,57,8,27,2,8
2021/3/6,14,1,1,2,1,1,92,33,65,2,4,0,10,11,33,4,3,2,20
2021/3/7,3,1,2,1,1,1,108,55,84,3,44,0,4,3,4,3,30,52,1
2021/3/8,31,2,30,17,18,15,50,85,79,59,28,9,47,10,25,13,36,43,25
2021/3/9,26,1,25,16,17,10,35,49,51,50,11,0,21,20,33,3,33,25,24
2021/3/10,17,1,12,7,9,5,59,63,77,36,5,0,5,22,24,3,32,45,14
2021/3/11,23,1,23,11,13,10,12,54,71,45,5,0,12,19,40,3,36,25,2
2021/3/12,18,1,14,7,7,6,38,59,68,3,6,0,4,26,55,4,30,39,1
2021/3/13,4,2,2,2,1,1,154,49,63,3,10,0,4,3,44,21,2,27,17
2021/3/14,3,1,2,1,1,1,82,40,52,2,23,0,4,2,4,3,6,26,16
2021/3/15,19,1,11,6,8,7,10,61,78,47,7,0,4,14,42,3,31,35,1
2021/3/16,17,1,11,6,6,6,24,25,44,38,10,0,13,29,61,3,25,20,1
2021/3/17,17,1,9,5,5,5,25,39,68,38,4,0,4,25,48,4,3,31,2
2021/3/18,18,1,14,7,8,7,34,40,68,41,5,0,9,28,63,8,31,28,20
2021/3/19,18,2,12,6,6,5,39,44,78,36,4,0,11,30,71,3,30,30,1
2021/3/20,3,1,1,1,1,1,109,47,57,26,5,0,4,12,43,9,29,3,21
2021/3/21,9,1,2,1,1,1,52,46,55,3,6,0,4,3,4,3,2,2,1
2021/3/22,14,1,17,9,14,12,24,64,46,3,4,0,4,24,44,5,29,32,1
2021/3/23,16,1,15,10,7,9,69,23,54,48,5,0,4,27,39,3,21,60,1
2021/3/24,15,1,9,5,5,5,45,46,65,40,5,0,4,30,67,3,3,8,1
2021/3/25,9,2,4,2,2,2,27,29,51,33,4,0,8,31,75,3,22,2,2
2021/3/26,8,1,5,2,2,3,25,29,42,2,4,0,13,31,69,3,2,3,1
2021/3/27,4,1,2,1,2,1,27,36,51,3,5,0,4,12,40,4,48,57,1
2021/3/28,4,1,2,1,1,2,49,24,66,3,17,0,4,2,5,3,24,2,12
2021/3/29,6,1,1,2,1,1,4,3,32,31,4,0,23,35,104,3,3,2,1
2021/3/30,5,1,2,1,1,1,10,10,29,13,5,0,36,41,116,3,2,2,1
2021/3/31,6,2,2,1,1,1,12,8,36,10,4,0,39,37,126,3,3,3,3
2021/4/1,4,1,1,1,1,2,6,3,32,3,5,2,28,36,140,3,2,2,0
2021/4/2,3,1,2,1,2,1,4,24,41,11,4,0,24,36,109,4,2,2,0
2021/4/3,5,1,1,2,1,1,44,9,42,3,4,0,24,15,79,3,21,2,0
2021/4/4,3,1,2,1,1,1,32,3,38,2,5,0,4,3,4,3,26,2,0
2021/4/5,5,1,7,11,1,1,47,51,54,3,4,0,22,31,82,3,2,3,0
2021/4/6,8,2,19,13,8,12,32,53,36,3,5,0,4,27,54,3,3,15,0
2021/4/7,12,1,8,6,4,5,38,16,58,40,4,0,14,29,72,3,2,3,0
2021/4/8,9,1,4,3,2,3,42,20,58,3,5,0,18,32,80,4,3,2,1
2021/4/9,19,1,8,6,3,6,42,35,58,40,5,0,10,30,57,3,2,2,0
2021/4/10,4,1,2,1,1,2,39,51,52,3,4,0,16,7,22,6,11,11,0
2021/4/11,3,1,1,1,1,1,46,52,57,3,5,0,4,2,4,4,3,18,0
2021/4/12,13,2,5,3,3,3,4,29,61,42,4,0,4,28,58,3,2,3,0
2021/4/13,7,1,1,1,1,1,19,20,58,3,5,0,4,35,83,3,3,2,0
2021/4/14,5,1,2,2,1,1,4,34,62,31,4,0,21,38,105,3,2,2,9
2021/4/15,15,1,14,9,7,9,29,38,68,22,4,0,11,30,55,3,3,2,0
2021/4/16,9,1,7,4,4,4,4,30,60,15,5,0,3,32,79,4,2,3,3
2021/4/17,8,1,2,2,1,1,62,28,34,3,4,0,4,14,48,11,3,2,0
2021/4/18,3,1,1,1,1,1,35,26,61,3,5,0,4,2,5,3,2,14,0
2021/4/19,6,2,2,1,1,1,5,24,52,17,4,0,14,31,71,3,2,2,4
2021/4/20,6,1,2,1,1,2,4,9,29,12,5,0,27,39,106,3,3,2,3
2021/4/21,4,1,1,1,1,1,4,11,40,9,4,0,44,39,126,3,2,2,6
2021/4/22,4,1,2,1,2,1,5,11,35,9,4,0,48,42,171,3,3,2,10
2021/4/23,4,1,5,4,1,1,4,30,47,2,5,4,36,36,125,4,2,3,2
2021/4/24,3,1,2,1,1,2,8,19,30,3,4,0,35,16,61,3,3,2,0
2021/4/25,4,1,1,1,1,1,10,6,33,2,5,0,4,2,4,3,2,2,0
2021/4/26,5,1,8,6,1,2,4,31,63,3,4,3,4,27,66,3,3,2,0
2021/4/27,4,2,3,3,1,1,5,34,32,2,5,0,25,43,112,3,2,3,0
2021/4/28,6,1,2,1,2,1,4,22,42,3,4,0,47,45,133,3,2,2,6
2021/4/29,3,1,2,2,1,2,5,21,34,2,4,0,32,31,76,4,3,2,0
2021/4/30,3,1,1,1,1,1,4,4,28,3,5,6,44,46,149,3,2,2,2
2021/5/1,5,1,2,1,1,1,4,3,34,2,4,13,31,20,66,3,3,2,0
2021/5/2,3,1,2,1,1,1,4,11,31,3,5,0,4,3,5,3,2,3,0
2021/5/3,3,1,1,1,1,1,4,37,30,2,4,5,25,22,58,3,3,2,0
2021/5/4,3,1,2,1,1,1,4,3,27,3,5,12,21,35,87,3,2,2,0
2021/5/5,4,1,1,1,2,2,4,3,30,2,4,7,21,36,88,3,3,2,0
2021/5/6,6,2,2,2,1,1,4,6,31,4,4,5,43,44,119,4,2,3,2
2021/5/7,4,1,2,1,1,1,5,3,32,9,5,12,34,42,131,3,3,2,4
2021/5/8,3,1,1,1,1,1,4,3,27,2,4,19,36,42,89,3,2,2,0
2021/5/9,3,1,2,1,1,1,11,5,24,3,17,0,4,2,5,3,2,2,0
2021/5/10,6,1,1,1,1,2,4,10,29,12,19,18,43,41,137,3,3,3,11
2021/5/11,4,1,2,1,2,1,4,3,35,12,10,10,26,41,131,3,2,2,0
2021/5/12,4,1,2,2,1,1,4,4,32,10,12,0,40,41,139,4,3,2,2
2021/5/13,3,1,1,1,1,1,4,18,36,10,4,0,41,41,129,3,2,2,10
2021/5/14,7,1,2,1,1,2,4,3,29,15,18,8,65,53,219,25,3,2,8
2021/5/15,3,1,2,1,1,1,26,10,27,8,5,36,47,29,168,3,2,2,0
2021/5/16,3,2,1,1,1,1,5,3,31,2,4,0,4,2,4,3,3,2,0
2021/5/17,8,1,2,1,1,1,8,3,28,37,22,23,94,58,224,27,8,9,3
2021/5/18,8,1,2,2,2,1,9,17,30,29,19,20,43,51,208,22,23,2,9
2021/5/19,6,1,1,1,1,2,7,3,38,15,14,11,36,46,163,28,12,2,10
2021/5/20,4,1,2,1,1,1,4,3,33,14,10,22,47,46,163,22,2,2,5
2021/5/21,8,1,1,1,1,1,17,7,38,18,26,27,62,59,229,17,2,2,7
2021/5/22,3,1,2,1,1,1,13,5,31,3,4,4,53,27,156,3,3,2,0
2021/5/23,4,1,2,1,1,1,10,4,30,2,27,0,4,2,4,3,2,2,0
2021/5/24,8,1,1,2,2,2,4,3,39,15,32,19,59,57,195,27,22,2,7
2021/5/25,10,1,2,1,1,1,17,21,35,19,31,7,78,63,235,22,24,2,12
2021/5/26,9,2,2,1,1,1,4,12,29,16,21,25,45,46,195,21,31,2,12
2021/5/27,7,1,1,1,1,1,13,5,36,15,13,10,34,45,157,17,26,2,5
2021/5/28,10,1,2,1,1,1,4,15,35,13,21,20,51,53,193,18,13,6,9
2021/5/29,3,1,1,1,1,2,22,15,27,16,7,18,66,45,173,4,2,2,0
2021/5/30,3,1,2,2,2,1,19,13,28,3,34,0,4,2,5,3,3,2,0
2021/5/31,10,1,2,1,1,1,9,12,29,15,33,23,48,55,194,25,30,4,18
2021/6/1,9,1,1,1,1,1,14,22,42,14,23,21,50,53,214,21,28,2,7
2021/6/2,10,1,2,1,1,2,26,21,26,21,27,17,47,54,207,16,35,2,16
2021/6/3,11,1,4,2,1,3,11,10,34,21,28,20,56,62,206,21,36,2,10
2021/6/4,9,2,2,1,1,1,19,10,45,18,32,12,59,57,214,19,18,2,10
2021/6/5,3,1,1,1,2,1,19,15,39,5,14,28,44,62,113,4,10,2,10
2021/6/6,3,1,1,1,1,1,25,18,34,2,10,0,4,2,4,3,2,2,0
2021/6/7,12,1,7,6,4,2,11,21,43,14,42,19,64,99,213,36,35,2,9
2021/6/8,12,1,12,9,11,3,25,20,41,21,45,31,74,112,244,41,47,27,28
2021/6/9,13,1,10,8,9,4,64,25,51,17,40,27,66,113,241,36,40,13,18
2021/6/10,17,1,10,8,10,4,21,29,41,17,46,36,65,97,246,38,46,17,16
2021/6/11,13,1,9,8,7,3,5,22,49,19,54,32,65,110,242,32,40,23,15
2021/6/12,3,1,2,0,1,1,54,23,43,9,22,35,63,92,196,14,2,2,18
2021/6/13,3,1,1,1,1,1,43,23,43,3,27,0,4,3,5,3,28,2,28
2021/6/14,14,1,2,1,1,3,14,19,47,24,34,29,59,92,200,32,36,2,16
2021/6/15,13,2,9,8,8,4,23,13,40,20,41,37,63,111,244,42,43,9,14
2021/6/16,13,1,2,1,1,2,38,15,36,14,41,13,59,98,215,21,36,3,16
2021/6/17,11,1,2,1,1,1,11,15,34,10,40,11,56,102,217,24,23,2,14
2021/6/18,12,1,6,1,2,3,13,21,37,15,36,18,68,97,213,25,25,4,14
2021/6/19,4,1,1,1,1,1,17,12,38,4,7,26,40,45,137,3,2,2,4
2021/6/20,4,1,1,1,1,1,31,34,33,3,14,0,4,3,4,3,3,2,14
2021/6/21,12,1,7,5,4,2,17,31,47,16,43,37,71,97,190,36,27,5,15
2021/6/22,10,1,8,5,3,3,14,17,40,11,53,20,87,108,229,31,31,5,22
2021/6/23,12,1,2,1,1,2,35,21,35,9,48,19,63,100,200,19,30,4,18
2021/6/24,12,1,4,1,1,3,17,14,30,9,46,19,73,104,208,24,27,3,8
2021/6/25,12,1,6,3,3,3,15,20,33,11,51,22,67,106,215,21,29,6,17
2021/6/26,3,2,1,1,1,1,69,27,47,7,26,15,72,89,155,20,2,2,9
2021/6/27,3,1,2,1,1,1,35,38,28,2,31,0,4,2,4,8,21,2,12
2021/6/28,15,1,10,9,9,4,22,17,50,12,64,29,77,102,218,37,33,15,16
2021/6/29,12,1,5,5,4,3,18,16,46,9,58,27,56,103,222,37,18,12,13
2021/6/30,11,1,2,1,1,1,14,10,34,7,35,5,52,91,211,20,19,4,14
2021/7/1,9,1,1,1,1,1,13,11,30,6,39,21,53,89,217,21,13,6,18
2021/7/2,8,1,2,1,1,1,21,15,29,6,40,12,50,64,210,26,11,8,5
2021/7/3,3,1,1,1,1,1,37,40,32,9,12,19,56,84,190,11,2,2,12
2021/7/4,4,1,1,1,0,1,22,17,34,2,16,0,4,2,4,4,9,2,18
2021/7/5,11,1,2,1,1,1,16,22,30,27,32,12,56,91,209,20,12,2,16
2021/7/6,12,2,10,8,6,3,54,28,56,23,48,25,76,110,250,49,28,2,12
2021/7/7,13,1,13,9,10,5,60,32,59,30,53,32,85,111,250,42,39,25,16
2021/7/8,12,1,2,1,1,1,20,18,38,23,42,24,63,104,237,40,36,10,18
2021/7/9,11,1,2,1,1,1,11,27,60,22,42,21,64,104,228,26,30,6,19
2021/7/10,3,1,1,1,1,1,141,52,63,33,26,27,95,100,218,3,21,2,67
2021/7/11,7,1,2,1,1,1,82,44,55,3,44,0,4,2,4,19,35,5,53
2021/7/12,16,1,20,11,13,10,23,41,38,39,56,37,106,110,258,54,63,27,25
2021/7/13,14,1,14,11,10,10,46,43,46,32,65,32,97,111,252,27,49,30,37
2021/7/14,14,1,10,9,9,9,50,35,45,29,61,27,76,111,250,39,40,23,22
2021/7/15,15,1,14,12,12,11,32,21,41,30,63,29,96,113,255,48,41,22,27
2021/7/16,18,1,26,12,16,12,36,41,55,40,78,41,116,120,258,60,55,28,37
2021/7/17,7,2,2,1,1,1,137,57,53,29,48,32,102,96,228,3,2,2,61
2021/7/18,3,1,1,1,1,1,161,75,58,2,68,0,17,3,4,27,61,52,38
2021/7/19,25,1,32,14,24,13,115,42,75,49,94,70,165,113,236,72,66,43,52
2021/7/20,27,1,35,14,19,14,47,64,77,46,94,57,144,122,258,61,65,56,60
2021/7/21,24,1,37,14,17,12,40,48,70,43,100,53,154,122,259,55,64,53,46
2021/7/22,3,1,1,1,1,1,155,71,70,39,58,49,108,107,228,33,32,50,36
2021/7/23,3,1,1,1,1,1,151,44,72,30,45,46,114,104,280,5,45,34,79
2021/7/24,10,1,2,1,1,1,154,63,61,29,37,29,102,96,229,48,46,31,52
2021/7/25,11,1,1,1,1,1,153,89,37,4,71,0,17,3,4,51,53,27,42
2021/7/26,20,1,28,13,13,9,38,46,54,45,79,54,154,108,219,50,53,42,39
2021/7/27,14,1,11,9,13,7,78,62,62,38,77,45,118,111,245,33,47,39,36
2021/7/28,21,1,30,12,18,12,126,48,83,42,79,52,172,119,258,50,54,39,61
2021/7/29,22,1,29,17,21,12,64,39,47,44,69,55,209,120,258,54,59,33,39
2021/7/30,16,1,14,12,18,12,55,26,51,39,54,43,120,113,254,52,43,26,27
2021/7/31,7,1,1,1,1,1,46,41,97,41,23,36,114,102,234,45,29,7,11
2021/8/1,3,1,2,1,0,1,89,89,60,17,42,0,69,2,5,25,51,9,44
2021/8/2,40,1,33,14,17,12,45,37,62,48,83,58,207,114,243,77,60,47,35
2021/8/3,42,1,30,13,21,14,37,11,76,48,93,53,209,120,258,67,64,81,36
2021/8/4,46,2,39,16,20,14,43,52,51,54,92,58,187,122,259,78,61,74,44
2021/8/5,46,1,37,15,21,14,40,46,55,49,104,53,191,123,253,69,73,64,40
2021/8/6,46,1,38,15,20,12,88,52,42,43,99,51,189,123,259,64,60,65,47
2021/8/7,24,1,1,1,1,1,98,47,35,40,51,21,110,98,219,25,2,14,35
2021/8/8,26,1,1,1,1,1,62,41,57,2,61,20,37,2,4,13,51,7,32
2021/8/9,27,1,2,1,0,1,41,61,85,19,58,41,102,101,224,33,46,19,31
2021/8/10,60,1,43,15,19,5,37,47,96,49,81,63,216,124,300,88,69,40,30
2021/8/11,44,1,34,15,16,5,30,48,53,38,79,48,160,121,259,65,62,32,37
2021/8/12,35,1,13,12,14,3,28,29,44,30,63,36,128,112,254,47,48,19,13
2021/8/13,29,1,3,1,1,1,25,15,40,24,38,27,78,95,225,25,23,22,14
2021/8/14,21,1,2,1,1,1,22,12,35,3,33,22,60,58,150,4,3,2,16
2021/8/15,19,1,1,1,1,1,21,5,39,2,8,0,11,2,4,3,2,2,10
2021/8/16,23,1,1,1,1,1,13,8,29,17,23,26,72,84,196,27,6,2,4
2021/8/17,23,1,2,1,1,2,27,9,31,23,31,29,84,104,235,24,19,14,16
2021/8/18,37,1,15,13,15,3,55,31,45,37,56,41,173,117,255,38,43,15,25
2021/8/19,39,1,20,12,16,3,46,44,37,37,62,49,198,121,260,53,55,30,29
2021/8/20,41,1,26,14,16,4,42,39,43,36,79,53,180,121,259,52,54,50,24
2021/8/21,24,1,2,1,1,1,73,26,69,9,53,32,110,101,223,37,44,17,14
2021/8/22,25,2,1,1,1,0,117,34,44,3,52,0,38,2,5,69,47,10,20
2021/8/23,40,1,13,10,15,4,48,36,50,31,74,41,131,110,246,50,59,36,24
2021/8/24,42,1,25,13,16,4,30,35,58,31,78,31,139,118,258,53,57,37,19
2021/8/25,43,1,35,14,19,4,36,58,67,39,94,51,173,121,259,68,64,62,42
2021/8/26,59,1,38,15,21,6,63,57,70,43,97,54,196,123,270,84,69,70,31
2021/8/27,49,1,38,13,19,4,37,48,78,33,106,54,181,123,261,75,65,63,48
2021/8/28,32,1,1,1,1,1,150,42,64,25,69,44,152,104,231,59,2,67,78
2021/8/29,24,1,2,1,1,1,71,38,48,2,81,0,36,2,4,3,45,38,44
2021/8/30,46,1,41,14,19,5,56,54,85,35,107,64,221,115,240,81,68,63,51
2021/8/31,38,1,28,13,16,5,59,27,77,42,61,43,128,117,256,58,51,47,27
2021/9/1,27,1,2,1,1,1,16,17,42,31,35,21,66,96,216,33,26,14,7
2021/9/2,10,1,1,1,1,1,22,3,39,22,29,10,45,84,206,22,2,14,4
2021/9/3,11,1,2,1,1,1,14,6,37,17,28,15,45,61,208,27,3,2,3
2021/9/4,3,1,1,1,0,1,30,6,41,7,10,9,41,31,148,3,2,6,0
2021/9/5,3,1,1,1,1,1,19,5,28,3,9,0,5,2,5,3,2,2,0
2021/9/6,12,1,2,1,1,1,10,11,31,12,20,12,41,56,188,23,3,3,1
2021/9/7,9,1,1,1,1,1,13,6,37,13,23,14,47,66,237,22,2,4,1
2021/9/8,9,2,2,1,1,1,12,8,30,17,19,12,43,64,208,31,2,3,9
2021/9/9,11,1,1,1,1,1,19,8,37,11,30,11,48,64,234,18,6,3,6
2021/9/10,13,1,11,9,4,3,34,14,40,21,47,23,98,123,286,42,23,18,22
2021/9/11,3,1,1,1,1,1,51,14,28,16,13,14,57,83,181,15,2,2,22
2021/9/12,3,1,2,1,1,1,38,11,31,3,23,4,30,2,4,4,31,2,7
2021/9/13,15,1,15,9,9,3,26,12,42,27,42,26,74,105,275,44,34,16,11
2021/9/14,12,1,6,1,1,2,22,12,34,23,43,17,65,103,239,30,26,8,6
2021/9/15,12,1,7,6,2,3,34,14,33,22,45,21,76,118,250,23,23,18,27
2021/9/16,13,1,5,2,1,2,25,12,29,17,38,17,59,110,253,27,27,2,8
2021/9/17,12,1,1,1,1,2,17,18,34,24,24,14,56,74,224,23,18,10,8
2021/9/18,4,1,2,1,1,1,44,29,50,12,18,16,51,52,188,3,2,17,15
2021/9/19,3,1,1,1,1,0,46,22,33,5,28,0,8,2,4,7,3,2,20
2021/9/20,3,1,1,1,1,1,36,6,28,14,20,24,65,93,213,3,2,2,8
2021/9/21,13,2,7,5,1,3,31,13,30,12,40,23,64,72,238,49,18,16,11
2021/9/22,13,1,17,9,7,3,25,18,36,24,52,26,117,99,251,37,35,36,18
2021/9/23,4,1,1,0,1,1,56,35,33,2,40,27,102,96,223,39,17,27,17
2021/9/24,13,1,19,10,9,3,33,18,33,26,48,26,86,107,237,37,18,6,23
2021/9/25,3,1,1,0,1,1,32,6,41,14,12,14,52,45,166,3,2,8,15
2021/9/26,3,1,2,1,1,1,22,3,30,3,14,7,19,2,4,3,3,2,2
2021/9/27,13,1,1,1,1,1,13,13,31,12,25,13,46,60,208,28,2,9,0
2021/9/28,14,1,1,1,1,1,16,9,39,13,28,15,49,69,217,27,3,3,0
2021/9/29,15,1,5,1,1,2,22,10,34,21,27,17,57,70,226,26,14,9,14
2021/9/30,14,1,7,6,1,2,27,11,33,17,40,18,70,105,240,30,21,8,10
2021/10/1,8,1,2,1,1,1,8,5,32,12,18,10,42,61,189,11,2,2,3
2021/10/2,4,1,1,1,1,1,29,16,40,5,13,14,66,45,201,24,2,2,6
2021/10/3,3,2,1,1,1,1,48,4,34,2,15,0,50,2,4,19,3,2,14
2021/10/4,13,1,9,7,1,2,34,15,26,18,36,25,80,102,230,44,16,10,10
2021/10/5,9,1,13,7,2,3,25,12,37,19,35,23,92,72,246,44,12,14,12
2021/10/6,13,1,7,5,1,2,26,21,26,18,37,22,84,107,242,24,19,8,9
2021/10/7,11,1,2,1,1,1,19,10,36,16,30,12,54,64,212,21,13,6,5
2021/10/8,16,1,9,7,6,2,33,15,37,16,34,23,100,108,247,36,22,2,10
2021/10/9,11,1,1,1,1,1,25,22,33,12,11,12,61,64,190,15,2,2,18
2021/10/10,6,1,1,1,1,1,29,5,29,3,11,0,10,2,4,2,2,1,12
2021/10/11,15,1,9,8,1,3,35,12,29,15,38,29,115,49,151,44,18,8,17
2021/10/12,8,1,1,1,1,1,13,4,31,17,31,14,50,39,210,25,6,2,10
2021/10/13,7,1,2,1,1,1,7,3,33,7,24,9,43,36,166,11,3,2,1
2021/10/14,9,1,1,1,0,1,24,12,28,9,23,12,57,39,187,21,2,2,5
2021/10/15,12,1,1,1,1,1,25,5,36,9,30,14,53,41,206,18,6,2,6
2021/10/16,7,1,2,1,1,1,8,24,27,3,19,6,43,32,149,4,2,2,10
2021/10/17,5,2,1,1,1,1,34,4,51,2,11,0,11,3,5,3,2,2,4
2021/10/18,4,1,2,1,1,1,12,3,28,3,17,3,39,27,77,3,3,2,2
2021/10/19,3,1,1,1,1,1,30,6,80,2,7,0,20,28,89,3,2,2,1
2021/10/20,6,1,2,1,1,1,4,21,34,3,10,7,30,30,82,3,2,2,3
2021/10/21,4,1,1,1,1,1,38,26,51,2,12,4,27,28,73,3,3,2,0
2021/10/22,3,1,1,1,1,1,14,28,68,7,11,2,16,26,82,3,22,22,0
2021/10/23,3,1,2,1,1,1,26,48,48,3,4,4,26,16,36,3,3,21,0
2021/10/24,3,2,1,1,1,1,45,32,52,3,4,0,17,2,4,3,25,12,0
2021/10/25,4,1,2,1,1,1,5,28,62,40,11,1,20,24,55,3,23,34,0
2021/10/26,3,1,1,1,1,1,24,13,66,3,9,5,39,29,58,3,28,33,1
2021/10/27,3,1,2,1,1,1,39,34,48,31,4,5,20,26,63,3,23,24,0
2021/10/28,6,1,1,1,1,1,26,28,55,7,14,0,46,31,76,6,2,2,0
2021/10/29,5,1,2,1,1,1,37,20,55,11,7,8,41,28,80,3,17,21,0
2021/10/30,3,2,1,1,1,1,4,12,28,16,4,12,23,19,40,3,3,3,0
2021/10/31,3,1,1,1,1,1,60,33,55,3,4,0,4,2,4,3,28,22,0
2021/11/1,4,1,2,1,1,1,9,29,51,15,5,0,32,26,65,4,16,16,3
2021/11/2,4,1,1,1,1,1,4,33,29,9,7,0,38,32,106,3,21,26,0
2021/11/3,3,1,2,0,1,1,32,8,56,2,12,0,37,25,56,3,7,7,0
2021/11/4,4,1,1,1,1,1,20,27,54,11,6,12,37,30,74,3,25,25,3
2021/11/5,5,1,2,1,1,1,27,13,54,8,4,3,49,30,95,3,18,26,1
2021/11/6,5,2,1,2,1,2,9,30,59,7,14,0,29,18,43,8,4,7,1
2021/11/7,4,2,1,1,2,1,52,12,55,3,4,2,10,5,10,5,23,3,2
2021/11/8,4,1,2,1,1,1,35,16,50,12,5,0,42,29,94,3,8,27,11
2021/11/9,3,2,1,1,1,1,31,6,29,6,4,4,22,32,113,4,3,27,0
2021/11/10,4,1,2,1,2,1,30,18,62,4,5,0,34,30,107,2,2,2,1
2021/11/11,4,1,1,3,1,2,30,3,50,6,4,16,29,30,90,3,3,2,8
2021/11/12,4,2,4,3,1,1,29,20,58,8,5,0,38,28,92,3,2,3,3
2021/11/13,3,1,2,1,1,1,28,42,31,3,4,11,23,20,4,8,27,20,0
2021/11/14,3,2,1,1,1,1,64,35,66,3,5,0,11,3,5,6,24,2,0
2021/11/15,5,1,5,4,1,2,18,36,58,16,4,16,30,25,60,5,3,4,5
2021/11/16,4,1,4,4,2,1,22,10,68,9,5,11,19,27,76,3,2,2,4
2021/11/17,6,2,7,6,1,1,31,23,42,12,4,0,36,26,61,3,3,3,0
2021/11/18,8,1,6,6,2,1,35,43,55,13,5,5,20,26,60,3,14,33,0
2021/11/19,4,2,9,7,3,1,45,10,62,13,4,7,22,27,73,3,11,21,0
2021/11/20,7,1,1,1,1,2,22,15,37,21,5,0,30,24,19,5,2,2,0
2021/11/21,5,1,2,1,1,1,71,35,57,2,4,0,4,3,4,3,37,4,0
2021/11/22,6,2,8,7,2,1,34,33,66,11,10,0,19,27,73,8,18,32,7
2021/11/23,4,1,2,2,1,1,26,33,26,22,4,0,15,24,52,3,2,20,1
2021/11/24,6,2,8,7,4,2,46,42,59,21,5,0,24,26,55,3,38,37,19
2021/11/25,14,1,8,5,3,1,58,48,58,15,5,0,26,27,65,3,5,32,11
2021/11/26,6,2,7,6,2,1,47,44,60,16,4,0,19,27,67,3,22,52,1
2021/11/27,3,1,2,2,1,1,53,47,74,19,10,1,11,14,26,3,3,21,1
2021/11/28,4,1,2,1,2,1,84,65,67,2,28,0,4,2,4,3,37,4,1
2021/11/29,14,2,25,17,17,2,72,41,73,33,33,0,13,18,32,3,33,63,0
2021/11/30,21,1,14,9,9,1,65,3,58,26,21,0,20,21,49,3,21,51,0
2021/12/1,7,2,8,5,3,1,28,28,69,19,11,0,26,28,55,3,9,47,1
2021/12/2,12,1,21,16,14,1,78,48,61,15,11,2,17,22,59,3,34,65,0
2021/12/3,14,2,15,10,8,2,46,49,58,2,12,0,24,24,52,3,31,26,0
2021/12/4,10,1,2,1,1,1,63,57,27,30,7,0,24,13,22,3,3,58,0
2021/12/5,26,2,2,1,1,1,104,66,65,3,43,0,4,3,4,3,42,74,0
2021/12/6,40,1,27,18,19,1,58,62,80,34,26,0,4,16,40,4,42,48,0
2021/12/7,23,1,17,11,9,2,40,45,79,14,13,0,4,22,65,3,18,38,12
2021/12/8,27,2,26,17,18,1,53,61,77,32,12,0,5,22,46,3,35,52,18
2021/12/9,24,1,22,18,16,1,53,56,76,16,9,0,4,22,42,2,33,87,1
2021/12/10,23,2,26,17,17,1,39,57,80,34,7,0,4,22,48,3,25,67,1
2021/12/11,4,1,2,1,2,2,101,73,70,25,36,0,5,14,23,3,2,56,6
2021/12/12,3,2,1,1,1,1,82,60,61,3,47,0,4,2,4,3,23,27,21
2021/12/13,26,1,25,17,16,1,37,64,92,37,53,0,4,17,35,20,31,47,5
2021/12/14,31,1,32,18,23,1,90,69,48,28,47,0,19,18,42,3,44,61,1
2021/12/15,29,2,22,15,12,2,76,58,76,22,40,0,25,21,40,3,46,82,2
2021/12/16,23,1,21,15,11,1,76,41,84,25,23,0,17,22,57,4,35,51,0
2021/12/17,26,2,25,15,17,1,45,58,58,23,30,0,4,23,59,3,31,45,15
2021/12/18,11,1,2,1,1,1,121,76,91,33,43,0,6,9,15,7,26,29,23
2021/12/19,4,2,2,2,1,2,127,91,64,3,75,0,4,2,4,36,41,74,1
2021/12/20,31,1,28,18,19,1,45,72,87,46,52,0,20,15,23,3,57,75,4
2021/12/21,29,2,20,14,11,1,87,52,108,27,41,0,9,19,46,3,42,62,2
2021/12/22,26,1,25,18,20,1,60,62,72,38,39,0,5,19,35,3,43,64,1
2021/12/23,36,1,27,18,19,2,57,63,90,29,40,0,4,18,37,3,34,66,8
2021/12/24,40,2,26,16,19,1,45,55,66,26,18,0,8,22,47,4,38,60,5
2021/12/25,27,1,2,2,1,1,53,62,32,35,32,0,8,10,17,45,33,102,21
2021/12/26,3,2,1,1,1,2,131,86,116,3,79,0,4,2,4,3,62,95,20
2021/12/27,36,1,34,18,21,1,45,105,109,49,78,0,35,13,22,5,58,90,4
2021/12/28,35,2,32,18,20,1,88,83,116,45,57,0,27,14,23,5,60,92,20
2021/12/29,4,1,1,1,1,2,14,101,22,3,53,0,36,7,15,66,13,51,59
2021/12/30,3,2,2,1,1,1,5,3,22,2,5,0,4,2,5,8,30,45,2
2021/12/31,4,1,2,2,2,1,4,3,19,3,4,0,5,3,4,3,3,2,2
2022/1/1,3,2,1,1,1,1,5,4,17,3,5,0,4,2,4,3,2,2,1
2022/1/2,4,1,2,1,1,2,4,3,16,2,68,0,5,2,4,4,3,3,1
2022/1/3,3,2,2,1,1,1,5,3,18,3,79,0,4,2,5,8,2,2,1
2022/1/4,35,1,32,20,20,2,143,87,51,75,105,7,58,3,4,47,99,121,13
2022/1/5,41,2,33,19,20,2,160,102,144,62,95,15,57,2,4,50,101,139,30
2022/1/6,62,1,41,18,26,1,177,109,145,69,114,13,102,6,11,86,93,166,45
2022/1/7,60,1,34,19,19,2,139,128,118,48,122,8,56,10,20,68,70,111,24
2022/1/8,3,2,2,1,2,1,158,145,47,51,51,0,4,4,10,21,58,103,52
2022/1/9,3,1,1,1,1,1,144,120,102,2,60,0,5,2,5,4,80,76,47
2022/1/10,4,2,2,2,1,1,122,101,138,46,85,6,43,13,13,29,63,48,44
2022/1/11,32,1,31,18,19,2,89,69,133,43,59,7,68,16,35,47,54,73,14
2022/1/12,34,2,32,18,21,1,121,110,106,42,63,0,43,16,25,3,57,76,16
2022/1/13,34,1,30,18,19,2,90,85,106,38,52,2,32,16,29,46,43,75,10
2022/1/14,33,2,32,18,21,1,94,86,126,41,69,0,42,15,25,32,50,83,35
2022/1/15,14,1,2,2,1,1,130,105,24,38,46,0,62,7,11,3,3,3,32
2022/1/16,3,1,2,1,2,2,136,104,85,3,50,0,4,2,4,31,91,26,21
2022/1/17,34,2,29,18,19,1,78,62,122,40,67,7,44,12,15,47,56,77,1
2022/1/18,36,1,33,18,21,1,142,102,90,46,68,1,28,15,27,47,69,89,8
2022/1/19,34,2,32,19,22,2,133,87,100,41,62,1,49,16,28,25,55,128,2
2022/1/20,73,1,34,18,19,1,83,89,124,42,61,2,55,12,25,49,60,86,28
2022/1/21,92,2,33,19,20,2,126,92,123,45,80,4,46,12,29,11,60,90,27
2022/1/22,43,1,2,2,1,1,157,103,96,45,51,0,24,2,10,22,36,3,30
2022/1/23,45,2,1,1,1,1,142,102,88,3,87,0,4,3,5,21,74,81,43
2022/1/24,63,1,29,18,19,2,67,70,112,42,47,7,51,8,13,3,59,86,16
2022/1/25,60,2,30,17,19,1,133,81,102,42,49,4,45,15,35,10,59,86,20
2022/1/26,63,1,30,18,18,1,140,77,83,38,43,8,49,17,41,3,49,73,10
2022/1/27,64,1,28,18,21,2,59,75,101,37,36,1,20,15,40,3,46,51,16
2022/1/28,57,2,29,19,18,1,52,57,113,35,34,1,14,18,40,45,49,78,6
2022/1/29,44,1,2,2,1,1,146,90,41,41,47,4,33,10,20,3,32,9,50
2022/1/30,39,2,1,1,2,2,129,97,81,2,37,0,4,3,4,3,71,80,54
2022/1/31,67,1,32,18,22,1,47,75,86,48,74,5,46,10,23,4,49,82,24
2022/2/1,67,2,30,18,21,1,71,69,93,41,51,4,33,16,32,3,54,70,15
2022/2/2,62,1,29,18,21,2,121,85,79,41,49,3,27,16,34,3,56,104,15
2022/2/3,62,2,28,18,19,1,118,88,110,38,55,0,29,18,34,3,49,55,6
2022/2/4,63,1,31,18,22,2,117,72,104,38,46,0,39,16,25,3,45,80,1
2022/2/5,43,1,2,1,1,1,82,109,66,46,45,0,8,2,12,4,56,126,1
2022/2/6,45,2,1,1,1,1,154,111,101,2,73,0,4,3,4,21,77,97,36
2022/2/7,66,1,32,18,23,2,126,74,118,47,79,0,50,10,14,3,62,113,31
2022/2/8,68,2,31,18,21,1,91,95,117,44,66,0,47,9,23,10,59,102,29
2022/2/9,64,1,30,18,21,1,111,83,103,38,63,0,31,14,28,3,47,85,7
2022/2/10,76,2,42,20,24,2,177,99,136,60,79,3,76,12,34,69,79,106,10
2022/2/11,44,1,2,1,1,1,147,122,114,38,59,6,33,11,13,15,55,29,39
2022/2/12,52,2,2,1,1,1,81,112,56,35,66,14,36,2,12,18,43,77,40
2022/2/13,46,1,1,2,1,2,164,95,127,3,110,0,4,3,4,38,79,93,43
2022/2/14,68,1,34,18,22,1,175,108,118,53,73,14,60,8,12,4,74,104,29
2022/2/15,64,2,29,18,19,1,68,110,121,45,52,9,54,14,29,3,60,108,31
2022/2/16,62,1,29,18,20,2,67,121,96,22,55,4,49,16,29,5,59,95,17
2022/2/17,66,2,33,19,22,1,117,115,107,46,52,3,48,18,33,4,59,95,38
2022/2/18,62,1,29,18,21,1,73,81,87,27,59,0,11,16,25,3,54,99,28
2022/2/19,49,2,1,1,1,2,168,78,80,40,54,0,4,9,13,9,50,75,34
2022/2/20,43,1,2,1,1,1,116,87,61,2,63,0,4,2,4,26,75,82,38
2022/2/21,67,2,32,19,23,1,83,76,99,46,78,11,55,11,14,13,48,88,17
2022/2/22,66,1,32,18,22,2,76,75,127,36,68,3,39,12,24,46,69,103,1
2022/2/23,43,1,1,1,1,1,119,106,110,43,57,23,41,12,4,15,59,101,22
2022/2/24,64,2,32,19,22,1,97,87,110,41,67,5,40,10,20,3,58,92,11
2022/2/25,66,1,26,17,18,2,96,95,95,40,61,8,36,19,38,4,51,86,6
2022/2/26,36,2,1,1,1,1,57,77,62,31,33,10,22,10,26,39,31,98,1
2022/2/27,34,1,2,1,2,1,103,65,95,2,38,0,4,3,5,36,59,67,1
2022/2/28,50,2,20,15,15,1,40,46,73,31,36,0,4,14,31,3,47,61,1
2022/3/1,55,1,13,8,10,2,45,61,72,26,15,0,5,22,51,3,56,49,3
2022/3/2,55,1,18,12,9,1,35,54,56,23,11,0,4,18,53,3,39,43,1
2022/3/3,41,2,19,13,11,1,60,59,71,21,11,0,4,21,60,3,43,54,1
2022/3/4,52,1,25,18,17,1,71,65,89,33,9,1,5,21,47,4,43,56,3
2022/3/5,36,2,1,1,1,2,48,59,49,26,4,0,4,9,27,15,36,40,1
2022/3/6,36,1,2,1,1,1,100,64,73,3,33,0,4,2,5,4,38,54,8
2022/3/7,50,1,24,18,18,1,35,55,77,29,26,0,4,14,29,3,11,74,1
2022/3/8,61,2,31,17,19,1,69,89,97,14,28,3,52,12,33,3,48,67,15
2022/3/9,50,1,25,17,17,2,35,51,71,10,23,0,4,16,35,3,56,73,1
2022/3/10,59,2,22,16,15,1,43,58,83,10,18,0,5,17,45,4,31,64,16
2022/3/11,57,1,11,8,7,1,31,37,63,12,4,0,4,22,52,3,37,48,1
2022/3/12,28,2,2,1,1,1,15,44,51,9,5,0,4,10,45,9,3,2,1
2022/3/13,30,1,1,1,1,2,33,46,60,3,5,0,5,3,5,4,2,2,2
2022/3/14,20,1,2,2,1,1,7,24,47,7,4,0,4,26,96,3,3,3,1
2022/3/15,4,2,9,6,6,1,31,50,60,9,5,1,8,26,71,4,41,57,1
2022/3/16,7,1,6,4,1,1,17,31,64,6,4,0,15,27,90,3,3,47,1
2022/3/17,6,1,3,4,1,1,11,37,66,5,5,3,20,29,80,3,6,31,1
2022/3/18,33,2,30,17,18,2,77,70,97,6,4,0,3,22,47,3,49,70,37
2022/3/19,3,1,2,2,1,1,16,60,51,8,5,0,4,14,20,10,37,23,1
2022/3/20,4,2,2,1,1,1,83,65,67,3,12,0,4,2,4,6,46,60,1
2022/3/21,3,1,1,1,1,1,85,30,66,18,39,0,4,18,22,10,35,43,2
2022/3/22,25,1,35,19,18,1,72,112,49,22,4,15,4,16,37,3,76,88,6
2022/3/23,16,2,29,2,3,2,49,58,80,28,5,0,4,14,18,3,64,72,1
2022/3/24,17,1,23,17,16,1,85,51,96,22,4,0,4,19,45,4,42,56,1
2022/3/25,12,2,10,7,7,1,44,48,59,15,5,0,4,26,51,3,30,47,1
2022/3/26,4,1,1,1,2,1,43,36,56,16,4,0,4,19,28,3,2,3,1
2022/3/27,3,1,2,1,1,2,26,37,27,2,5,0,3,2,5,8,3,2,1
2022/3/28,7,2,5,5,5,1,25,39,65,12,4,0,6,23,45,3,34,36,1
2022/3/29,9,1,12,8,8,1,15,38,42,12,5,0,4,23,57,3,40,45,1
2022/3/30,6,2,6,4,3,1,21,32,62,12,4,0,15,28,93,3,6,6,1
2022/3/31,5,1,1,1,2,2,26,19,26,5,5,0,19,30,118,4,3,2,1
2022/4/1,21,1,26,18,16,1,33,60,88,12,5,0,8,24,65,3,42,63,2
2022/4/2,3,2,2,1,1,1,20,55,46,26,4,0,7,8,25,3,34,31,11
2022/4/3,4,1,2,1,1,1,91,57,92,2,5,0,4,3,5,37,33,45,25
2022/4/4,23,2,26,19,18,1,67,66,95,25,5,4,4,18,41,3,40,53,15
2022/4/5,10,1,13,7,9,2,37,49,51,21,5,0,15,23,73,4,37,46,16
2022/4/6,6,2,5,2,3,1,32,36,46,3,4,0,21,32,93,3,23,3,1
2022/4/7,6,1,4,3,4,1,38,25,64,9,5,0,20,27,105,3,2,2,1
2022/4/8,4,1,2,1,1,1,11,25,57,5,4,0,20,31,95,3,2,2,1
2022/4/9,6,2,1,1,2,2,7,10,54,3,5,1,21,23,47,3,3,2,2
2022/4/10,4,1,2,2,1,1,11,3,26,3,4,0,20,3,4,3,8,5,11
2022/4/11,5,2,2,1,1,1,4,12,31,2,4,17,27,33,146,4,2,2,5
2022/4/12,7,1,1,1,1,1,11,3,26,3,6,23,47,41,183,15,11,4,7
2022/4/13,7,1,4,1,1,2,13,14,33,8,11,24,56,43,211,23,9,6,1
2022/4/14,3,2,2,1,2,1,26,36,68,9,4,8,13,29,117,3,2,2,0
2022/4/15,3,1,1,1,1,1,35,39,65,2,4,0,13,26,104,3,2,2,0
2022/4/16,3,1,2,1,1,1,5,30,47,3,4,0,8,12,42,3,2,3,6
2022/4/17,4,2,1,1,1,1,13,29,50,2,4,0,4,2,4,3,3,2,0
2022/4/18,3,1,2,1,1,1,47,27,57,3,4,7,19,26,66,3,2,2,0
2022/4/19,4,2,1,1,2,1,12,7,26,2,4,8,22,29,96,3,5,2,2
2022/4/20,3,1,1,1,1,1,46,50,73,3,4,4,18,29,71,3,25,23,0
2022/4/21,3,1,2,1,1,1,15,13,42,2,4,8,20,31,116,4,2,2,1
2022/4/22,5,2,1,1,1,1,5,3,23,16,10,15,39,41,173,12,2,2,3
2022/4/23,3,1,2,1,1,1,8,6,24,3,4,17,41,33,94,3,3,3,0
2022/4/24,3,2,1,1,1,1,4,5,26,2,4,0,4,3,4,3,2,2,0
2022/4/25,6,1,4,1,2,1,4,17,25,10,10,17,51,40,201,24,6,2,5
2022/4/26,7,1,2,1,1,1,12,3,40,25,17,17,46,42,210,18,7,3,2
2022/4/27,10,2,5,3,1,2,13,11,23,29,23,13,70,49,239,26,23,2,10
2022/4/28,8,1,1,1,1,1,5,3,27,16,15,8,48,40,178,3,12,2,5
2022/4/29,3,1,1,1,2,1,4,26,25,3,5,18,22,27,86,3,3,2,0
2022/4/30,3,2,2,1,1,1,7,4,35,2,21,1,21,14,53,3,2,3,0
2022/5/1,4,1,1,1,1,1,24,38,70,3,5,0,4,3,5,3,23,19,0
2022/5/2,3,2,2,1,1,1,5,29,56,2,4,13,24,25,66,3,3,2,0
2022/5/3,3,1,1,1,1,1,18,14,61,2,5,10,27,26,53,3,2,2,0
2022/5/4,3,1,1,1,1,1,4,21,25,3,4,10,21,24,53,3,2,3,0
2022/5/5,3,2,2,1,1,1,5,3,25,3,5,25,31,30,66,3,3,2,0
2022/5/6,8,1,1,1,2,1,4,3,25,8,9,20,32,34,119,19,16,2,10
2022/5/7,3,1,2,1,1,1,5,11,27,5,4,4,40,20,95,3,2,2,0
2022/5/8,3,2,1,1,1,0,4,14,27,2,5,0,4,2,4,3,2,2,1
2022/5/9,4,1,1,1,1,2,16,39,59,9,4,2,28,28,106,3,3,3,0
2022/5/10,3,2,2,1,1,1,4,6,26,9,6,11,45,35,126,17,2,2,4
2022/5/11,3,1,1,1,2,1,5,8,44,14,11,11,45,36,136,15,4,2,4
2022/5/12,3,1,2,1,1,1,4,4,26,11,17,14,40,40,187,17,10,2,11
2022/5/13,7,2,1,1,1,1,4,3,29,12,18,11,41,38,155,17,2,3,5
2022/5/14,3,1,2,1,1,1,22,5,24,5,5,8,47,28,158,3,3,2,10
2022/5/15,3,1,1,1,1,1,5,6,26,3,4,0,4,2,4,4,2,2,0
2022/5/16,3,2,1,1,1,1,19,7,25,5,6,5,31,30,132,3,2,2,2
2022/5/17,3,1,2,1,2,1,4,3,37,8,7,0,32,36,130,4,2,3,0
2022/5/18,8,2,1,1,1,1,9,10,24,8,12,14,45,39,165,18,3,2,2
2022/5/19,13,1,2,1,1,1,4,4,24,15,16,15,46,41,188,16,6,2,8
2022/5/20,12,1,1,1,1,1,6,5,25,20,19,16,50,43,216,14,21,2,12
2022/5/21,3,2,1,0,1,1,6,7,25,14,5,9,42,28,116,9,2,2,2
2022/5/22,3,1,2,1,2,1,6,6,25,2,4,0,4,2,4,3,3,2,0
2022/5/23,8,1,1,1,1,1,5,10,25,13,19,17,45,38,184,18,17,2,9
2022/5/24,12,2,2,1,1,1,14,13,24,14,24,15,48,43,222,22,24,2,11
2022/5/25,13,1,3,2,1,2,26,17,23,5,34,17,49,42,223,3,36,2,23
2022/5/26,12,1,4,1,1,2,4,10,30,14,30,19,51,44,229,25,29,2,8
2022/5/27,10,2,1,1,2,1,6,13,34,11,32,15,52,44,221,17,19,2,12
2022/5/28,4,1,2,1,1,1,18,23,34,12,8,17,38,39,202,5,2,3,7
2022/5/29,7,2,1,1,1,1,42,17,30,3,13,0,11,2,4,11,20,2,10
2022/5/30,15,1,7,5,2,4,11,19,23,18,36,22,64,45,219,32,34,7,10
2022/5/31,4,1,2,1,1,1,4,10,25,11,34,15,37,39,193,19,24,2,9
2022/6/1,12,2,6,1,1,2,10,12,39,10,30,15,46,45,233,20,14,2,5
2022/6/2,14,1,7,5,1,2,18,15,34,6,35,17,58,48,241,22,30,13,7
2022/6/3,11,1,1,1,1,3,10,20,32,17,28,16,53,43,221,21,30,3,10
2022/6/4,3,2,1,1,1,1,23,16,27,14,5,14,54,34,157,12,2,5,0
2022/6/5,3,1,2,1,1,1,14,18,24,3,8,0,4,3,4,5,25,2,0
2022/6/6,4,1,1,1,1,1,4,3,29,7,20,1,45,33,158,4,2,2,6
2022/6/7,3,2,2,1,1,1,4,3,29,6,12,14,38,36,152,14,13,2,2
2022/6/8,4,1,1,1,1,1,4,4,28,8,6,10,33,36,164,3,2,2,12
2022/6/9,5,2,2,1,1,1,4,11,27,7,21,18,40,40,181,13,12,2,3
2022/6/10,11,1,1,1,1,1,10,7,30,10,16,17,46,44,217,15,15,3,8
2022/6/11,4,1,1,1,1,1,23,19,22,12,4,13,53,34,188,3,2,2,14
2022/6/12,3,2,2,1,1,1,25,26,36,3,14,0,4,3,4,4,3,2,11
2022/6/13,12,1,3,1,1,1,5,8,25,11,20,19,47,39,205,19,24,7,7
2022/6/14,4,1,2,1,1,1,4,4,31,8,14,5,36,36,168,3,19,3,1
2022/6/15,3,2,1,1,1,1,5,4,29,7,22,0,49,35,163,3,2,2,4
2022/6/16,9,1,2,1,1,1,4,7,34,9,19,7,48,41,197,15,8,1,2
2022/6/17,14,2,4,5,2,2,9,3,28,18,24,13,49,48,238,18,19,11,9
2022/6/18,9,1,2,1,1,1,30,36,24,21,5,11,45,42,198,7,4,2,14
2022/6/19,3,1,1,1,1,1,65,36,24,3,25,0,4,3,4,8,23,2,28
2022/6/20,24,2,12,10,11,5,26,33,32,32,38,20,86,53,222,33,29,19,32
2022/6/21,30,1,11,10,12,9,20,22,38,32,41,17,72,102,255,31,31,18,16
2022/6/22,37,1,7,5,5,3,23,14,35,26,43,16,64,109,245,8,26,19,26
2022/6/23,26,2,6,1,1,3,16,11,26,24,26,14,42,58,242,30,27,10,0
2022/6/24,40,1,18,14,15,12,35,30,58,36,53,20,78,72,238,45,42,19,8
2022/6/25,32,1,2,0,1,1,121,75,46,36,26,21,152,74,226,22,2,30,44
2022/6/26,27,2,1,1,1,1,92,73,58,2,56,0,4,2,4,9,52,33,53
2022/6/27,51,1,37,16,19,13,26,63,54,46,85,36,172,111,227,57,57,46,45
2022/6/28,55,1,37,17,18,14,39,63,94,45,65,35,181,118,225,68,60,57,40
2022/6/29,71,18,36,20,18,14,126,52,51,48,77,29,160,114,219,60,55,52,45
2022/6/30,96,34,40,18,20,14,56,50,37,52,92,32,157,114,222,86,70,65,27
2022/7/1,96,33,40,19,21,14,58,61,66,47,116,33,162,120,250,55,64,61,51
2022/7/2,39,13,1,1,1,1,118,68,61,48,43,28,119,106,226,7,2,2,58
2022/7/3,38,2,2,1,1,1,83,67,65,3,45,2,17,11,20,49,61,60,13
2022/7/4,65,20,17,13,13,9,46,30,61,34,59,25,89,97,206,41,37,29,15
2022/7/5,55,20,14,12,12,8,76,23,40,32,59,27,73,90,254,32,37,28,24
2022/7/6,39,2,7,5,6,6,49,39,47,30,54,21,79,90,235,36,35,24,26
2022/7/7,54,17,12,12,12,8,35,27,44,29,49,17,69,84,232,33,30,24,21
2022/7/8,38,3,6,6,6,7,31,28,44,28,52,19,67,87,229,29,30,23,9
2022/7/9,26,1,2,0,1,1,63,49,40,23,33,25,66,51,218,3,3,23,32
2022/7/10,23,1,1,1,1,1,66,55,38,4,31,0,14,2,4,33,40,8,11
2022/7/11,42,1,9,7,6,6,55,37,57,34,66,50,100,111,238,37,38,37,22
2022/7/12,59,17,11,13,13,11,59,14,33,24,54,29,65,98,237,24,28,33,19
2022/7/13,33,2,2,1,1,5,36,13,48,19,37,20,53,66,220,23,14,17,13
2022/7/14,57,11,5,1,1,3,18,20,32,24,37,17,50,57,219,23,18,16,11
2022/7/15,26,2,2,1,1,2,21,18,23,22,38,16,48,40,219,23,10,5,10
2022/7/16,6,2,1,0,1,1,37,20,25,11,17,11,51,33,186,6,8,2,16
2022/7/17,18,1,2,1,1,1,79,56,34,2,24,0,8,2,5,4,16,8,25
2022/7/18,19,1,8,7,6,5,76,44,52,39,38,23,91,109,230,27,42,26,25
2022/7/19,68,16,14,13,12,11,65,38,27,36,54,22,84,116,256,34,37,19,21
2022/7/20,47,2,10,6,7,5,72,44,60,38,60,30,85,117,238,40,49,35,21
2022/7/21,62,20,17,13,13,10,38,35,43,40,55,28,79,91,225,41,52,31,24
2022/7/22,47,3,10,7,7,6,40,38,45,39,75,35,89,94,225,56,46,30,12
2022/7/23,35,1,1,1,1,1,90,74,66,17,45,30,90,81,223,23,2,27,40
2022/7/24,33,1,2,1,1,1,89,63,58,2,52,0,12,2,4,3,55,42,48
2022/7/25,47,1,14,7,8,7,103,58,62,31,72,48,111,108,226,47,61,43,39
2022/7/26,64,18,13,14,12,11,63,38,47,24,52,24,72,77,244,28,47,22,25
2022/7/27,50,2,9,7,7,6,99,55,72,30,77,31,107,85,236,44,54,35,28
2022/7/28,71,22,29,13,14,13,73,36,58,26,83,35,97,103,226,45,53,46,36
2022/7/29,50,3,15,7,7,7,82,45,52,32,86,37,111,98,234,74,52,36,19
2022/7/30,37,1,1,1,1,1,107,49,27,37,47,35,106,96,191,41,2,47,61
2022/7/31,42,1,2,1,1,1,124,81,37,3,65,11,51,3,4,25,67,41,49
