,電力消費量,日平均入力比,日最大入力比,日最小入力比,日空調時間数,日全負荷運転時間数,日平均設定温度,日最大設定温度,日最小設定温度,日平均室内温度,日最大室内温度,日最小室内温度,年,月,日,曜日,曜日_月,曜日_火,曜日_水,曜日_木,曜日_金,曜日_土,曜日_日,降水量(mm),日照時間(時間),日射量(MJ/㎡),風速(m/s),相対湿度(％),平均外気温度,最高外気温度,最低外気温度
2021-04-01,3.0,0.012500000000000002,0.1,0.0,3,0,25.0,25.0,25.0,25.52291666666667,26.9,24.5,2021,4,1,3,0,0,0,1,0,0,0,0.0,7.0,18.050000000000004,1.325,60.291666666666664,17.366666666666664,21.2,14.8
2021-04-02,2.0,0.008333333333333333,0.1,0.0,2,0,25.0,25.0,25.0,25.03125,26.7,23.1,2021,4,2,4,0,0,0,0,1,0,0,0.0,1.0,10.209999999999999,1.5333333333333334,63.083333333333336,16.662499999999998,19.9,14.5
2021-04-03,2.0,0.008333333333333333,0.1,0.0,2,0,25.0,25.0,25.0,24.72708333333333,25.5,24.1,2021,4,3,5,0,0,0,0,0,1,0,0.0,8.5,20.63,1.2375000000000003,62.625,17.633333333333333,21.0,14.4
2021-04-04,3.0,0.012500000000000002,0.1,0.0,3,0,25.0,25.0,25.0,24.48541666666667,24.9,24.1,2021,4,4,6,0,0,0,0,0,0,1,4.0,2.3,14.31,1.7875000000000003,74.125,18.758333333333336,22.4,16.0
2021-04-05,2.0,0.008333333333333333,0.1,0.0,2,0,25.0,25.0,25.0,24.82291666666667,25.6,23.9,2021,4,5,0,1,0,0,0,0,0,0,9.0,0.0,3.0900000000000003,1.7124999999999997,90.0,13.508333333333328,17.1,9.4
2021-04-06,3.0,0.012500000000000002,0.1,0.0,3,0,25.0,25.0,25.0,23.92916666666667,25.0,23.2,2021,4,6,1,0,1,0,0,0,0,0,0.5,1.7000000000000002,14.27,1.8041666666666665,65.08333333333333,11.020833333333334,14.5,7.4
2021-04-07,2.0,0.008333333333333333,0.1,0.0,2,0,25.0,25.0,25.0,23.652083333333334,26.0,21.5,2021,4,7,2,0,0,1,0,0,0,0,0.0,10.100000000000001,24.38,1.1,59.5,14.395833333333334,19.0,9.1
2021-04-08,3.0,0.012500000000000002,0.1,0.0,3,0,25.0,25.0,25.0,24.466666666666658,26.1,23.4,2021,4,8,3,0,0,0,1,0,0,0,0.0,9.1,20.82,1.6541666666666666,63.666666666666664,14.220833333333331,18.3,10.5
2021-04-09,2.0,0.008333333333333333,0.1,0.0,2,0,25.0,25.0,25.0,23.6875,26.1,21.7,2021,4,9,4,0,0,0,0,1,0,0,0.0,5.3999999999999995,17.78,2.2791666666666672,48.166666666666664,12.858333333333336,19.2,9.0
2021-04-10,3.0,0.012500000000000002,0.1,0.0,3,0,25.0,25.0,25.0,23.012500000000003,24.2,22.4,2021,4,10,5,0,0,0,0,0,1,0,0.0,11.299999999999999,23.95,1.979166666666666,41.083333333333336,11.4,16.2,7.1
2021-04-11,2.0,0.008333333333333333,0.1,0.0,2,0,25.0,25.0,25.0,22.46458333333334,22.9,22.0,2021,4,11,6,0,0,0,0,0,0,1,0.0,12.100000000000001,25.549999999999997,0.9499999999999997,56.583333333333336,13.458333333333336,17.3,7.9
2021-04-12,3.0,0.012500000000000002,0.1,0.0,3,0,25.0,25.0,25.0,23.041666666666668,25.4,20.7,2021,4,12,0,1,0,0,0,0,0,0,0.0,8.600000000000001,23.53,1.1333333333333333,60.666666666666664,15.150000000000004,18.8,10.4
2021-04-13,2.0,0.008333333333333333,0.1,0.0,2,0,25.0,25.0,25.0,24.25,25.6,23.3,2021,4,13,1,0,1,0,0,0,0,0,0.0,0.7,7.7,1.3458333333333332,78.25,16.095833333333328,18.8,14.1
2021-04-14,2.0,0.008333333333333333,0.1,0.0,2,0,25.0,25.0,25.0,24.57083333333334,26.7,22.4,2021,4,14,2,0,0,1,0,0,0,0,17.0,0.0,4.52,2.0166666666666666,95.625,15.41666666666667,19.1,8.6
2021-04-15,3.0,0.012500000000000002,0.1,0.0,3,0,25.0,25.0,25.0,23.77916666666667,25.6,21.7,2021,4,15,3,0,0,0,1,0,0,0,0.0,10.200000000000001,25.500000000000004,1.2625000000000002,53.291666666666664,11.737499999999999,16.6,7.2
2021-04-16,2.0,0.008333333333333333,0.1,0.0,2,0,25.0,25.0,25.0,23.758333333333336,25.8,21.7,2021,4,16,4,0,0,0,0,1,0,0,0.0,3.6999999999999997,14.329999999999998,1.0000000000000002,64.25,14.50416666666667,18.0,10.3
2021-04-17,3.0,0.012500000000000002,0.1,0.0,3,0,25.0,25.0,25.0,24.035416666666666,24.9,23.4,2021,4,17,5,0,0,0,0,0,1,0,28.5,0.0,4.659999999999999,0.6,78.45833333333333,15.845833333333331,18.0,14.9
2021-04-18,2.0,0.008333333333333333,0.1,0.0,2,0,25.0,25.0,25.0,23.712500000000002,24.2,23.4,2021,4,18,6,0,0,0,0,0,0,1,24.0,12.5,27.07,3.1249999999999996,53.625,17.4125,22.9,13.7
2021-04-19,3.0,0.012500000000000002,0.1,0.0,3,0,25.0,25.0,25.0,23.54791666666667,25.5,21.8,2021,4,19,0,1,0,0,0,0,0,0,0.0,12.200000000000001,26.31,1.7416666666666665,39.25,16.812500000000004,21.1,12.1
2021-04-20,2.0,0.008333333333333333,0.1,0.0,2,0,25.0,25.0,25.0,24.08541666666666,26.3,22.1,2021,4,20,1,0,1,0,0,0,0,0,0.0,12.200000000000001,25.54000000000001,1.0166666666666668,51.583333333333336,18.48333333333333,23.9,11.6
2021-04-21,2.0,0.008333333333333333,0.1,0.0,2,0,25.0,25.0,25.0,25.066666666666666,26.6,22.5,2021,4,21,2,0,0,1,0,0,0,0,0.0,12.5,26.660000000000004,2.5041666666666664,37.125,20.320833333333333,26.2,15.6
2021-04-22,3.0,0.012500000000000002,0.1,0.0,3,0,25.0,25.0,25.0,25.21666666666667,26.7,22.8,2021,4,22,3,0,0,0,1,0,0,0,0.0,7.499999999999999,22.65,3.0416666666666674,30.041666666666668,19.133333333333336,26.6,12.1
2021-04-23,2.0,0.008333333333333333,0.1,0.0,2,0,25.0,25.0,25.0,24.077083333333334,25.6,22.6,2021,4,23,4,0,0,0,0,1,0,0,0.0,11.700000000000001,27.63,1.4208333333333334,52.083333333333336,15.137499999999998,19.5,9.9
2021-04-24,3.0,0.012500000000000002,0.1,0.0,3,0,25.0,25.0,25.0,24.214583333333326,24.9,23.7,2021,4,24,5,0,0,0,0,0,1,0,0.0,11.9,24.189999999999998,0.9916666666666666,56.583333333333336,16.812500000000004,21.9,11.4
2021-04-25,2.0,0.008333333333333333,0.1,0.0,2,0,25.0,25.0,25.0,24.05416666666666,24.4,23.7,2021,4,25,6,0,0,0,0,0,0,1,0.0,4.8999999999999995,19.110000000000003,1.7583333333333335,60.125,17.854166666666668,24.1,12.2
2021-04-26,3.0,0.012500000000000002,0.1,0.0,3,0,25.0,25.0,25.0,23.36458333333334,25.3,21.7,2021,4,26,0,1,0,0,0,0,0,0,0.0,12.799999999999999,28.26,3.266666666666667,33.958333333333336,14.329166666666666,19.0,9.3
2021-04-27,2.0,0.008333333333333333,0.1,0.0,2,0,25.0,25.0,25.0,23.53125,25.6,21.7,2021,4,27,1,0,1,0,0,0,0,0,0.0,9.599999999999998,24.540000000000003,1.2249999999999999,53.291666666666664,15.537500000000001,18.8,10.7
2021-04-28,2.0,0.008333333333333333,0.1,0.0,2,0,25.0,25.0,25.0,24.75208333333333,26.3,23.7,2021,4,28,2,0,0,1,0,0,0,0,0.0,6.6000000000000005,20.4,1.3541666666666667,62.666666666666664,18.775,22.6,12.9
2021-04-29,3.0,0.012500000000000002,0.1,0.0,3,0,25.0,25.0,25.0,24.520833333333332,25.0,24.1,2021,4,29,3,0,0,0,1,0,0,0,19.0,0.0,6.1000000000000005,1.5708333333333335,89.79166666666667,17.445833333333336,19.3,16.3
2021-04-30,2.0,0.008333333333333333,0.1,0.0,2,0,25.0,25.0,25.0,24.427083333333332,25.4,23.4,2021,4,30,4,0,0,0,0,1,0,0,2.5,12.3,27.009999999999998,1.679166666666667,64.875,19.816666666666666,24.0,14.9
2021-05-01,3.0,0.012500000000000002,0.1,0.0,3,0,25.0,25.0,25.0,24.49583333333334,24.9,24.3,2021,5,1,5,0,0,0,0,0,1,0,5.0,7.3999999999999995,21.189999999999998,1.6416666666666666,72.66666666666667,18.599999999999994,22.5,15.0
2021-05-02,2.0,0.008333333333333333,0.1,0.0,2,0,25.0,25.0,25.0,24.418750000000003,24.6,24.2,2021,5,2,6,0,0,0,0,0,0,1,1.5,6.1000000000000005,20.740000000000002,2.1750000000000003,67.91666666666667,17.60833333333333,22.7,13.2
2021-05-03,2.0,0.008333333333333333,0.1,0.0,2,0,25.0,25.0,25.0,24.114583333333332,24.6,23.7,2021,5,3,0,1,0,0,0,0,0,0,0.0,8.4,23.7,1.8708333333333338,41.791666666666664,17.529166666666665,22.4,12.1
2021-05-04,3.0,0.012500000000000002,0.1,0.0,3,0,25.0,25.0,25.0,24.0125,24.6,23.7,2021,5,4,1,0,1,0,0,0,0,0,0.0,11.8,25.579999999999995,0.7916666666666666,51.5,19.950000000000006,24.3,14.0
2021-05-05,2.0,0.008333333333333333,0.1,0.0,2,0,25.0,25.0,25.0,24.237500000000008,24.4,23.9,2021,5,5,2,0,0,1,0,0,0,0,0.5,1.2,8.919999999999998,1.9374999999999998,71.375,19.212500000000006,21.9,16.7
2021-05-06,3.0,0.012500000000000002,0.1,0.0,3,0,25.0,25.0,25.0,24.67291666666667,25.7,23.7,2021,5,6,3,0,0,0,1,0,0,0,0.5,8.2,18.61,1.4791666666666667,75.375,19.458333333333336,23.1,15.8
2021-05-07,2.0,0.008333333333333333,0.1,0.0,2,0,25.0,25.0,25.0,24.658333333333328,26.4,22.1,2021,5,7,4,0,0,0,0,1,0,0,1.0,0.6,6.7,0.6750000000000002,82.33333333333333,18.841666666666672,21.1,16.3
2021-05-08,3.0,0.012500000000000002,0.1,0.0,3,0,25.0,25.0,25.0,25.09166666666667,25.7,24.5,2021,5,8,5,0,0,0,0,0,1,0,0.0,7.3,21.08,0.8333333333333335,72.58333333333333,21.025000000000002,26.0,15.1
2021-05-09,2.0,0.008333333333333333,0.1,0.0,2,0,25.0,25.0,25.0,25.60625,26.8,24.6,2021,5,9,6,0,0,0,0,0,0,1,0.0,6.8999999999999995,23.729999999999997,1.9124999999999996,56.125,23.829166666666662,28.9,19.8
2021-05-10,5.0,0.020833333333333332,0.1,0.0,5,0,25.0,25.0,25.0,25.34166666666667,26.2,23.9,2021,5,10,0,1,0,0,0,0,0,0,0.0,10.0,24.41,1.7374999999999998,42.416666666666664,21.333333333333332,26.3,16.5
2021-05-11,5.0,0.020833333333333332,0.1,0.0,5,0,25.0,25.0,25.0,24.850000000000005,26.4,21.9,2021,5,11,1,0,1,0,0,0,0,0,0.0,0.9,6.68,0.9541666666666667,57.833333333333336,18.5,19.4,17.7
2021-05-12,4.0,0.016666666666666666,0.1,0.0,4,0,25.0,25.0,25.0,24.945833333333336,26.7,22.1,2021,5,12,2,0,0,1,0,0,0,0,0.0,2.1,15.759999999999998,0.8291666666666669,55.958333333333336,18.804166666666667,21.6,16.2
2021-05-13,3.0,0.012500000000000002,0.1,0.0,3,0,25.0,25.0,25.0,24.766666666666676,25.9,22.9,2021,5,13,3,0,0,0,1,0,0,0,4.0,0.0,3.4099999999999997,1.5374999999999999,92.83333333333333,16.76666666666667,18.8,15.9
2021-05-14,6.0,0.024999999999999998,0.2,0.0,5,0,25.0,25.0,25.0,24.32291666666667,26.3,20.4,2021,5,14,4,0,0,0,0,1,0,0,1.0,10.999999999999998,24.17,1.1083333333333336,77.79166666666667,21.94583333333333,27.4,16.6
2021-05-15,2.0,0.008333333333333333,0.1,0.0,2,0,25.0,25.0,25.0,25.43958333333333,26.3,24.6,2021,5,15,5,0,0,0,0,0,1,0,0.0,6.4,22.07,1.2791666666666668,72.0,22.137500000000003,26.0,19.5
2021-05-16,3.0,0.012500000000000002,0.1,0.0,3,0,25.0,25.0,25.0,25.760416666666668,26.3,24.9,2021,5,16,6,0,0,0,0,0,0,1,1.0,0.0,8.719999999999999,1.175,81.16666666666667,20.529166666666672,22.3,19.4
2021-05-17,7.0,0.029166666666666664,0.1,0.0,7,0,25.0,25.0,25.0,25.44583333333333,26.3,18.5,2021,5,17,0,1,0,0,0,0,0,0,0.0,0.0,5.19,2.0083333333333333,88.75,23.316666666666666,25.0,20.1
2021-05-18,4.0,0.016666666666666666,0.1,0.0,4,0,25.0,25.0,25.0,25.591666666666665,26.2,24.5,2021,5,18,1,0,1,0,0,0,0,0,1.0,0.0,3.749999999999999,1.0416666666666665,89.33333333333333,20.974999999999998,23.3,17.4
2021-05-19,6.0,0.024999999999999998,0.1,0.0,6,0,25.0,25.0,25.0,24.81458333333333,26.3,22.1,2021,5,19,2,0,0,1,0,0,0,0,7.5,0.0,2.86,0.5166666666666666,97.70833333333333,17.9,19.0,16.8
2021-05-20,3.0,0.012500000000000002,0.1,0.0,3,0,25.0,25.0,25.0,25.256249999999998,26.1,24.2,2021,5,20,3,0,0,0,1,0,0,0,1.5,0.0,9.03,0.4666666666666666,92.5,19.737500000000004,23.1,17.2
2021-05-21,9.0,0.0375,0.1,0.0,9,0,25.0,25.0,25.0,24.747916666666665,26.1,22.2,2021,5,21,4,0,0,0,0,1,0,0,2.0,0.2,7.359999999999999,1.770833333333333,92.625,21.829166666666666,25.1,17.4
2021-05-22,2.0,0.008333333333333333,0.1,0.0,2,0,25.0,25.0,25.0,25.506250000000005,25.9,25.1,2021,5,22,5,0,0,0,0,0,1,0,4.0,0.0,6.62,1.6666666666666667,82.0,20.487499999999997,23.5,17.6
2021-05-23,2.0,0.008333333333333333,0.1,0.0,2,0,25.0,25.0,25.0,25.554166666666664,26.3,25.1,2021,5,23,6,0,0,0,0,0,0,1,4.0,9.2,26.609999999999996,1.3791666666666664,77.54166666666667,20.383333333333333,24.5,15.9
2021-05-24,8.0,0.03333333333333333,0.1,0.0,8,0,25.0,25.0,25.0,25.504166666666663,26.2,24.4,2021,5,24,0,1,0,0,0,0,0,0,0.0,4.0,19.189999999999994,0.8999999999999998,65.375,23.070833333333336,28.6,18.6
2021-05-25,13.0,0.05416666666666667,0.2,0.0,11,0,25.0,25.0,25.0,24.78958333333333,26.1,22.1,2021,5,25,1,0,1,0,0,0,0,0,0.0,10.4,27.06,1.5250000000000001,65.625,23.525000000000002,30.4,18.4
2021-05-26,5.0,0.020833333333333332,0.1,0.0,5,0,25.0,25.0,25.0,25.370833333333334,26.1,24.5,2021,5,26,2,0,0,1,0,0,0,0,0.0,10.899999999999999,23.77,1.1833333333333331,61.083333333333336,22.441666666666666,26.6,19.2
2021-05-27,6.0,0.024999999999999998,0.1,0.0,6,0,25.0,25.0,25.0,24.920833333333334,26.3,22.2,2021,5,27,3,0,0,0,1,0,0,0,28.5,0.0,3.14,0.6500000000000001,92.58333333333333,17.9625,21.0,16.5
2021-05-28,5.0,0.020833333333333332,0.1,0.0,5,0,25.0,25.0,25.0,25.306249999999995,25.8,24.3,2021,5,28,4,0,0,0,0,1,0,0,0.0,3.7,17.609999999999996,0.8333333333333331,76.54166666666667,21.416666666666668,25.9,16.7
2021-05-29,7.0,0.029166666666666664,0.1,0.0,7,0,25.0,25.0,25.0,24.858333333333334,25.8,22.0,2021,5,29,5,0,0,0,0,0,1,0,0.0,5.5,16.67,1.1583333333333332,65.79166666666667,23.483333333333334,28.4,19.2
2021-05-30,2.0,0.008333333333333333,0.1,0.0,2,0,25.0,25.0,25.0,25.837500000000002,27.6,24.1,2021,5,30,6,0,0,0,0,0,0,1,3.5,5.999999999999999,18.84,1.5583333333333333,71.54166666666667,22.041666666666668,26.2,19.0
2021-05-31,11.0,0.04583333333333333,0.1,0.0,11,0,25.0,25.0,25.0,24.891666666666666,26.4,22.2,2021,5,31,0,1,0,0,0,0,0,0,0.5,6.8,24.27,0.8874999999999997,67.08333333333333,21.375,24.7,17.1
2021-06-01,5.0,0.020833333333333332,0.1,0.0,5,0,25.0,25.0,25.0,25.00625000000001,26.2,18.8,2021,6,1,1,0,1,0,0,0,0,0,5.0,9.0,25.870000000000005,1.1500000000000001,74.91666666666667,21.254166666666666,25.4,16.6
2021-06-02,8.0,0.03333333333333333,0.1,0.0,8,0,25.0,25.0,25.0,25.225000000000005,26.0,17.4,2021,6,2,2,0,0,1,0,0,0,0,0.0,2.5,15.240000000000002,1.1083333333333332,70.41666666666667,22.97083333333333,27.1,20.3
2021-06-03,13.0,0.05416666666666667,0.2,0.0,10,0,25.0,25.0,25.0,24.777083333333334,26.3,22.4,2021,6,3,3,0,0,0,1,0,0,0,0.5,6.3999999999999995,23.230000000000004,0.9791666666666665,71.79166666666667,22.925000000000008,26.0,20.2
2021-06-04,6.0,0.024999999999999998,0.1,0.0,6,0,25.166666666666668,26.0,25.0,25.51041666666666,27.2,19.9,2021,6,4,4,0,0,0,0,1,0,0,15.5,0.0,2.7499999999999996,1.8875000000000002,96.75,21.475000000000005,24.1,20.0
2021-06-05,7.0,0.029166666666666664,0.1,0.0,7,0,25.5,26.0,25.0,25.299999999999997,26.6,22.0,2021,6,5,5,0,0,0,0,0,1,0,0.0,1.0,18.39,0.5208333333333334,78.29166666666667,22.733333333333334,25.1,20.9
2021-06-06,2.0,0.008333333333333333,0.1,0.0,2,0,25.5,26.0,25.0,26.02083333333334,27.3,24.5,2021,6,6,6,0,0,0,0,0,0,1,0.5,0.6,9.1,0.5708333333333333,82.375,22.725000000000005,24.7,21.5
2021-06-07,17.0,0.07083333333333335,0.2,0.0,12,0,25.5,26.0,25.0,25.366666666666664,27.3,21.9,2021,6,7,0,1,0,0,0,0,0,0,0.0,4.4,15.889999999999999,0.7708333333333331,71.75,24.599999999999994,28.9,21.3
2021-06-08,20.0,0.08333333333333333,0.3,0.0,13,0,25.5,26.0,25.0,25.460416666666664,27.2,22.2,2021,6,8,1,0,1,0,0,0,0,0,0.5,8.8,22.349999999999998,1.0291666666666668,64.70833333333333,26.587499999999995,33.2,21.6
2021-06-09,21.0,0.08750000000000001,0.3,0.0,14,0,25.5,26.0,25.0,25.285416666666674,26.9,21.6,2021,6,9,2,0,0,1,0,0,0,0,0.0,13.6,28.67,1.2000000000000002,55.583333333333336,26.400000000000002,31.7,21.1
2021-06-10,22.0,0.09166666666666667,0.3,0.0,14,0,25.5,26.0,25.0,24.814583333333328,27.0,19.3,2021,6,10,3,0,0,0,1,0,0,0,0.0,13.799999999999999,28.590000000000003,0.8875000000000001,63.416666666666664,25.987499999999997,30.0,21.5
2021-06-11,18.0,0.07500000000000001,0.2,0.0,13,0,25.5,26.0,25.0,25.129166666666663,27.2,21.9,2021,6,11,4,0,0,0,0,1,0,0,0.0,9.9,24.169999999999998,1.1375,68.375,25.087500000000006,30.4,21.9
2021-06-12,13.0,0.054166666666666675,0.3,0.0,10,0,25.5,26.0,25.0,25.479166666666668,27.2,21.9,2021,6,12,5,0,0,0,0,0,1,0,0.0,7.1000000000000005,18.76,1.3458333333333332,72.91666666666667,24.633333333333336,28.8,21.4
2021-06-13,2.0,0.008333333333333333,0.1,0.0,2,0,25.5,26.0,25.0,26.620833333333337,28.6,24.2,2021,6,13,6,0,0,0,0,0,0,1,0.0,2.3,15.800000000000002,0.8083333333333336,68.41666666666667,25.629166666666666,29.6,22.7
2021-06-14,10.0,0.041666666666666664,0.1,0.0,10,0,25.5,26.0,25.0,26.32916666666667,27.5,19.2,2021,6,14,0,1,0,0,0,0,0,0,5.0,0.0,9.24,0.49166666666666653,90.91666666666667,22.858333333333334,25.1,21.5
2021-06-15,22.0,0.09166666666666667,0.2,0.0,14,0,25.5,26.0,25.0,25.427083333333332,27.3,22.2,2021,6,15,1,0,1,0,0,0,0,0,3.5,5.1,21.64,0.8875000000000001,80.45833333333333,25.250000000000004,29.8,21.4
2021-06-16,14.0,0.05833333333333334,0.2,0.0,13,0,25.5,26.0,25.0,25.1375,27.2,20.2,2021,6,16,2,0,0,1,0,0,0,0,55.0,0.0,8.11,0.9458333333333333,87.70833333333333,22.779166666666672,25.7,20.7
2021-06-17,11.0,0.04583333333333333,0.2,0.0,10,0,25.5,26.0,25.0,25.137500000000003,27.1,22.0,2021,6,17,3,0,0,0,1,0,0,0,1.5,4.1,16.110000000000003,1.820833333333333,77.66666666666667,22.287499999999998,25.2,19.7
2021-06-18,14.0,0.05833333333333334,0.2,0.0,13,0,25.5,26.0,25.0,25.04166666666667,27.1,21.8,2021,6,18,4,0,0,0,0,1,0,0,0.0,7.999999999999999,23.15,0.9583333333333331,69.20833333333333,24.091666666666665,27.3,19.6
2021-06-19,2.0,0.008333333333333333,0.1,0.0,2,0,25.5,26.0,25.0,26.316666666666663,27.0,25.3,2021,6,19,5,0,0,0,0,0,1,0,8.0,0.0,4.89,0.9041666666666667,94.45833333333333,20.9375,22.8,20.1
2021-06-20,2.0,0.008333333333333333,0.1,0.0,2,0,25.5,26.0,25.0,26.764583333333338,28.3,25.9,2021,6,20,6,0,0,0,0,0,0,1,10.0,1.9,12.540000000000001,1.879166666666667,86.54166666666667,23.650000000000006,27.7,19.8
2021-06-21,17.0,0.07083333333333335,0.2,0.0,13,0,25.5,26.0,25.0,25.370833333333337,27.3,20.9,2021,6,21,0,1,0,0,0,0,0,0,0.0,6.199999999999999,20.47,1.1208333333333333,72.75,23.904166666666665,27.6,20.8
2021-06-22,24.0,0.10000000000000002,0.3,0.0,15,0,25.125,26.0,25.0,24.64791666666667,27.0,21.8,2021,6,22,1,0,1,0,0,0,0,0,0.0,1.2999999999999998,18.2,0.5875,76.58333333333333,24.274999999999995,28.5,21.6
2021-06-23,17.0,0.07083333333333335,0.2,0.0,13,0,25.0,25.0,25.0,24.364583333333332,25.8,20.6,2021,6,23,2,0,0,1,0,0,0,0,26.0,0.5,7.45,0.8500000000000001,81.29166666666667,23.245833333333334,26.0,21.4
2021-06-24,17.0,0.07083333333333335,0.2,0.0,13,0,25.0,25.0,25.0,24.55,25.9,21.8,2021,6,24,3,0,0,0,1,0,0,0,20.5,2.5,15.750000000000002,0.9291666666666667,78.0,23.262500000000003,26.1,20.6
2021-06-25,17.0,0.07083333333333335,0.2,0.0,13,0,25.0,25.0,25.0,25.347916666666674,26.3,21.6,2021,6,25,4,0,0,0,0,1,0,0,4.5,1.0,15.28,0.7999999999999999,79.25,23.98333333333333,26.9,21.2
2021-06-26,2.0,0.008333333333333333,0.1,0.0,2,0,25.0,25.0,25.0,26.404166666666658,27.7,22.2,2021,6,26,5,0,0,0,0,0,1,0,0.0,3.8,16.060000000000002,0.4958333333333333,73.83333333333333,25.870833333333334,29.0,22.7
2021-06-27,2.0,0.008333333333333333,0.1,0.0,2,0,25.0,25.0,25.0,26.947916666666668,27.8,26.4,2021,6,27,6,0,0,0,0,0,0,1,0.0,0.4,9.809999999999999,0.8249999999999998,78.5,24.891666666666666,27.1,23.0
2021-06-28,31.0,0.12916666666666668,0.3,0.0,13,0,25.0,25.0,25.0,24.789583333333336,27.2,22.2,2021,6,28,0,1,0,0,0,0,0,0,0.0,7.499999999999999,20.740000000000006,1.1125000000000003,72.16666666666667,25.708333333333332,28.9,21.9
2021-06-29,20.0,0.08333333333333333,0.2,0.0,12,0,25.0,25.0,25.0,24.618750000000002,26.3,22.0,2021,6,29,1,0,1,0,0,0,0,0,37.0,1.5,11.96,1.9999999999999998,89.33333333333333,22.850000000000005,27.9,19.5
2021-06-30,14.0,0.05833333333333334,0.2,0.0,12,0,25.0,25.0,25.0,24.649999999999995,26.0,21.0,2021,6,30,2,0,0,1,0,0,0,0,1.5,0.0,4.629999999999999,0.47500000000000003,91.29166666666667,21.512500000000003,23.6,19.3
2021-07-01,13.0,0.05416666666666667,0.2,0.0,11,0,25.0,25.0,25.0,24.504166666666663,25.8,22.0,2021,7,1,3,0,0,0,1,0,0,0,51.5,0.0,3.6899999999999995,0.47500000000000003,97.5,21.92083333333333,23.7,20.6
2021-07-02,11.0,0.04583333333333333,0.1,0.0,11,0,25.0,25.0,25.0,24.527083333333337,26.0,21.6,2021,7,2,4,0,0,0,0,1,0,0,55.0,0.0,2.1899999999999995,0.5541666666666667,100.0,21.745833333333326,22.5,21.0
2021-07-03,2.0,0.008333333333333333,0.1,0.0,2,0,25.0,25.0,25.0,25.714583333333326,26.7,23.5,2021,7,3,5,0,0,0,0,0,1,0,37.5,0.0,10.18,1.0416666666666667,92.66666666666667,22.71666666666667,25.8,21.2
2021-07-04,2.0,0.008333333333333333,0.1,0.0,2,0,25.0,25.0,25.0,25.974999999999998,26.5,25.4,2021,7,4,6,0,0,0,0,0,0,1,16.5,0.0,3.3800000000000003,0.5375,97.91666666666667,20.537499999999998,21.2,19.7
2021-07-05,7.0,0.029166666666666664,0.2,0.0,6,0,25.083333333333332,26.0,25.0,25.66666666666667,26.3,23.1,2021,7,5,0,1,0,0,0,0,0,0,2.5,0.4,9.48,0.7208333333333333,96.0,23.175,25.6,20.4
2021-07-06,17.0,0.07083333333333335,0.2,0.0,13,0,25.0,25.0,25.0,25.033333333333335,26.3,22.5,2021,7,6,1,0,1,0,0,0,0,0,0.0,0.0,9.28,0.45416666666666666,91.125,26.15416666666667,29.9,23.3
2021-07-07,23.0,0.09583333333333333,0.4,0.0,13,0,25.0,25.0,25.0,24.425,26.1,21.1,2021,7,7,2,0,0,1,0,0,0,0,0.5,1.8,13.66,0.8541666666666666,85.29166666666667,26.73333333333333,30.2,24.5
2021-07-08,15.0,0.0625,0.2,0.0,13,0,25.0,25.0,25.0,24.639583333333334,26.2,21.7,2021,7,8,3,0,0,0,1,0,0,0,7.5,0.0,3.76,0.7749999999999999,92.0,24.204166666666662,25.3,22.8
2021-07-09,15.0,0.06250000000000001,0.2,0.0,14,0,25.0,25.0,25.0,24.535416666666666,25.6,21.6,2021,7,9,4,0,0,0,0,1,0,0,6.5,0.0,3.3499999999999996,0.7333333333333334,99.70833333333333,24.275000000000002,25.7,22.8
2021-07-10,2.0,0.008333333333333333,0.1,0.0,2,0,25.0,25.0,25.0,25.718750000000004,26.7,22.8,2021,7,10,5,0,0,0,0,0,1,0,13.0,7.8999999999999995,24.280000000000005,0.9,85.66666666666667,28.15416666666667,33.5,24.1
2021-07-11,2.0,0.008333333333333333,0.1,0.0,2,0,25.0,25.0,25.0,26.79375,28.1,25.9,2021,7,11,6,0,0,0,0,0,0,1,39.0,2.8000000000000003,16.23,0.6833333333333332,90.83333333333333,25.995833333333334,31.3,23.1
2021-07-12,33.0,0.13750000000000004,0.4,0.0,16,0,25.0,25.0,25.0,24.983333333333334,27.2,21.9,2021,7,12,0,1,0,0,0,0,0,0,0.5,8.1,21.72,0.9500000000000001,82.58333333333333,27.29166666666666,32.1,22.7
2021-07-13,27.0,0.1125,0.5,0.0,14,0,25.0,25.0,25.0,24.47083333333333,26.3,20.8,2021,7,13,1,0,1,0,0,0,0,0,0.0,1.7000000000000002,12.540000000000001,0.7958333333333333,81.20833333333333,26.90833333333333,30.2,24.8
2021-07-14,23.0,0.09583333333333334,0.3,0.0,15,0,25.0,25.0,25.0,24.439583333333335,25.9,21.0,2021,7,14,2,0,0,1,0,0,0,0,5.5,0.1,9.870000000000001,0.7000000000000002,82.04166666666667,26.216666666666665,28.9,24.0
2021-07-15,26.0,0.10833333333333335,0.3,0.0,15,0,25.0,25.0,25.0,24.620833333333337,26.1,19.0,2021,7,15,3,0,0,0,1,0,0,0,10.5,3.3,16.84,1.075,80.0,27.145833333333332,30.6,23.6
2021-07-16,34.0,0.14166666666666664,0.5,0.0,14,0,25.0,25.0,25.0,24.38541666666667,26.1,20.2,2021,7,16,4,0,0,0,0,1,0,0,0.0,6.800000000000001,22.279999999999998,0.7916666666666666,77.33333333333333,28.879166666666666,32.6,25.8
2021-07-17,2.0,0.008333333333333333,0.1,0.0,2,0,25.0,25.0,25.0,26.54166666666666,27.7,23.8,2021,7,17,5,0,0,0,0,0,1,0,0.0,13.6,23.749999999999996,0.8833333333333333,73.70833333333333,28.8625,32.5,25.1
2021-07-18,2.0,0.008333333333333333,0.1,0.0,2,0,25.0,25.0,25.0,27.64166666666667,28.5,26.8,2021,7,18,6,0,0,0,0,0,0,1,0.0,13.799999999999999,28.09,1.3458333333333334,76.25,29.625000000000004,34.0,25.3
2021-07-19,53.0,0.22041666666666668,0.59,0.0,15,0,25.0,25.0,25.0,25.075000000000003,28.2,18.2,2021,7,19,0,1,0,0,0,0,0,0,0.0,13.000000000000002,25.950000000000003,0.8083333333333332,74.70833333333333,30.862500000000008,36.1,27.1
2021-07-20,48.0,0.1995833333333333,0.59,0.0,15,0,25.0,25.0,25.0,24.32708333333333,26.8,17.7,2021,7,20,1,0,1,0,0,0,0,0,0.0,8.3,24.34,0.8791666666666664,72.375,30.079166666666666,34.6,26.8
2021-07-21,42.0,0.17499999999999996,0.5,0.0,15,0,25.0,25.0,25.0,24.852083333333326,26.4,22.2,2021,7,21,2,0,0,1,0,0,0,0,0.0,10.5,26.299999999999997,0.9291666666666667,70.08333333333333,30.054166666666664,34.2,25.8
2021-07-22,2.0,0.008333333333333333,0.1,0.0,2,0,25.0,25.0,25.0,27.087500000000006,27.9,25.9,2021,7,22,3,0,0,0,1,0,0,0,0.0,10.900000000000002,25.67,0.9416666666666668,69.08333333333333,29.96666666666667,35.2,26.1
2021-07-23,20.0,0.08333333333333333,0.3,0.0,11,0,25.0,25.0,25.0,26.345833333333335,27.9,23.6,2021,7,23,4,0,0,0,0,1,0,0,0.0,10.400000000000002,22.019999999999996,0.9375,71.25,30.04166666666666,34.3,26.3
2021-07-24,2.0,0.008333333333333333,0.1,0.0,2,0,25.0,25.0,25.0,27.66875,28.4,26.5,2021,7,24,5,0,0,0,0,0,1,0,0.0,5.300000000000001,22.05,0.7374999999999999,72.0,29.55416666666667,33.6,27.2
2021-07-25,3.0,0.012500000000000002,0.1,0.0,3,0,25.0,25.0,25.0,27.360416666666666,28.5,23.5,2021,7,25,6,0,0,0,0,0,0,1,0.0,10.9,24.170000000000005,0.8791666666666665,70.20833333333333,29.945833333333336,33.8,26.6
2021-07-26,45.0,0.1875,0.5,0.0,13,0,25.0,25.0,25.0,25.20416666666667,28.6,19.6,2021,7,26,0,1,0,0,0,0,0,0,0.0,5.5,17.88,1.8208333333333335,66.83333333333333,28.98333333333333,32.4,26.6
2021-07-27,36.0,0.15,0.5,0.0,15,0,25.0,25.0,25.0,24.76041666666666,26.8,20.2,2021,7,27,1,0,1,0,0,0,0,0,23.5,3.5,13.77,2.3041666666666667,83.5,26.374999999999996,30.7,22.3
2021-07-28,41.0,0.1708333333333333,0.4,0.0,15,0,25.0,25.0,25.0,24.406250000000004,26.6,17.7,2021,7,28,2,0,0,1,0,0,0,0,0.0,7.200000000000001,19.849999999999998,1.0791666666666666,78.20833333333333,28.804166666666664,32.1,25.4
2021-07-29,38.0,0.15833333333333335,0.4,0.0,16,0,25.0,25.0,25.0,24.187500000000004,26.0,18.8,2021,7,29,3,0,0,0,1,0,0,0,0.0,3.4999999999999996,17.680000000000003,1.15,78.95833333333333,28.85416666666666,32.9,25.8
2021-07-30,29.0,0.12083333333333336,0.3,0.0,14,0,25.0,25.0,25.0,24.516666666666666,26.1,20.0,2021,7,30,4,0,0,0,0,1,0,0,0.0,1.6,9.86,0.8125,92.16666666666667,27.579166666666662,30.4,26.0
2021-07-31,2.0,0.008333333333333333,0.1,0.0,2,0,25.0,25.0,25.0,26.437500000000004,27.3,23.7,2021,7,31,5,0,0,0,0,0,1,0,0.0,7.5,20.67,0.9666666666666665,77.25,29.1125,33.0,25.4
2021-08-01,21.0,0.08750000000000001,0.4,0.0,11,0,25.0,25.0,25.0,26.57291666666666,27.9,18.8,2021,8,1,6,0,0,0,0,0,0,1,0.0,12.200000000000001,26.580000000000005,1.1208333333333333,75.83333333333333,30.287500000000005,34.3,26.4
2021-08-02,46.0,0.19166666666666662,0.5,0.0,14,0,25.0,25.0,25.0,24.902083333333334,28.1,19.8,2021,8,2,0,1,0,0,0,0,0,0,0.0,5.8,19.949999999999996,0.7583333333333334,79.33333333333333,29.47083333333333,33.4,27.2
2021-08-03,42.0,0.1745833333333333,0.59,0.0,13,0,25.0,25.0,25.0,24.6125,26.6,19.9,2021,8,3,1,0,1,0,0,0,0,0,1.0,10.600000000000001,19.889999999999997,1.4833333333333334,79.79166666666667,29.604166666666668,33.6,27.1
2021-08-04,37.0,0.15333333333333332,0.69,0.0,11,0,25.0,25.0,25.0,25.53958333333333,27.9,20.8,2021,8,4,2,0,0,1,0,0,0,0,0.0,10.399999999999999,26.52,0.8458333333333333,75.41666666666667,30.683333333333334,35.5,27.1
2021-08-05,49.0,0.20375000000000001,0.59,0.0,14,0,25.0,25.0,25.0,24.485416666666666,26.9,19.7,2021,8,5,3,0,0,0,1,0,0,0,0.0,11.8,26.170000000000005,0.6916666666666668,73.75,30.970833333333335,35.5,26.4
2021-08-06,46.0,0.19124999999999995,0.59,0.0,15,0,25.0,25.0,25.0,24.55,26.3,19.9,2021,8,6,4,0,0,0,0,1,0,0,0.0,11.100000000000001,24.82,0.85,74.70833333333333,30.908333333333328,34.9,27.4
2021-08-07,2.0,0.008333333333333333,0.1,0.0,2,0,25.0,25.0,25.0,26.649999999999995,27.4,24.4,2021,8,7,5,0,0,0,0,0,1,0,8.5,1.2999999999999998,11.43,1.0125,84.91666666666667,29.29166666666667,32.1,27.7
2021-08-08,2.0,0.008333333333333333,0.1,0.0,2,0,25.0,25.0,25.0,27.620833333333334,28.7,27.1,2021,8,8,6,0,0,0,0,0,0,1,67.0,0.0,3.4299999999999993,2.0708333333333337,96.20833333333333,27.174999999999997,30.1,25.0
2021-08-09,2.0,0.008333333333333333,0.1,0.0,2,0,25.0,25.0,25.0,28.264583333333334,29.0,27.8,2021,8,9,0,1,0,0,0,0,0,0,5.5,6.8,13.339999999999998,2.1041666666666665,84.875,28.408333333333335,30.8,26.2
2021-08-10,55.0,0.22916666666666666,0.5,0.0,15,0,25.0,25.0,25.0,25.19583333333333,28.1,19.4,2021,8,10,1,0,1,0,0,0,0,0,0.0,11.1,22.449999999999996,3.0958333333333337,58.916666666666664,32.4125,38.5,27.6
2021-08-11,42.0,0.17499999999999996,0.4,0.0,14,0,25.0,25.0,25.0,24.816666666666663,27.0,22.1,2021,8,11,2,0,0,1,0,0,0,0,0.0,7.300000000000001,21.12,1.366666666666667,60.541666666666664,30.679166666666664,35.0,27.7
2021-08-12,29.0,0.12083333333333335,0.3,0.0,14,0,25.0,25.0,25.0,24.450000000000003,26.7,16.2,2021,8,12,3,0,0,0,1,0,0,0,5.5,0.2,8.340000000000002,0.9666666666666667,83.41666666666667,26.962500000000002,29.6,24.6
2021-08-13,16.0,0.06666666666666668,0.2,0.0,12,0,25.0,25.0,25.0,24.65625,25.8,22.2,2021,8,13,4,0,0,0,0,1,0,0,10.0,0.0,4.36,1.029166666666667,96.41666666666667,23.245833333333334,25.7,21.7
2021-08-14,2.0,0.008333333333333333,0.1,0.0,2,0,25.0,25.0,25.0,25.60416666666667,26.1,23.8,2021,8,14,5,0,0,0,0,0,1,0,56.5,0.0,2.76,1.5166666666666664,99.66666666666667,22.295833333333334,25.0,20.0
2021-08-15,2.0,0.008333333333333333,0.1,0.0,2,0,25.0,25.0,25.0,26.05,26.4,25.8,2021,8,15,6,0,0,0,0,0,0,1,87.5,0.0,2.78,1.6791666666666665,99.95833333333333,20.28333333333333,21.5,18.9
2021-08-16,11.0,0.04583333333333333,0.1,0.0,11,0,25.0,25.0,25.0,24.908333333333335,26.3,21.9,2021,8,16,0,1,0,0,0,0,0,0,1.0,0.0,4.340000000000001,1.1125000000000003,97.58333333333333,21.291666666666668,22.6,19.6
2021-08-17,13.0,0.05416666666666667,0.2,0.0,12,0,25.0,25.0,25.0,24.720833333333342,26.0,22.1,2021,8,17,1,0,1,0,0,0,0,0,6.0,0.0,9.08,0.5375000000000001,95.58333333333333,23.849999999999998,26.1,21.7
2021-08-18,24.0,0.10000000000000002,0.3,0.0,14,0,25.0,25.0,25.0,24.718750000000004,26.0,22.0,2021,8,18,2,0,0,1,0,0,0,0,0.0,5.3,17.35,2.170833333333334,83.58333333333333,27.837500000000002,30.7,25.8
2021-08-19,27.0,0.11250000000000003,0.3,0.0,13,0,25.0,25.0,25.0,24.543750000000003,26.3,12.7,2021,8,19,3,0,0,0,1,0,0,0,0.0,9.700000000000001,24.830000000000005,1.7583333333333337,73.45833333333333,29.062499999999996,34.1,25.6
2021-08-20,31.0,0.1291666666666667,0.4,0.0,15,0,25.0,25.0,25.0,24.325,26.4,20.4,2021,8,20,4,0,0,0,0,1,0,0,0.0,11.0,24.140000000000004,1.5208333333333337,71.41666666666667,29.462500000000002,34.4,25.9
2021-08-21,2.0,0.008333333333333333,0.1,0.0,2,0,25.0,25.0,25.0,25.910416666666666,27.1,23.3,2021,8,21,5,0,0,0,0,0,1,0,0.0,3.1999999999999997,16.070000000000004,0.9583333333333334,75.16666666666667,29.020833333333332,33.2,26.1
2021-08-22,2.0,0.008333333333333333,0.1,0.0,2,0,25.0,25.0,25.0,27.3125,27.7,26.8,2021,8,22,6,0,0,0,0,0,0,1,0.0,4.1,16.880000000000003,0.7541666666666665,76.54166666666667,29.879166666666666,34.0,26.9
2021-08-23,41.0,0.1708333333333333,0.5,0.0,14,0,25.0,25.0,25.0,24.90833333333333,28.0,18.3,2021,8,23,0,1,0,0,0,0,0,0,10.5,2.2,14.41,0.9624999999999999,83.70833333333333,28.125,31.3,24.5
2021-08-24,39.0,0.16250000000000003,0.4,0.0,18,0,25.0,25.0,25.0,24.695833333333336,26.3,22.0,2021,8,24,1,0,1,0,0,0,0,0,0.0,1.5,14.599999999999998,0.6708333333333333,78.91666666666667,28.533333333333335,30.8,26.1
2021-08-25,46.0,0.19166666666666662,0.4,0.0,21,0,25.0,25.0,25.0,23.989583333333332,25.7,20.6,2021,8,25,2,0,0,1,0,0,0,0,0.0,4.7,17.990000000000002,1.0,75.875,30.879166666666666,35.4,26.8
2021-08-26,49.0,0.20374999999999996,0.59,0.0,15,0,25.0,25.0,25.0,24.556250000000002,26.4,22.0,2021,8,26,3,0,0,0,1,0,0,0,0.0,6.300000000000001,19.41,0.6458333333333334,74.375,32.56250000000001,39.0,28.1
2021-08-27,44.0,0.18291666666666664,0.59,0.0,14,0,25.0,25.0,25.0,24.570833333333326,26.1,22.0,2021,8,27,4,0,0,0,0,1,0,0,0.0,8.2,18.14,1.2083333333333335,74.33333333333333,31.51666666666667,35.7,28.1
2021-08-28,3.0,0.012500000000000002,0.1,0.0,3,0,25.0,25.0,25.0,26.583333333333332,27.7,24.0,2021,8,28,5,0,0,0,0,0,1,0,0.0,7.0,20.290000000000003,0.7624999999999998,76.125,31.604166666666668,35.0,28.7
2021-08-29,2.0,0.008333333333333333,0.1,0.0,2,0,25.0,25.0,25.0,27.8,28.2,27.3,2021,8,29,6,0,0,0,0,0,0,1,0.0,0.1,8.74,0.9458333333333332,72.41666666666667,29.420833333333334,31.3,27.9
2021-08-30,47.0,0.19583333333333333,0.5,0.0,12,0,25.0,25.0,25.0,25.181250000000002,28.2,22.1,2021,8,30,0,1,0,0,0,0,0,0,0.0,10.0,21.18,0.7916666666666665,78.79166666666667,30.749999999999996,34.9,27.5
2021-08-31,41.0,0.1708333333333333,0.5,0.0,15,0,25.0,25.0,25.0,24.575,26.7,20.0,2021,8,31,1,0,1,0,0,0,0,0,21.5,1.8,12.219999999999997,1.1874999999999998,75.375,27.741666666666664,32.3,21.6
2021-09-01,13.0,0.054166666666666675,0.2,0.0,9,0,24.458333333333332,26.0,22.0,26.027083333333334,32.6,22.2,2021,9,1,2,0,0,1,0,0,0,0,2.0,0.0,2.4799999999999995,1.166666666666667,94.91666666666667,21.38333333333333,23.7,19.0
2021-09-02,4.0,0.016666666666666666,0.1,0.0,4,0,24.0,26.0,22.0,26.229166666666668,27.3,25.5,2021,9,2,3,0,0,0,1,0,0,0,20.0,0.0,1.7500000000000002,1.1458333333333333,98.875,19.8125,20.6,18.9
2021-09-03,14.0,0.05833333333333335,0.2,0.0,11,0,24.625,26.0,22.0,25.11041666666667,27.0,21.6,2021,9,3,4,0,0,0,0,1,0,0,16.0,0.0,3.38,1.2791666666666668,98.875,20.104166666666668,21.4,19.1
2021-09-04,2.0,0.008333333333333333,0.1,0.0,2,0,25.0,25.0,25.0,25.722916666666674,26.2,25.3,2021,9,4,5,0,0,0,0,0,1,0,20.5,0.0,2.84,1.2208333333333334,96.54166666666667,20.6875,22.4,19.3
2021-09-05,2.0,0.008333333333333333,0.1,0.0,2,0,25.0,25.0,25.0,25.883333333333326,26.4,25.4,2021,9,5,6,0,0,0,0,0,0,1,14.5,0.5,7.710000000000001,1.5249999999999997,87.95833333333333,21.433333333333337,24.6,18.9
2021-09-06,10.0,0.041666666666666664,0.1,0.0,10,0,25.0,25.0,25.0,24.654166666666672,26.3,21.4,2021,9,6,0,1,0,0,0,0,0,0,4.5,0.0,5.180000000000001,1.5125,86.33333333333333,20.395833333333332,21.3,19.2
2021-09-07,5.0,0.020833333333333332,0.1,0.0,5,0,25.0,25.0,25.0,24.360416666666662,25.8,19.9,2021,9,7,1,0,1,0,0,0,0,0,0.5,1.3,12.620000000000003,1.3291666666666666,71.5,21.054166666666664,24.4,17.8
2021-09-08,3.0,0.012500000000000002,0.1,0.0,3,0,25.0,25.0,25.0,25.179166666666664,26.2,24.4,2021,9,8,2,0,0,1,0,0,0,0,0.0,1.8,9.240000000000002,0.6083333333333334,82.54166666666667,21.270833333333336,24.6,18.3
2021-09-09,8.0,0.03333333333333333,0.2,0.0,7,0,25.0,25.0,25.0,24.768749999999997,26.2,21.9,2021,9,9,3,0,0,0,1,0,0,0,13.0,0.0,4.29,0.8666666666666668,95.70833333333333,21.0625,22.9,19.0
2021-09-10,16.0,0.06666666666666668,0.2,0.0,12,0,25.0,25.0,25.0,24.729166666666668,25.9,22.5,2021,9,10,4,0,0,0,0,1,0,0,0.0,8.0,19.149999999999995,0.8583333333333334,81.29166666666667,25.508333333333336,29.8,21.4
2021-09-11,2.0,0.008333333333333333,0.1,0.0,2,0,25.0,25.0,25.0,25.733333333333334,26.4,25.1,2021,9,11,5,0,0,0,0,0,1,0,4.5,2.1,9.540000000000001,0.7708333333333335,85.04166666666667,25.95833333333333,29.3,23.9
2021-09-12,2.0,0.008333333333333333,0.1,0.0,2,0,25.0,25.0,25.0,26.518749999999994,27.4,25.9,2021,9,12,6,0,0,0,0,0,0,1,0.0,0.0,5.77,0.9250000000000002,89.20833333333333,25.16666666666666,27.1,23.8
2021-09-13,26.0,0.10833333333333335,0.4,0.0,14,0,25.0,25.0,25.0,24.537499999999994,26.8,20.1,2021,9,13,0,1,0,0,0,0,0,0,0.0,8.0,18.330000000000002,1.1708333333333334,72.25,26.316666666666666,31.0,22.9
2021-09-14,16.0,0.0666666666666667,0.2,0.0,13,0,25.0,25.0,25.0,24.597916666666663,25.8,21.7,2021,9,14,1,0,1,0,0,0,0,0,3.0,0.0,6.550000000000001,0.6249999999999999,82.91666666666667,23.94583333333334,26.0,20.9
2021-09-15,18.0,0.075,0.2,0.0,12,0,25.0,25.0,25.0,24.525000000000002,26.3,21.8,2021,9,15,2,0,0,1,0,0,0,0,2.5,7.7,15.9,1.0791666666666668,82.66666666666667,23.80416666666667,28.7,20.8
2021-09-16,13.0,0.05416666666666667,0.2,0.0,11,0,25.0,25.0,25.0,24.87291666666667,26.3,22.7,2021,9,16,3,0,0,0,1,0,0,0,0.0,3.5,13.220000000000002,1.7708333333333337,73.45833333333333,22.870833333333337,27.0,20.4
2021-09-17,12.0,0.049999999999999996,0.2,0.0,11,0,25.0,25.0,25.0,24.52083333333333,25.8,21.9,2021,9,17,4,0,0,0,0,1,0,0,0.0,0.0,9.27,0.7166666666666667,78.33333333333333,23.1125,25.4,19.8
2021-09-18,2.0,0.008333333333333333,0.1,0.0,2,0,25.0,25.0,25.0,25.20416666666667,26.1,22.8,2021,9,18,5,0,0,0,0,0,1,0,127.0,0.0,4.909999999999999,1.0874999999999997,96.79166666666667,25.02083333333333,33.2,22.3
2021-09-19,7.0,0.029166666666666664,0.1,0.0,7,0,25.0,25.0,25.0,25.785416666666674,27.5,24.6,2021,9,19,6,0,0,0,0,0,0,1,0.5,9.5,21.41,1.7875000000000003,74.33333333333333,24.92916666666667,29.7,20.9
2021-09-20,2.0,0.008333333333333333,0.1,0.0,2,0,25.0,25.0,25.0,26.183333333333337,27.4,25.3,2021,9,20,0,1,0,0,0,0,0,0,0.0,11.6,21.94,1.2333333333333336,69.375,23.341666666666665,28.3,18.8
2021-09-21,21.0,0.08750000000000002,0.2,0.0,16,0,25.0,25.0,25.0,24.602083333333336,26.1,21.9,2021,9,21,1,0,1,0,0,0,0,0,0.0,8.7,15.23,0.8916666666666667,74.70833333333333,24.037499999999998,27.8,19.5
2021-09-22,21.0,0.08749999999999998,0.2,0.0,14,0,25.0,25.0,25.0,24.29791666666667,26.2,21.2,2021,9,22,2,0,0,1,0,0,0,0,0.0,6.8,12.469999999999999,1.05,84.875,26.054166666666664,29.2,23.2
2021-09-23,10.0,0.041666666666666664,0.3,0.0,7,0,24.9375,25.0,23.0,25.031249999999996,26.8,21.5,2021,9,23,3,0,0,0,1,0,0,0,0.5,9.8,18.11,0.8041666666666666,76.91666666666667,28.333333333333325,32.5,24.3
2021-09-24,22.0,0.09166666666666667,0.3,0.0,15,0,25.0,25.0,25.0,24.816666666666666,26.4,22.0,2021,9,24,4,0,0,0,0,1,0,0,0.0,10.7,19.7,1.1208333333333333,63.208333333333336,27.154166666666672,31.8,23.1
2021-09-25,2.0,0.008333333333333333,0.1,0.0,2,0,25.0,25.0,25.0,25.895833333333325,26.3,25.4,2021,9,25,5,0,0,0,0,0,1,0,0.0,0.0,4.9,1.6874999999999998,73.16666666666667,22.47916666666666,24.3,20.8
2021-09-26,2.0,0.008333333333333333,0.1,0.0,2,0,25.0,25.0,25.0,26.033333333333335,26.4,25.7,2021,9,26,6,0,0,0,0,0,0,1,0.0,0.1,4.2700000000000005,1.4416666666666664,75.20833333333333,20.216666666666665,21.6,18.2
2021-09-27,10.0,0.041666666666666664,0.2,0.0,9,0,25.0,25.0,25.0,24.68958333333333,26.1,22.6,2021,9,27,0,1,0,0,0,0,0,0,0.0,2.6,9.669999999999998,1.6416666666666668,75.45833333333333,20.683333333333334,24.3,17.1
2021-09-28,10.0,0.041666666666666664,0.1,0.0,10,0,25.0,25.0,25.0,24.445833333333336,25.5,22.4,2021,9,28,1,0,1,0,0,0,0,0,0.0,4.2,13.19,1.3416666666666668,73.125,21.724999999999998,25.8,18.0
2021-09-29,8.0,0.03333333333333333,0.1,0.0,8,0,25.0,25.0,25.0,24.52291666666667,26.4,21.2,2021,9,29,2,0,0,1,0,0,0,0,0.0,7.700000000000002,12.619999999999997,0.8083333333333332,78.04166666666667,23.237499999999997,27.1,18.9
2021-09-30,13.0,0.05416666666666667,0.2,0.0,12,0,25.0,25.0,25.0,24.6875,26.3,22.0,2021,9,30,3,0,0,0,1,0,0,0,1.5,2.2,13.520000000000001,0.4916666666666667,82.29166666666667,24.47083333333333,28.7,21.5
2021-10-01,6.0,0.024999999999999998,0.1,0.0,6,0,25.0,25.0,25.0,24.820833333333336,26.4,22.1,2021,10,1,4,0,0,0,0,1,0,0,77.5,0.0,0.6599999999999999,3.495833333333333,92.41666666666667,21.141666666666666,29.5,18.4
2021-10-02,2.0,0.008333333333333333,0.1,0.0,2,0,25.0,25.0,25.0,25.45208333333333,26.5,24.8,2021,10,2,5,0,0,0,0,0,1,0,0.0,10.9,18.98,1.1791666666666667,75.91666666666667,23.708333333333332,30.3,17.8
2021-10-03,2.0,0.008333333333333333,0.1,0.0,2,0,25.0,25.0,25.0,25.7625,26.7,24.9,2021,10,3,6,0,0,0,0,0,0,1,0.0,9.600000000000001,18.47,0.8166666666666665,75.20833333333333,23.599999999999998,27.9,19.8
2021-10-04,14.0,0.05833333333333335,0.2,0.0,11,0,25.0,25.0,25.0,24.922916666666666,26.1,22.8,2021,10,4,0,1,0,0,0,0,0,0,0.0,9.2,15.229999999999999,0.8666666666666667,76.83333333333333,24.887500000000003,29.2,20.5
2021-10-05,14.0,0.05833333333333334,0.2,0.0,10,0,25.0,25.0,25.0,24.712500000000002,26.2,22.0,2021,10,5,1,0,1,0,0,0,0,0,0.0,9.8,17.640000000000004,0.6124999999999999,74.79166666666667,25.425,29.8,20.9
2021-10-06,15.0,0.06250000000000001,0.2,0.0,12,0,25.0,25.0,25.0,24.54166666666667,26.1,22.0,2021,10,6,2,0,0,1,0,0,0,0,0.0,6.8,13.81,1.5874999999999997,74.75,23.74166666666667,29.3,21.0
2021-10-07,9.0,0.0375,0.1,0.0,9,0,25.0,25.0,25.0,24.59166666666667,25.9,21.3,2021,10,7,3,0,0,0,1,0,0,0,0.0,0.1,4.64,0.6791666666666667,79.79166666666667,21.858333333333334,24.6,19.6
2021-10-08,14.0,0.05833333333333335,0.2,0.0,12,0,25.0,25.0,25.0,24.631249999999998,25.9,22.4,2021,10,8,4,0,0,0,0,1,0,0,0.0,9.0,17.0,0.9333333333333332,75.20833333333333,25.32916666666667,30.3,21.0
2021-10-09,4.0,0.016666666666666666,0.1,0.0,4,0,25.0,25.0,25.0,25.306818181818183,26.4,22.3,2021,10,9,5,0,0,0,0,0,1,0,0.0,2.9999999999999996,10.5,1.554166666666667,82.83333333333333,23.490000000000002,26.3,21.7
2021-10-10,11.0,0.04583333333333333,0.2,0.0,8,0,25.0,25.0,25.0,24.581578947368417,26.1,22.1,2021,10,10,6,0,0,0,0,0,0,1,0.0,3.9,12.38,1.0416666666666665,80.08333333333333,23.752631578947373,27.2,20.7
2021-10-11,14.0,0.05833333333333333,0.2,0.0,11,0,25.0,25.0,25.0,24.76875,26.1,22.5,2021,10,11,0,1,0,0,0,0,0,0,0.0,10.8,15.59,0.6916666666666668,79.375,25.099999999999994,28.7,20.4
2021-10-12,9.0,0.0375,0.2,0.0,8,0,25.0,25.0,25.0,24.566666666666663,26.3,22.2,2021,10,12,1,0,1,0,0,0,0,0,1.5,0.0,2.14,1.4083333333333332,90.0,21.01666666666667,23.8,18.6
2021-10-13,4.0,0.016666666666666666,0.1,0.0,4,0,25.0,25.0,25.0,24.785416666666666,26.3,22.2,2021,10,13,2,0,0,1,0,0,0,0,17.5,0.0,2.69,1.3625,96.33333333333333,17.812499999999996,18.7,16.9
2021-10-14,5.0,0.020833333333333332,0.1,0.0,5,0,25.0,25.0,25.0,24.700000000000003,26.6,21.9,2021,10,14,3,0,0,0,1,0,0,0,1.5,7.0,14.319999999999999,0.6916666666666668,82.125,20.229166666666668,24.3,16.5
2021-10-15,5.0,0.020833333333333332,0.1,0.0,5,0,25.0,25.0,25.0,24.747916666666672,26.5,22.0,2021,10,15,4,0,0,0,0,1,0,0,0.0,7.699999999999999,13.690000000000001,0.5916666666666668,79.66666666666667,22.291666666666668,26.6,18.6
2021-10-16,2.0,0.008333333333333333,0.1,0.0,2,0,25.0,25.0,25.0,25.358333333333338,25.9,24.7,2021,10,16,5,0,0,0,0,0,1,0,0.0,0.1,3.1300000000000003,0.5416666666666667,89.83333333333333,21.854166666666668,23.1,20.9
2021-10-17,2.0,0.008333333333333333,0.1,0.0,2,0,25.0,25.0,25.0,25.179166666666664,25.9,24.8,2021,10,17,6,0,0,0,0,0,0,1,10.0,0.0,1.6700000000000002,1.9583333333333333,85.83333333333333,16.1625,21.0,12.2
2021-10-18,3.0,0.012500000000000002,0.1,0.0,3,0,25.0,25.0,25.0,23.922916666666666,25.3,22.3,2021,10,18,0,1,0,0,0,0,0,0,0.0,9.700000000000001,17.249999999999996,1.3291666666666664,58.458333333333336,14.233333333333333,17.2,10.8
2021-10-19,2.0,0.008333333333333333,0.1,0.0,2,0,25.0,25.0,25.0,23.545833333333338,24.9,22.3,2021,10,19,1,0,1,0,0,0,0,0,2.0,0.0,3.3900000000000006,1.1749999999999996,74.0,13.795833333333333,15.6,12.5
2021-10-20,2.0,0.008333333333333333,0.1,0.0,2,0,25.0,25.0,25.0,23.433333333333334,25.1,21.8,2021,10,20,2,0,0,1,0,0,0,0,0.0,10.399999999999999,17.53,2.104166666666667,64.54166666666667,16.7375,22.5,12.9
2021-10-21,2.0,0.008333333333333333,0.1,0.0,2,0,25.0,25.0,25.0,23.270833333333332,25.3,21.7,2021,10,21,3,0,0,0,1,0,0,0,0.0,1.0,12.64,1.875,50.291666666666664,15.879166666666665,19.6,11.9
2021-10-22,7.0,0.029166666666666664,0.3,0.0,4,0,24.75,26.0,22.0,23.775000000000002,37.2,21.8,2021,10,22,4,0,0,0,0,1,0,0,10.5,0.0,1.3900000000000001,1.4999999999999998,90.45833333333333,11.608333333333333,14.6,10.8
2021-10-23,3.0,0.012500000000000002,0.1,0.0,3,0,24.0,26.0,22.0,23.129166666666666,23.7,22.5,2021,10,23,5,0,0,0,0,0,1,0,0.0,10.399999999999999,17.05,2.3000000000000003,64.54166666666667,14.058333333333332,19.2,9.6
2021-10-24,2.0,0.008333333333333333,0.1,0.0,2,0,24.0,26.0,22.0,22.608333333333334,22.9,22.3,2021,10,24,6,0,0,0,0,0,0,1,0.0,10.2,16.24,0.6875,62.083333333333336,15.050000000000004,19.9,9.5
2021-10-25,26.0,0.10833333333333335,0.3,0.0,12,0,23.625,26.0,22.0,24.306249999999995,27.4,22.2,2021,10,25,0,1,0,0,0,0,0,0,1.0,0.7,7.040000000000001,1.6541666666666668,68.875,14.412500000000001,18.7,11.4
2021-10-26,3.0,0.012500000000000002,0.1,0.0,3,0,23.0,24.0,22.0,24.11666666666667,25.3,23.4,2021,10,26,1,0,1,0,0,0,0,0,22.0,7.0,12.72,2.233333333333334,84.83333333333333,16.133333333333336,20.3,12.3
2021-10-27,5.0,0.020833333333333332,0.2,0.0,4,0,23.0,24.0,22.0,23.825000000000006,25.4,22.5,2021,10,27,2,0,0,1,0,0,0,0,0.0,0.1,4.999999999999999,0.8666666666666666,91.08333333333333,15.237499999999999,16.4,13.4
2021-10-28,9.0,0.0375,0.1,0.0,9,0,23.0,24.0,22.0,23.9875,25.4,22.6,2021,10,28,3,0,0,0,1,0,0,0,0.0,9.4,15.6,1.7874999999999999,63.916666666666664,18.25416666666667,23.6,14.0
2021-10-29,12.0,0.049999999999999996,0.2,0.0,11,0,23.0,24.0,22.0,23.968749999999996,25.3,22.7,2021,10,29,4,0,0,0,0,1,0,0,0.0,9.7,15.820000000000002,2.1875,53.291666666666664,16.195833333333336,19.9,12.7
2021-10-30,2.0,0.008333333333333333,0.1,0.0,2,0,23.0,24.0,22.0,24.162499999999998,24.8,23.5,2021,10,30,5,0,0,0,0,0,1,0,0.0,9.9,15.49,0.7666666666666667,60.916666666666664,15.937500000000005,21.0,10.4
2021-10-31,2.0,0.008333333333333333,0.1,0.0,2,0,23.0,24.0,22.0,23.48125,23.9,23.2,2021,10,31,6,0,0,0,0,0,0,1,1.5,0.0,3.97,0.7666666666666666,79.875,14.266666666666667,16.0,12.3
2021-11-01,13.0,0.054166666666666675,0.3,0.0,9,0,23.0,24.0,22.0,23.670833333333338,25.3,18.5,2021,11,1,0,1,0,0,0,0,0,0,0.0,2.8,10.45,0.8208333333333333,80.375,17.26666666666667,20.7,13.5
2021-11-02,3.0,0.012500000000000002,0.1,0.0,3,0,23.0,24.0,22.0,24.177083333333332,26.0,22.8,2021,11,2,1,0,1,0,0,0,0,0,0.0,4.6,10.29,0.9583333333333334,79.08333333333333,18.450000000000003,21.4,16.2
2021-11-03,3.0,0.012500000000000002,0.1,0.0,3,0,23.0,24.0,22.0,24.39791666666666,25.0,23.9,2021,11,3,2,0,0,1,0,0,0,0,0.0,7.8,13.729999999999999,1.4583333333333333,61.583333333333336,18.26666666666667,22.3,14.4
2021-11-04,8.0,0.03333333333333333,0.2,0.0,7,0,23.0,24.0,22.0,24.116666666666664,25.6,22.8,2021,11,4,3,0,0,0,1,0,0,0,0.0,8.8,13.68,0.9375,56.166666666666664,17.275000000000002,21.9,12.5
2021-11-05,7.0,0.02916666666666667,0.2,0.0,6,0,23.0,24.0,22.0,24.21666666666667,25.6,22.9,2021,11,5,4,0,0,0,0,1,0,0,0.0,9.799999999999999,14.54,1.1875,61.208333333333336,16.745833333333334,21.1,12.6
2021-11-06,6.0,0.024999999999999998,0.3,0.0,4,0,23.0,24.0,22.0,24.49791666666667,28.6,23.4,2021,11,6,5,0,0,0,0,0,1,0,0.0,9.7,13.86,1.0166666666666664,65.33333333333333,15.774999999999999,20.6,11.2
2021-11-07,3.0,0.012500000000000002,0.1,0.0,3,0,23.0,24.0,22.0,23.46041666666667,24.1,23.0,2021,11,7,6,0,0,0,0,0,0,1,0.0,6.5,9.809999999999999,1.4041666666666668,72.375,16.095833333333335,19.7,13.1
2021-11-08,12.0,0.05000000000000001,0.3,0.0,9,0,23.0,24.0,22.0,24.010416666666668,25.7,23.0,2021,11,8,0,1,0,0,0,0,0,0,2.0,5.6000000000000005,11.700000000000001,1.2791666666666668,78.83333333333333,17.0125,21.1,13.1
2021-11-09,7.0,0.029166666666666664,0.1,0.0,7,0,23.0,24.0,22.0,24.247916666666665,25.6,23.0,2021,11,9,1,0,1,0,0,0,0,0,43.5,0.0,1.48,0.8583333333333334,98.79166666666667,17.0,20.7,14.6
2021-11-10,5.0,0.020833333333333332,0.1,0.0,5,0,23.0,24.0,22.0,24.183333333333334,25.5,22.8,2021,11,10,2,0,0,1,0,0,0,0,0.0,7.300000000000001,11.94,1.4208333333333334,62.5,17.208333333333332,20.9,14.9
2021-11-11,8.0,0.03333333333333333,0.1,0.0,8,0,23.0,24.0,22.0,24.081249999999997,25.5,22.8,2021,11,11,3,0,0,0,1,0,0,0,0.0,9.700000000000001,14.040000000000001,0.9500000000000002,49.041666666666664,16.633333333333336,21.6,11.0
2021-11-12,10.0,0.041666666666666664,0.2,0.0,8,0,23.0,24.0,22.0,24.12708333333333,25.5,22.8,2021,11,12,4,0,0,0,0,1,0,0,0.0,9.3,13.290000000000003,1.0250000000000001,51.916666666666664,16.20416666666667,21.7,10.7
2021-11-13,3.0,0.012500000000000002,0.1,0.0,3,0,23.0,24.0,22.0,23.77083333333333,24.5,23.4,2021,11,13,5,0,0,0,0,0,1,0,0.0,9.700000000000001,13.64,0.5416666666666666,54.083333333333336,14.975,19.7,10.0
2021-11-14,2.0,0.008333333333333333,0.1,0.0,2,0,23.0,24.0,22.0,23.27708333333334,23.6,23.0,2021,11,14,6,0,0,0,0,0,0,1,0.0,7.699999999999999,12.76,0.7208333333333333,62.541666666666664,15.175000000000002,20.1,9.9
2021-11-15,17.0,0.07083333333333335,0.3,0.0,12,0,23.0,24.0,22.0,23.625,25.7,17.4,2021,11,15,0,1,0,0,0,0,0,0,0.0,9.700000000000001,13.36,0.5583333333333333,56.625,15.808333333333332,21.5,10.3
2021-11-16,15.0,0.0625,0.2,0.0,11,0,23.0,24.0,22.0,24.08333333333334,25.8,22.9,2021,11,16,1,0,1,0,0,0,0,0,0.0,4.8999999999999995,10.149999999999999,1.1291666666666667,66.625,15.008333333333331,18.3,12.4
2021-11-17,14.0,0.05833333333333335,0.2,0.0,12,0,23.0,24.0,22.0,23.941666666666663,25.1,23.0,2021,11,17,2,0,0,1,0,0,0,0,0.0,7.8999999999999995,12.139999999999999,0.9916666666666667,59.0,14.112500000000002,17.3,11.0
2021-11-18,14.0,0.05833333333333334,0.2,0.0,11,0,23.0,24.0,22.0,23.920833333333334,25.3,22.8,2021,11,18,3,0,0,0,1,0,0,0,0.0,2.1,8.51,0.6833333333333332,71.91666666666667,13.412500000000001,18.4,10.1
2021-11-19,15.0,0.06250000000000001,0.3,0.0,11,0,23.0,24.0,22.0,23.76041666666667,25.4,22.7,2021,11,19,4,0,0,0,0,1,0,0,0.0,7.1,10.1,0.40833333333333327,69.875,13.654166666666667,18.2,9.7
2021-11-20,3.0,0.012500000000000002,0.1,0.0,3,0,23.0,24.0,22.0,23.914583333333336,24.8,23.3,2021,11,20,5,0,0,0,0,0,1,0,0.0,9.399999999999999,11.74,0.8125,68.66666666666667,14.274999999999999,18.6,10.0
2021-11-21,2.0,0.008333333333333333,0.1,0.0,2,0,23.0,24.0,22.0,23.022916666666664,23.6,22.8,2021,11,21,6,0,0,0,0,0,0,1,7.5,0.6,4.42,0.7583333333333333,82.41666666666667,13.029166666666663,15.3,10.8
2021-11-22,14.0,0.058333333333333355,0.2,0.0,11,0,23.0,24.0,22.0,25.17708333333333,37.0,22.5,2021,11,22,0,1,0,0,0,0,0,0,16.0,0.0,2.6899999999999995,1.3,98.41666666666667,13.85,16.9,12.1
2021-11-23,2.0,0.008333333333333333,0.1,0.0,2,0,23.0,24.0,22.0,23.74791666666667,25.5,22.4,2021,11,23,1,0,1,0,0,0,0,0,0.0,4.3,9.459999999999997,1.9250000000000007,59.458333333333336,13.616666666666669,16.4,10.6
2021-11-24,22.0,0.09166666666666667,0.3,0.0,14,0,23.0,24.0,22.0,23.674999999999994,25.5,22.6,2021,11,24,2,0,0,1,0,0,0,0,0.0,9.5,12.55,0.9291666666666668,49.208333333333336,12.6,16.8,9.1
2021-11-25,19.0,0.07916666666666668,0.3,0.0,12,0,23.0,24.0,22.0,23.83125,25.9,22.7,2021,11,25,3,0,0,0,1,0,0,0,0.0,9.399999999999999,12.39,0.5875,51.291666666666664,13.316666666666668,18.1,7.2
2021-11-26,15.0,0.06250000000000001,0.3,0.0,11,0,23.0,24.0,22.0,23.88333333333333,26.3,22.7,2021,11,26,4,0,0,0,0,1,0,0,0.0,9.399999999999999,12.059999999999999,0.6208333333333332,58.458333333333336,13.795833333333333,18.6,9.3
2021-11-27,3.0,0.012500000000000002,0.1,0.0,3,0,23.0,24.0,22.0,23.179166666666664,24.0,22.2,2021,11,27,5,0,0,0,0,0,1,0,0.0,6.8,10.829999999999998,2.5791666666666666,47.833333333333336,9.774999999999999,13.7,7.0
2021-11-28,2.0,0.008333333333333333,0.1,0.0,2,0,23.0,24.0,22.0,21.720833333333328,22.4,21.2,2021,11,28,6,0,0,0,0,0,0,1,0.0,9.399999999999999,12.539999999999997,2.054166666666667,50.666666666666664,9.729166666666666,14.4,5.1
2021-11-29,34.0,0.1416666666666667,0.4,0.0,13,0,23.0,24.0,22.0,23.120833333333337,26.0,20.9,2021,11,29,0,1,0,0,0,0,0,0,0.0,7.3999999999999995,11.379999999999999,0.7291666666666666,58.541666666666664,8.804166666666665,13.3,4.4
2021-11-30,29.0,0.12083333333333336,0.4,0.0,13,0,23.0,24.0,22.0,23.662500000000005,26.0,22.2,2021,11,30,1,0,1,0,0,0,0,0,6.0,8.3,10.559999999999999,0.6833333333333332,70.04166666666667,11.679166666666667,16.5,4.2
2021-12-01,21.0,0.08750000000000001,0.3,0.0,14,0,24.5,25.0,22.0,26.904166666666672,39.1,22.9,2021,12,1,2,0,0,1,0,0,0,0,79.0,6.1,9.089999999999998,1.6999999999999995,69.83333333333333,16.21666666666667,20.5,10.2
2021-12-02,35.0,0.14583333333333334,0.4,0.0,14,0,25.0,25.0,25.0,25.43958333333333,36.7,23.4,2021,12,2,3,0,0,0,1,0,0,0,0.0,9.299999999999999,12.32,1.2,43.416666666666664,11.195833333333333,15.1,7.2
2021-12-03,3.0,0.012500000000000002,0.1,0.0,3,0,25.0,25.0,25.0,23.79375,24.4,23.0,2021,12,3,4,0,0,0,0,1,0,0,0.0,9.2,11.600000000000001,0.8208333333333334,58.25,10.983333333333334,15.8,5.8
2021-12-04,2.0,0.008333333333333333,0.1,0.0,2,0,25.0,25.0,25.0,23.45833333333333,25.1,22.4,2021,12,4,5,0,0,0,0,0,1,0,0.0,9.2,11.33,1.091666666666667,56.125,11.345833333333333,16.2,6.9
2021-12-05,3.0,0.012500000000000002,0.1,0.0,3,0,25.0,25.0,25.0,22.004166666666666,22.7,21.3,2021,12,5,6,0,0,0,0,0,0,1,0.0,9.2,11.03,2.095833333333333,50.166666666666664,9.183333333333334,12.1,6.1
2021-12-06,40.0,0.16666666666666666,0.5,0.0,13,0,25.0,25.0,25.0,23.868750000000006,26.4,20.9,2021,12,6,0,1,0,0,0,0,0,0,0.0,0.0,4.029999999999999,1.754166666666667,64.75,8.779166666666667,10.1,6.7
2021-12-07,33.0,0.1375,0.4,0.0,13,0,25.0,25.0,25.0,24.616666666666664,26.7,22.8,2021,12,7,1,0,1,0,0,0,0,0,5.0,0.5,3.4999999999999996,2.0416666666666665,85.04166666666667,11.941666666666665,14.8,9.6
2021-12-08,33.0,0.1375,0.4,0.0,14,0,25.0,25.0,25.0,24.758333333333336,26.7,23.4,2021,12,8,2,0,0,1,0,0,0,0,34.0,0.0,2.2599999999999993,3.370833333333334,92.75,9.995833333333332,11.3,8.4
2021-12-09,33.0,0.1375,0.4,0.0,14,0,25.0,25.0,25.0,24.6875,26.6,23.2,2021,12,9,3,0,0,0,1,0,0,0,0.0,7.0,10.269999999999998,2.029166666666667,67.33333333333333,10.416666666666666,14.3,8.4
2021-12-10,2.0,0.008333333333333333,0.1,0.0,2,0,25.0,25.0,25.0,24.035416666666663,25.1,23.0,2021,12,10,4,0,0,0,0,1,0,0,0.0,3.6,8.469999999999999,1.25,68.04166666666667,9.237499999999999,11.9,7.3
2021-12-11,18.0,0.075,0.3,0.0,9,0,25.0,25.0,25.0,25.781250000000004,39.3,22.3,2021,12,11,5,0,0,0,0,0,1,0,0.0,9.1,10.949999999999998,0.5708333333333333,73.54166666666667,10.891666666666666,15.9,5.3
2021-12-12,3.0,0.012500000000000002,0.1,0.0,3,0,25.0,25.0,25.0,22.881249999999998,23.5,22.5,2021,12,12,6,0,0,0,0,0,0,1,0.0,7.5,8.829999999999998,0.6958333333333332,71.79166666666667,12.220833333333337,16.9,8.0
2021-12-13,36.0,0.15,0.5,0.0,13,0,25.0,25.0,25.0,24.63958333333333,38.0,21.9,2021,12,13,0,1,0,0,0,0,0,0,0.0,9.2,11.709999999999999,3.420833333333333,47.125,9.779166666666667,13.3,5.8
2021-12-14,40.0,0.16666666666666666,0.4,0.0,15,0,25.0,25.0,25.0,25.84583333333333,39.4,22.9,2021,12,14,1,0,1,0,0,0,0,0,4.5,0.1,2.53,1.3083333333333333,74.79166666666667,5.441666666666666,6.9,4.4
2021-12-15,37.0,0.1541666666666667,0.5,0.0,16,0,24.833333333333332,25.0,24.0,24.99791666666667,33.5,23.0,2021,12,15,2,0,0,1,0,0,0,0,0.0,9.2,11.29,0.425,74.20833333333333,9.345833333333333,14.2,3.3
2021-12-16,29.0,0.12083333333333336,0.3,0.0,13,0,24.5,25.0,24.0,25.670833333333334,39.9,23.4,2021,12,16,3,0,0,0,1,0,0,0,0.0,8.1,10.600000000000001,0.7250000000000001,67.91666666666667,10.520833333333334,14.7,5.0
2021-12-17,27.0,0.11250000000000003,0.3,0.0,13,0,24.5,25.0,24.0,25.389583333333338,35.7,23.7,2021,12,17,4,0,0,0,0,1,0,0,4.0,0.8999999999999999,3.4200000000000004,1.695833333333333,80.45833333333333,9.233333333333333,12.0,5.2
2021-12-18,23.0,0.09583333333333333,0.3,0.0,10,0,24.5,25.0,24.0,25.98125,39.3,22.3,2021,12,18,5,0,0,0,0,0,1,0,0.0,9.3,11.759999999999998,2.779166666666667,39.875,5.187499999999999,9.5,2.4
2021-12-19,2.0,0.008333333333333333,0.1,0.0,2,0,24.5,25.0,24.0,21.8125,22.8,20.8,2021,12,19,6,0,0,0,0,0,0,1,0.0,9.2,11.239999999999997,0.7041666666666667,51.541666666666664,5.745833333333334,10.4,1.0
2021-12-20,45.0,0.18708333333333335,0.59,0.0,15,0,24.5,25.0,24.0,25.089583333333334,40.7,20.1,2021,12,20,0,1,0,0,0,0,0,0,0.0,9.2,11.09,0.6458333333333333,60.708333333333336,7.629166666666667,12.4,1.8
2021-12-21,32.0,0.1333333333333334,0.5,0.0,14,0,24.5,25.0,24.0,25.224999999999998,38.0,16.5,2021,12,21,1,0,1,0,0,0,0,0,0.0,9.100000000000001,11.089999999999996,0.5124999999999998,65.75,9.9125,15.2,4.4
2021-12-22,35.0,0.14583333333333334,0.4,0.0,13,0,24.5,25.0,24.0,24.702083333333334,32.2,23.1,2021,12,22,2,0,0,1,0,0,0,0,0.0,8.6,10.529999999999998,3.016666666666666,51.125,9.0375,13.3,5.6
2021-12-23,32.0,0.13333333333333333,0.5,0.0,14,0,24.5,25.0,24.0,25.82916666666667,41.1,22.8,2021,12,23,3,0,0,0,1,0,0,0,0.0,8.700000000000001,11.25,2.779166666666667,40.833333333333336,8.720833333333333,12.4,4.9
2021-12-24,31.0,0.1291666666666667,0.4,0.0,14,0,24.5,25.0,24.0,25.145833333333332,36.7,21.0,2021,12,24,4,0,0,0,0,1,0,0,0.0,8.899999999999999,11.36,0.8666666666666667,57.041666666666664,8.745833333333332,12.7,3.6
2021-12-25,2.0,0.008333333333333333,0.1,0.0,2,0,24.5,25.0,24.0,23.774999999999995,25.1,22.7,2021,12,25,5,0,0,0,0,0,1,0,2.0,4.999999999999999,8.510000000000002,1.9666666666666666,70.41666666666667,9.045833333333333,15.3,4.5
2021-12-26,3.0,0.012500000000000002,0.1,0.0,3,0,24.5,25.0,24.0,21.675,22.7,20.3,2021,12,26,6,0,0,0,0,0,0,1,0.0,8.5,11.129999999999999,3.4791666666666674,35.25,3.883333333333333,8.6,0.4
2021-12-27,52.0,0.21583333333333332,0.79,0.0,13,0,24.5,25.0,24.0,23.045833333333334,25.9,19.6,2021,12,27,0,1,0,0,0,0,0,0,0.0,9.3,11.44,1.0708333333333333,39.541666666666664,3.9583333333333326,9.5,-0.8
2021-12-28,46.0,0.19124999999999995,0.69,0.0,14,0,24.5,25.0,24.0,23.610416666666666,25.7,21.2,2021,12,28,1,0,1,0,0,0,0,0,0.0,9.200000000000001,11.690000000000001,1.4333333333333333,48.666666666666664,4.645833333333334,9.3,0.2
2021-12-29,3.0,0.012500000000000002,0.1,0.0,3,0,24.5,25.0,24.0,21.525000000000006,22.7,20.7,2021,12,29,2,0,0,1,0,0,0,0,0.0,8.0,10.450000000000001,0.7083333333333335,54.041666666666664,4.883333333333334,8.5,1.6
2021-12-30,2.0,0.008333333333333333,0.1,0.0,2,0,24.5,25.0,24.0,19.914583333333336,20.6,19.2,2021,12,30,3,0,0,0,1,0,0,0,0.0,8.0,10.98,1.1416666666666668,52.916666666666664,7.225000000000001,13.5,1.5
2021-12-31,3.0,0.012500000000000002,0.1,0.0,3,0,24.5,25.0,24.0,18.48333333333333,19.4,17.2,2021,12,31,4,0,0,0,0,1,0,0,0.0,3.8,6.3,2.3708333333333336,51.25,3.6041666666666665,7.9,0.3
2022-01-01,2.0,0.008333333333333333,0.1,0.0,2,0,24.5,25.0,24.0,16.729166666666668,17.9,15.7,2022,1,1,5,0,0,0,0,0,1,0,0.0,9.4,12.17,2.420833333333333,32.666666666666664,3.595833333333333,7.8,-0.7
2022-01-02,3.0,0.012500000000000002,0.1,0.0,3,0,24.5,25.0,24.0,16.125,19.2,15.0,2022,1,2,6,0,0,0,0,0,0,1,0.0,6.3,10.14,1.1375000000000004,51.041666666666664,4.1875,7.9,0.8
2022-01-03,2.0,0.008333333333333333,0.1,0.0,2,0,24.5,25.0,24.0,15.693750000000001,16.8,14.7,2022,1,3,0,1,0,0,0,0,0,0,0.0,9.100000000000001,11.110000000000001,1.229166666666667,55.291666666666664,6.3875,10.8,2.7
2022-01-04,80.0,0.33125,0.99,0.0,15,0,24.875,25.0,24.0,22.02916666666667,38.2,14.8,2022,1,4,1,0,1,0,0,0,0,0,0.0,9.100000000000001,11.759999999999998,2.2416666666666667,56.958333333333336,5.779166666666668,13.2,2.2
2022-01-05,70.0,0.2904166666666667,0.79,0.0,15,0,25.0,25.0,25.0,23.6375,38.5,19.0,2022,1,5,2,0,0,1,0,0,0,0,0.0,9.3,12.129999999999999,2.858333333333334,36.291666666666664,4.499999999999999,8.5,1.6
2022-01-06,75.0,0.31,0.79,0.0,15,0,25.0,25.0,25.0,22.983333333333334,39.0,2.8,2022,1,6,3,0,0,0,1,0,0,0,4.0,0.0,1.84,1.1750000000000003,71.75,0.804166666666667,2.2,-1.0
2022-01-07,56.0,0.23208333333333334,0.79,0.0,13,0,25.0,25.0,25.0,23.674999999999997,26.3,20.6,2022,1,7,4,0,0,0,0,1,0,0,0.0,9.3,12.18,2.3541666666666665,65.58333333333333,3.1374999999999997,8.1,-2.1
2022-01-08,3.0,0.012500000000000002,0.1,0.0,3,0,25.0,25.0,25.0,22.391666666666666,24.5,21.0,2022,1,8,5,0,0,0,0,0,1,0,0.0,9.3,11.84,0.9083333333333333,51.583333333333336,5.808333333333333,9.9,1.5
2022-01-09,3.0,0.012500000000000002,0.1,0.0,3,0,25.0,25.0,25.0,20.35833333333333,21.1,20.0,2022,1,9,6,0,0,0,0,0,0,1,0.0,8.4,11.36,0.6208333333333332,53.791666666666664,7.8999999999999995,14.0,1.7
2022-01-10,2.0,0.008333333333333333,0.1,0.0,2,0,25.0,25.0,25.0,21.72708333333333,24.9,19.1,2022,1,10,0,1,0,0,0,0,0,0,0.0,2.2,3.5999999999999996,1.3291666666666668,60.083333333333336,7.937499999999999,9.5,6.8
2022-01-11,49.0,0.20416666666666664,0.5,0.0,14,0,25.0,25.0,25.0,23.622916666666665,26.4,20.6,2022,1,11,1,0,1,0,0,0,0,0,12.5,0.0,1.54,1.0458333333333334,90.0,6.1916666666666655,7.6,4.8
2022-01-12,45.0,0.1875,0.5,0.0,12,0,25.0,25.0,25.0,24.193749999999998,26.3,22.2,2022,1,12,2,0,0,1,0,0,0,0,0.0,9.5,12.63,2.475000000000001,48.791666666666664,5.737500000000001,8.9,3.4
2022-01-13,42.0,0.17499999999999993,0.5,0.0,14,0,25.0,25.0,25.0,24.45625,27.0,22.4,2022,1,13,3,0,0,0,1,0,0,0,0.0,7.3,11.93,1.6249999999999998,43.041666666666664,6.066666666666666,11.1,3.0
2022-01-14,45.0,0.18749999999999997,0.5,0.0,14,0,25.0,25.0,25.0,24.868750000000002,38.6,22.7,2022,1,14,4,0,0,0,0,1,0,0,0.0,9.6,12.8,3.1875,38.666666666666664,5.154166666666668,9.2,1.5
2022-01-15,3.0,0.012500000000000002,0.1,0.0,3,0,25.0,25.0,25.0,23.32083333333333,24.7,22.0,2022,1,15,5,0,0,0,0,0,1,0,0.0,7.800000000000001,10.629999999999999,1.9000000000000001,38.625,6.149999999999999,10.5,1.4
2022-01-16,2.0,0.008333333333333333,0.1,0.0,2,0,25.0,25.0,25.0,21.25,22.1,20.8,2022,1,16,6,0,0,0,0,0,0,1,0.0,9.6,12.270000000000001,0.5583333333333332,59.625,6.691666666666669,11.3,1.5
2022-01-17,45.0,0.18666666666666665,0.59,0.0,12,0,25.0,25.0,25.0,23.122916666666665,26.3,18.8,2022,1,17,0,1,0,0,0,0,0,0,0.0,6.800000000000001,9.48,0.8791666666666665,58.625,7.116666666666666,10.7,3.5
2022-01-18,50.0,0.20791666666666664,0.59,0.0,14,0,25.0,25.0,25.0,24.527083333333337,38.5,21.9,2022,1,18,1,0,1,0,0,0,0,0,0.0,9.6,13.04,3.141666666666667,39.708333333333336,5.349999999999999,9.4,2.4
2022-01-19,46.0,0.19124999999999995,0.59,0.0,14,0,25.0,25.0,25.0,23.947916666666668,26.6,17.4,2022,1,19,2,0,0,1,0,0,0,0,0.0,8.1,9.659999999999998,1.0875000000000001,43.166666666666664,4.933333333333334,9.2,1.2
2022-01-20,46.0,0.19124999999999995,0.59,0.0,14,0,25.0,25.0,25.0,24.329166666666666,26.4,22.6,2022,1,20,3,0,0,0,1,0,0,0,0.0,8.9,12.179999999999998,1.9416666666666664,53.375,4.2458333333333345,8.6,0.1
2022-01-21,50.0,0.20791666666666664,0.59,0.0,16,0,25.0,25.0,25.0,24.850000000000005,38.5,22.2,2022,1,21,4,0,0,0,0,1,0,0,0.0,9.5,13.360000000000001,2.5916666666666663,43.041666666666664,3.741666666666667,9.0,0.1
2022-01-22,3.0,0.012500000000000002,0.1,0.0,3,0,25.0,25.0,25.0,22.972916666666663,24.7,21.5,2022,1,22,5,0,0,0,0,0,1,0,0.0,9.8,13.389999999999999,1.3375000000000001,42.583333333333336,5.754166666666667,10.3,1.1
2022-01-23,2.0,0.008333333333333333,0.1,0.0,2,0,25.0,25.0,25.0,20.895833333333336,21.7,20.0,2022,1,23,6,0,0,0,0,0,0,1,0.0,1.2,6.82,1.3916666666666668,53.125,5.320833333333333,7.5,1.8
2022-01-24,49.0,0.20375,0.59,0.0,14,0,25.0,25.0,25.0,23.345833333333335,26.4,20.0,2022,1,24,0,1,0,0,0,0,0,0,0.0,8.8,10.240000000000002,2.3833333333333333,53.791666666666664,7.2458333333333345,10.5,3.9
2022-01-25,45.0,0.18708333333333327,0.59,0.0,13,0,25.0,25.0,25.0,23.837499999999995,26.7,16.9,2022,1,25,1,0,1,0,0,0,0,0,0.0,6.9,11.84,0.6791666666666667,56.041666666666664,6.020833333333333,9.1,2.5
2022-01-26,42.0,0.17499999999999996,0.5,0.0,13,0,25.0,25.0,25.0,24.506249999999994,26.8,22.7,2022,1,26,2,0,0,1,0,0,0,0,0.0,4.9,6.7700000000000005,1.2500000000000002,82.25,6.287499999999998,9.5,3.9
2022-01-27,42.0,0.17499999999999996,0.5,0.0,15,0,25.0,25.0,25.0,25.25208333333333,39.1,23.1,2022,1,27,3,0,0,0,1,0,0,0,0.0,8.3,12.77,2.7416666666666667,54.666666666666664,7.216666666666665,11.2,3.7
2022-01-28,40.0,0.16666666666666666,0.4,0.0,14,0,25.0,25.0,25.0,24.306249999999995,27.1,16.0,2022,1,28,4,0,0,0,0,1,0,0,0.0,6.000000000000001,9.780000000000001,2.629166666666667,41.333333333333336,7.054166666666667,10.5,4.6
2022-01-29,2.0,0.008333333333333333,0.1,0.0,2,0,25.0,25.0,25.0,23.474999999999998,24.8,22.3,2022,1,29,5,0,0,0,0,0,1,0,0.0,4.0,10.750000000000002,1.5833333333333333,48.208333333333336,6.291666666666667,9.5,4.0
2022-01-30,3.0,0.012500000000000002,0.1,0.0,3,0,25.0,25.0,25.0,21.2625,22.3,20.3,2022,1,30,6,0,0,0,0,0,0,1,0.0,3.4,7.83,2.775,44.458333333333336,5.395833333333333,8.2,2.9
2022-01-31,54.0,0.22416666666666665,0.69,0.0,13,0,25.0,25.0,25.0,23.922916666666666,39.6,19.6,2022,1,31,0,1,0,0,0,0,0,0,0.0,9.9,14.739999999999998,3.1124999999999994,36.583333333333336,5.270833333333333,9.4,1.6
2022-02-01,45.0,0.1870833333333333,0.69,0.0,14,0,25.0,25.0,25.0,24.14791666666667,26.6,21.6,2022,2,1,1,0,1,0,0,0,0,0,0.0,9.8,14.259999999999998,1.2458333333333333,45.25,6.320833333333334,11.8,1.6
2022-02-02,46.0,0.19125,0.59,0.0,15,0,25.0,25.0,25.0,25.089583333333334,38.4,22.4,2022,2,2,2,0,0,1,0,0,0,0,0.0,9.9,14.4,1.6208333333333336,45.458333333333336,6.645833333333332,11.4,2.9
2022-02-03,41.0,0.1708333333333333,0.5,0.0,13,0,25.0,25.0,25.0,24.600000000000005,27.0,22.8,2022,2,3,3,0,0,0,1,0,0,0,0.0,7.8999999999999995,13.19,1.1041666666666665,42.25,6.6000000000000005,12.0,1.6
2022-02-04,41.0,0.17083333333333328,0.5,0.0,14,0,25.0,25.0,25.0,24.647916666666664,27.0,22.9,2022,2,4,4,0,0,0,0,1,0,0,0.0,3.5000000000000004,7.47,1.5291666666666668,48.625,5.8125,8.3,3.3
2022-02-05,3.0,0.012500000000000002,0.1,0.0,3,0,25.0,25.0,25.0,23.341666666666665,24.7,21.8,2022,2,5,5,0,0,0,0,0,1,0,0.0,5.9,12.59,2.3208333333333333,45.666666666666664,3.8708333333333336,8.7,0.7
2022-02-06,2.0,0.008333333333333333,0.1,0.0,2,0,25.0,25.0,25.0,20.9875,21.8,20.0,2022,2,6,6,0,0,0,0,0,0,1,0.0,5.299999999999999,12.36,1.3750000000000002,44.541666666666664,3.220833333333333,9.4,-0.7
2022-02-07,56.0,0.23208333333333334,0.79,0.0,14,0,25.0,25.0,25.0,23.087500000000002,26.2,19.2,2022,2,7,0,1,0,0,0,0,0,0,0.0,8.7,15.289999999999997,1.9291666666666665,36.583333333333336,4.862500000000001,9.7,0.0
2022-02-08,49.0,0.20374999999999996,0.69,0.0,14,0,25.0,25.0,25.0,23.568749999999998,26.4,17.3,2022,2,8,1,0,1,0,0,0,0,0,0.0,5.0,9.040000000000001,1.2625000000000002,53.791666666666664,5.620833333333333,8.5,3.2
2022-02-09,42.0,0.17499999999999996,0.5,0.0,12,0,25.0,25.0,25.0,24.152083333333337,26.6,20.2,2022,2,9,2,0,0,1,0,0,0,0,0.0,9.4,15.51,2.1166666666666667,50.833333333333336,6.658333333333332,10.1,2.9
2022-02-10,66.0,0.27375,0.59,0.0,16,0,25.0,25.0,25.0,24.49791666666667,27.4,22.8,2022,2,10,3,0,0,0,1,0,0,0,21.5,0.0,1.74,2.2833333333333337,88.375,2.3666666666666667,5.5,0.9
2022-02-11,32.0,0.13333333333333333,0.5,0.0,11,0,25.0,25.0,25.0,26.1125,39.4,21.6,2022,2,11,4,0,0,0,0,1,0,0,2.0,9.8,15.42,1.9750000000000005,77.79166666666667,4.591666666666666,8.8,1.2
2022-02-12,30.0,0.12500000000000003,0.5,0.0,11,0,25.0,25.0,25.0,25.92291666666667,39.2,21.2,2022,2,12,5,0,0,0,0,0,1,0,0.0,9.4,14.880000000000003,0.5916666666666667,62.208333333333336,5.983333333333333,9.5,1.2
2022-02-13,3.0,0.012500000000000002,0.1,0.0,3,0,25.0,25.0,25.0,21.583333333333332,22.7,20.3,2022,2,13,6,0,0,0,0,0,0,1,15.0,0.0,2.7299999999999995,1.5708333333333329,85.25,3.5041666666666664,4.9,1.2
2022-02-14,59.0,0.24458333333333335,0.79,0.0,14,0,25.0,25.0,25.0,23.660416666666663,37.3,19.6,2022,2,14,0,1,0,0,0,0,0,0,3.5,4.3999999999999995,9.129999999999999,1.6916666666666667,78.04166666666667,4.416666666666667,7.6,1.4
2022-02-15,50.0,0.2075,0.59,0.0,15,0,25.0,25.0,25.0,24.733333333333324,38.4,21.5,2022,2,15,1,0,1,0,0,0,0,0,0.0,5.6,10.99,0.8166666666666668,72.83333333333333,6.029166666666666,11.3,2.5
2022-02-16,43.0,0.17874999999999996,0.59,0.0,14,0,25.0,25.0,25.0,24.172916666666662,26.2,22.2,2022,2,16,2,0,0,1,0,0,0,0,0.0,6.1000000000000005,12.679999999999998,1.5916666666666661,61.25,6.516666666666667,11.8,2.5
2022-02-17,48.0,0.1995833333333333,0.59,0.0,16,0,25.0,25.0,25.0,24.85624999999999,38.8,22.5,2022,2,17,3,0,0,0,1,0,0,0,0.0,7.6000000000000005,16.27,2.1499999999999995,34.041666666666664,5.2041666666666675,10.4,2.0
2022-02-18,40.0,0.16666666666666666,0.5,0.0,13,0,25.0,25.0,25.0,24.254166666666674,26.3,22.0,2022,2,18,4,0,0,0,0,1,0,0,0.0,10.5,17.63,2.2083333333333335,39.75,6.537499999999999,11.0,2.3
2022-02-19,3.0,0.012500000000000002,0.1,0.0,3,0,25.0,25.0,25.0,23.24791666666667,24.8,21.9,2022,2,19,5,0,0,0,0,0,1,0,2.5,0.8999999999999999,7.49,1.2249999999999999,70.29166666666667,5.595833333333332,9.3,2.0
2022-02-20,2.0,0.008333333333333333,0.1,0.0,2,0,25.0,25.0,25.0,21.675,22.3,20.6,2022,2,20,6,0,0,0,0,0,0,1,7.5,0.0,4.750000000000001,2.2500000000000004,78.54166666666667,5.895833333333333,9.4,2.5
2022-02-21,53.0,0.22,0.79,0.0,13,0,25.0,25.0,25.0,23.297916666666666,26.2,20.0,2022,2,21,0,1,0,0,0,0,0,0,0.0,10.600000000000001,16.799999999999997,2.9291666666666667,34.416666666666664,4.679166666666666,9.7,1.4
2022-02-22,53.0,0.21999999999999995,0.59,0.0,16,0,25.0,25.0,25.0,24.539583333333336,36.9,21.5,2022,2,22,1,0,1,0,0,0,0,0,0.0,9.100000000000001,17.959999999999997,2.1333333333333333,37.625,4.9625,9.6,1.3
2022-02-23,2.0,0.008333333333333333,0.1,0.0,2,0,25.0,25.0,25.0,22.864583333333332,24.7,21.2,2022,2,23,2,0,0,1,0,0,0,0,0.0,9.9,17.549999999999997,2.1999999999999997,38.416666666666664,5.1125,9.6,1.3
2022-02-24,50.0,0.20749999999999993,0.59,0.0,14,0,25.0,25.0,25.0,23.683333333333334,26.1,20.9,2022,2,24,3,0,0,0,1,0,0,0,0.0,8.4,18.17,3.5875000000000004,33.791666666666664,5.091666666666667,9.8,1.8
2022-02-25,46.0,0.19124999999999995,0.59,0.0,17,0,25.0,25.0,25.0,24.668750000000006,37.9,21.8,2022,2,25,4,0,0,0,0,1,0,0,0.0,10.700000000000001,19.09,1.45,33.875,7.466666666666666,13.0,1.6
2022-02-26,24.0,0.09999999999999999,0.3,0.0,11,0,25.0,25.0,25.0,26.57708333333333,39.5,22.7,2022,2,26,5,0,0,0,0,0,1,0,0.0,10.700000000000001,18.47,1.3291666666666664,47.333333333333336,9.379166666666666,14.3,3.9
2022-02-27,2.0,0.008333333333333333,0.1,0.0,2,0,25.0,25.0,25.0,22.472916666666666,23.5,21.7,2022,2,27,6,0,0,0,0,0,0,1,0.0,10.700000000000001,18.349999999999998,2.808333333333333,44.541666666666664,9.849999999999998,17.5,5.2
2022-02-28,36.0,0.15,0.5,0.0,11,0,25.0,25.0,25.0,23.945833333333336,27.6,21.2,2022,2,28,0,1,0,0,0,0,0,0,0.0,8.3,18.25,1.5458333333333336,40.208333333333336,10.491666666666665,15.7,4.9
2022-03-01,35.0,0.14583333333333334,0.5,0.0,14,0,25.0,25.0,25.0,24.78958333333333,27.2,22.8,2022,3,1,1,0,1,0,0,0,0,0,0.0,7.6,16.11,1.6708333333333334,50.916666666666664,11.579166666666666,17.0,6.1
2022-03-02,9.0,0.0375,0.3,0.0,5,0,23.333333333333332,25.0,22.0,23.64583333333333,26.1,21.8,2022,3,2,2,0,0,1,0,0,0,0,3.0,4.6,13.749999999999998,1.979166666666667,55.125,11.712499999999999,15.3,8.5
2022-03-03,5.0,0.020833333333333332,0.2,0.0,4,0,22.5,23.0,22.0,23.475000000000005,24.8,21.3,2022,3,3,3,0,0,0,1,0,0,0,0.0,7.3,17.710000000000004,2.075,66.08333333333333,10.054166666666665,14.2,6.7
2022-03-04,12.0,0.049999999999999996,0.3,0.0,9,0,22.5,23.0,22.0,22.891666666666666,24.7,21.1,2022,3,4,4,0,0,0,0,1,0,0,0.0,7.3,15.389999999999999,1.8083333333333336,47.625,8.775,12.0,5.6
2022-03-05,3.0,0.012500000000000002,0.1,0.0,3,0,22.5,23.0,22.0,23.07291666666666,24.4,22.2,2022,3,5,5,0,0,0,0,0,1,0,0.0,10.8,18.689999999999998,2.3333333333333335,56.5,11.837500000000004,17.3,6.1
2022-03-06,2.0,0.008333333333333333,0.1,0.0,2,0,22.5,23.0,22.0,21.8625,22.8,21.2,2022,3,6,6,0,0,0,0,0,0,1,0.0,8.5,17.779999999999998,3.1916666666666664,33.5,8.533333333333333,14.3,5.1
2022-03-07,30.0,0.125,0.4,0.0,13,0,22.5,23.0,22.0,22.450000000000003,24.8,20.8,2022,3,7,0,1,0,0,0,0,0,0,0.0,10.9,18.970000000000002,2.3749999999999996,34.708333333333336,8.9875,13.4,4.7
2022-03-08,36.0,0.15000000000000002,0.4,0.0,14,0,22.75,25.0,22.0,23.69583333333333,38.5,21.8,2022,3,8,1,0,1,0,0,0,0,0,0.0,0.0,3.5800000000000005,1.9208333333333336,72.41666666666667,6.4750000000000005,7.9,4.7
2022-03-09,41.0,0.1708333333333333,0.4,0.0,16,0,23.5,25.0,22.0,24.631249999999998,38.8,22.3,2022,3,9,2,0,0,1,0,0,0,0,0.0,9.9,18.740000000000002,1.2708333333333335,58.708333333333336,8.9875,13.2,4.4
2022-03-10,22.0,0.09166666666666667,0.3,0.0,13,0,22.833333333333332,25.0,22.0,23.243750000000002,32.4,15.9,2022,3,10,3,0,0,0,1,0,0,0,0.0,10.0,17.130000000000003,0.7999999999999999,57.041666666666664,10.070833333333335,13.8,5.0
2022-03-11,16.0,0.06666666666666668,0.3,0.0,11,0,22.5,23.0,22.0,22.9375,24.6,21.7,2022,3,11,4,0,0,0,0,1,0,0,0.0,10.299999999999999,19.090000000000003,1.5,59.75,12.6,17.1,6.6
2022-03-12,8.0,0.03333333333333333,0.1,0.0,8,0,22.5,23.0,22.0,24.27291666666667,33.8,22.7,2022,3,12,5,0,0,0,0,0,1,0,0.0,10.9,20.020000000000003,1.116666666666667,47.541666666666664,16.033333333333335,22.2,9.9
2022-03-13,3.0,0.012500000000000002,0.1,0.0,3,0,22.5,23.0,22.0,23.006250000000005,23.3,22.7,2022,3,13,6,0,0,0,0,0,0,1,0.0,5.3,14.83,1.2833333333333334,65.04166666666667,15.549999999999999,19.1,10.9
2022-03-14,5.0,0.020833333333333332,0.2,0.0,4,0,21.166666666666668,23.0,20.0,23.18958333333333,25.2,21.7,2022,3,14,0,1,0,0,0,0,0,0,0.0,9.700000000000001,20.0,1.6833333333333333,69.625,17.15833333333333,24.2,9.1
2022-03-15,2.0,0.008333333333333333,0.1,0.0,2,0,20.5,21.0,20.0,23.033333333333328,24.9,21.1,2022,3,15,1,0,1,0,0,0,0,0,0.0,8.4,17.45,1.8958333333333337,66.45833333333333,13.695833333333335,20.0,8.3
2022-03-16,3.0,0.012500000000000002,0.1,0.0,3,0,20.5,21.0,20.0,23.974999999999998,25.6,21.3,2022,3,16,2,0,0,1,0,0,0,0,0.0,8.6,15.74,1.2625,62.791666666666664,14.77083333333333,19.2,11.9
2022-03-17,2.0,0.008333333333333333,0.1,0.0,2,0,20.5,21.0,20.0,24.08333333333333,25.3,21.5,2022,3,17,3,0,0,0,1,0,0,0,0.5,7.5,17.46,0.9458333333333333,62.333333333333336,15.274999999999997,19.5,11.0
2022-03-18,24.0,0.09999999999999999,0.3,0.0,13,0,21.4375,24.0,20.0,26.743750000000002,38.7,22.4,2022,3,18,4,0,0,0,0,1,0,0,38.5,0.0,1.9,2.629166666666667,90.125,5.758333333333334,9.3,4.0
2022-03-19,17.0,0.07083333333333333,0.3,0.0,9,0,22.0,24.0,20.0,25.325,38.7,22.6,2022,3,19,5,0,0,0,0,0,1,0,16.0,7.4,16.02,2.025,82.41666666666667,12.108333333333333,18.7,7.7
2022-03-20,3.0,0.012500000000000002,0.1,0.0,3,0,22.0,24.0,20.0,22.379166666666666,23.3,21.8,2022,3,20,6,0,0,0,0,0,0,1,0.0,8.2,16.75,2.0208333333333335,60.0,11.120833333333332,15.0,6.3
2022-03-21,2.0,0.008333333333333333,0.1,0.0,2,0,22.0,24.0,20.0,22.45,24.3,21.0,2022,3,21,0,1,0,0,0,0,0,0,0.0,2.8000000000000003,15.120000000000001,1.1125,62.125,10.429166666666665,13.9,6.9
2022-03-22,42.0,0.17499999999999996,0.5,0.0,14,0,22.0,24.0,20.0,22.599999999999998,25.3,8.9,2022,3,22,1,0,1,0,0,0,0,0,15.0,0.0,2.87,1.9625000000000001,90.75,4.2625,9.8,2.3
2022-03-23,44.0,0.18333333333333332,0.5,0.0,15,0,22.0,24.0,20.0,23.39583333333333,25.8,20.7,2022,3,23,2,0,0,1,0,0,0,0,0.0,6.1000000000000005,16.370000000000005,1.5416666666666667,66.20833333333333,6.108333333333333,10.2,1.5
2022-03-24,35.0,0.14583333333333337,0.4,0.0,14,0,22.0,24.0,20.0,23.962500000000006,38.1,21.0,2022,3,24,3,0,0,0,1,0,0,0,1.0,9.5,21.44,1.3875000000000002,72.79166666666667,9.549999999999999,14.2,3.4
2022-03-25,16.0,0.06666666666666667,0.3,0.0,8,0,21.541666666666668,24.0,20.0,23.32291666666666,27.2,21.6,2022,3,25,4,0,0,0,0,1,0,0,0.0,11.2,21.339999999999996,1.3416666666666666,55.25,13.204166666666667,18.9,7.3
2022-03-26,3.0,0.012500000000000002,0.1,0.0,3,0,21.0,22.0,20.0,22.914583333333336,24.2,21.8,2022,3,26,5,0,0,0,0,0,1,0,2.0,0.0,4.909999999999998,2.25,78.5,15.93333333333333,18.7,11.7
2022-03-27,2.0,0.008333333333333333,0.1,0.0,2,0,21.0,22.0,20.0,23.154166666666665,23.7,22.7,2022,3,27,6,0,0,0,0,0,0,1,1.0,1.3000000000000003,12.249999999999998,2.1999999999999997,72.875,16.833333333333332,21.5,12.4
2022-03-28,5.0,0.020833333333333332,0.1,0.0,5,0,21.0,22.0,20.0,22.799999999999994,24.3,20.3,2022,3,28,0,1,0,0,0,0,0,0,0.0,7.0,18.89,2.4375,49.75,14.320833333333338,18.7,11.5
2022-03-29,17.0,0.07083333333333335,0.2,0.0,13,0,21.291666666666668,23.0,20.0,23.01666666666667,29.8,20.6,2022,3,29,1,0,1,0,0,0,0,0,0.0,0.0,2.97,1.4208333333333334,54.25,10.695833333333333,11.5,9.9
2022-03-30,10.0,0.041666666666666664,0.2,0.0,8,0,21.5,23.0,20.0,23.068750000000005,24.7,21.7,2022,3,30,2,0,0,1,0,0,0,0,0.0,4.6,16.310000000000002,1.3124999999999998,76.08333333333333,14.779166666666669,18.6,10.1
2022-03-31,6.0,0.024999999999999998,0.1,0.0,6,0,21.5,23.0,20.0,23.291666666666668,25.1,21.7,2022,3,31,3,0,0,0,1,0,0,0,5.5,5.0,15.329999999999998,1.5916666666666668,75.83333333333333,15.745833333333337,22.3,9.7
