ì˙éû,åé,ì˙,ójì˙,äOãCâ∑ìx,é∫äOã@â^ì]éûä‘,ìdóÕè¡îÔó ,ó‚ñ[î\óÕ
2022-07-01 06:00:00,7,1,4,30,32,0.8,2.0
2022-07-01 07:00:00,7,1,4,32,43,1.6,4.1
2022-07-01 08:00:00,7,1,4,34,60,9.7,24.6
2022-07-01 09:00:00,7,1,4,36,60,12.3,31.5
2022-07-01 10:00:00,7,1,4,38,60,12.9,31.4
2022-07-01 11:00:00,7,1,4,40,60,14.9,32.7
2022-07-01 12:00:00,7,1,4,41,60,13.9,31.0
2022-07-01 13:00:00,7,1,4,41,60,14.6,31.2
2022-07-01 14:00:00,7,1,4,40,60,14.8,32.2
2022-07-01 15:00:00,7,1,4,37,60,4.0,9.4
2022-07-01 16:00:00,7,1,4,36,60,3.6,9.1
2022-07-01 17:00:00,7,1,4,34,1,0.1,0.1
2022-07-02 08:00:00,7,2,5,33,59,3.0,10.7
2022-07-02 09:00:00,7,2,5,34,60,4.4,15.2
2022-07-02 10:00:00,7,2,5,36,60,5.0,15.5
2022-07-02 11:00:00,7,2,5,36,60,5.4,15.4
2022-07-02 12:00:00,7,2,5,37,60,4.7,15.1
2022-07-02 13:00:00,7,2,5,37,60,5.3,14.8
2022-07-02 14:00:00,7,2,5,37,60,5.4,15.4
2022-07-02 15:00:00,7,2,5,35,60,2.0,3.7
2022-07-02 16:00:00,7,2,5,34,60,2.0,3.8
2022-07-02 17:00:00,7,2,5,33,1,0.1,0.1
2022-07-03 07:00:00,7,3,6,30,32,1.0,3.4
2022-07-03 08:00:00,7,3,6,31,60,5.2,16.4
2022-07-03 09:00:00,7,3,6,32,60,5.2,16.3
2022-07-03 10:00:00,7,3,6,33,60,4.6,14.4
2022-07-03 11:00:00,7,3,6,35,60,5.7,17.0
2022-07-03 12:00:00,7,3,6,34,60,6.9,18.3
2022-07-03 13:00:00,7,3,6,33,60,4.4,13.5
2022-07-03 14:00:00,7,3,6,33,60,3.5,10.0
2022-07-03 15:00:00,7,3,6,32,1,0.1,0.0
2022-07-04 06:00:00,7,4,0,28,41,0.9,2.5
2022-07-04 07:00:00,7,4,0,26,46,1.3,5.0
2022-07-04 08:00:00,7,4,0,25,60,5.6,21.7
2022-07-04 09:00:00,7,4,0,26,60,6.4,25.8
2022-07-04 10:00:00,7,4,0,27,60,6.2,23.9
2022-07-04 11:00:00,7,4,0,28,60,6.2,23.1
2022-07-04 12:00:00,7,4,0,30,60,6.3,23.6
2022-07-04 13:00:00,7,4,0,30,60,6.6,23.3
2022-07-04 14:00:00,7,4,0,31,60,9.9,29.0
2022-07-04 15:00:00,7,4,0,31,60,9.0,26.2
2022-07-04 16:00:00,7,4,0,30,60,8.9,25.6
2022-07-05 06:00:00,7,5,1,26,23,0.5,1.5
2022-07-05 07:00:00,7,5,1,28,47,1.3,5.1
2022-07-05 08:00:00,7,5,1,30,60,5.2,18.8
2022-07-05 09:00:00,7,5,1,31,60,6.5,22.5
2022-07-05 10:00:00,7,5,1,32,60,6.8,22.8
2022-07-05 11:00:00,7,5,1,31,60,6.8,22.4
2022-07-05 12:00:00,7,5,1,32,60,6.5,22.7
2022-07-05 13:00:00,7,5,1,30,60,6.3,23.8
2022-07-05 14:00:00,7,5,1,29,60,7.9,26.9
2022-07-05 15:00:00,7,5,1,28,60,3.0,11.1
2022-07-05 16:00:00,7,5,1,27,60,2.7,12.7
2022-07-06 06:00:00,7,6,2,24,34,0.7,1.9
2022-07-06 07:00:00,7,6,2,25,49,1.8,6.3
2022-07-06 08:00:00,7,6,2,27,60,4.3,19.7
2022-07-06 09:00:00,7,6,2,29,60,6.1,22.3
2022-07-06 10:00:00,7,6,2,31,60,1.8,5.6
2022-07-06 11:00:00,7,6,2,30,60,6.3,21.1
2022-07-06 12:00:00,7,6,2,32,60,1.7,4.2
2022-07-06 13:00:00,7,6,2,27,60,6.3,22.3
2022-07-06 14:00:00,7,6,2,28,60,1.5,4.8
2022-07-06 15:00:00,7,6,2,30,60,5.8,20.4
2022-07-06 16:00:00,7,6,2,30,56,1.3,3.9
2022-07-07 06:00:00,7,7,3,24,27,0.5,1.4
2022-07-07 07:00:00,7,7,3,25,51,1.3,4.9
2022-07-07 08:00:00,7,7,3,26,60,4.9,19.4
2022-07-07 09:00:00,7,7,3,27,60,5.9,23.6
2022-07-07 10:00:00,7,7,3,26,60,6.1,24.4
2022-07-07 11:00:00,7,7,3,28,60,6.4,23.5
2022-07-07 12:00:00,7,7,3,29,60,6.5,23.7
2022-07-07 13:00:00,7,7,3,31,60,6.6,23.8
2022-07-07 14:00:00,7,7,3,31,60,6.7,23.0
2022-07-07 15:00:00,7,7,3,30,60,3.5,12.1
2022-07-07 16:00:00,7,7,3,30,60,3.3,13.1
2022-07-08 06:00:00,7,8,4,25,18,0.4,0.8
2022-07-08 07:00:00,7,8,4,26,46,1.0,3.4
2022-07-08 08:00:00,7,8,4,27,60,4.7,17.5
2022-07-08 09:00:00,7,8,4,27,60,5.4,20.3
2022-07-08 10:00:00,7,8,4,28,60,1.3,4.3
2022-07-08 11:00:00,7,8,4,28,60,5.6,20.3
2022-07-08 12:00:00,7,8,4,30,60,2.3,8.9
2022-07-08 13:00:00,7,8,4,30,60,5.9,20.5
2022-07-08 14:00:00,7,8,4,31,60,1.6,5.1
2022-07-08 15:00:00,7,8,4,31,60,6.0,19.8
2022-07-08 16:00:00,7,8,4,30,51,1.6,4.2
2022-07-09 08:00:00,7,9,5,27,59,2.1,8.4
2022-07-09 09:00:00,7,9,5,30,60,2.3,10.5
2022-07-09 10:00:00,7,9,5,32,60,2.7,11.1
2022-07-09 11:00:00,7,9,5,32,60,3.0,9.6
2022-07-09 12:00:00,7,9,5,32,60,2.5,8.7
2022-07-09 13:00:00,7,9,5,33,60,2.6,8.7
2022-07-09 14:00:00,7,9,5,33,60,3.3,10.9
2022-07-09 15:00:00,7,9,5,31,60,2.8,10.4
2022-07-09 16:00:00,7,9,5,30,60,3.0,10.5
2022-07-09 17:00:00,7,9,5,28,1,0.1,0.2
2022-07-10 07:00:00,7,10,6,26,57,1.2,4.2
2022-07-10 08:00:00,7,10,6,28,60,2.6,12.7
2022-07-10 09:00:00,7,10,6,30,60,3.3,12.3
2022-07-10 10:00:00,7,10,6,31,60,3.1,12.3
2022-07-10 11:00:00,7,10,6,31,60,3.8,13.4
2022-07-10 12:00:00,7,10,6,32,47,1.8,6.2
2022-07-10 13:00:00,7,10,6,33,60,1.5,4.7
2022-07-10 14:00:00,7,10,6,33,60,1.5,4.3
2022-07-10 15:00:00,7,10,6,32,42,1.3,3.3
2022-07-10 16:00:00,7,10,6,31,38,1.2,3.6
2022-07-11 06:00:00,7,11,0,26,23,0.5,1.2
2022-07-11 07:00:00,7,11,0,28,51,1.3,5.0
2022-07-11 08:00:00,7,11,0,31,60,5.4,19.4
2022-07-11 09:00:00,7,11,0,30,60,6.3,21.5
2022-07-11 10:00:00,7,11,0,32,60,1.8,5.0
2022-07-11 11:00:00,7,11,0,34,60,6.4,19.8
2022-07-11 12:00:00,7,11,0,32,60,2.1,5.0
2022-07-11 13:00:00,7,11,0,34,60,6.3,18.9
2022-07-11 14:00:00,7,11,0,34,60,2.2,5.0
2022-07-11 15:00:00,7,11,0,34,60,6.5,18.5
2022-07-11 16:00:00,7,11,0,33,60,2.3,5.9
2022-07-12 06:00:00,7,12,1,26,24,0.5,1.4
2022-07-12 07:00:00,7,12,1,27,53,1.6,6.2
2022-07-12 08:00:00,7,12,1,28,60,5.3,19.8
2022-07-12 09:00:00,7,12,1,28,60,6.4,23.0
2022-07-12 10:00:00,7,12,1,29,60,6.3,22.8
2022-07-12 11:00:00,7,12,1,29,60,6.2,23.1
2022-07-12 12:00:00,7,12,1,29,60,5.9,22.5
2022-07-12 13:00:00,7,12,1,29,60,6.1,22.4
2022-07-12 14:00:00,7,12,1,29,60,6.5,23.9
2022-07-12 15:00:00,7,12,1,29,60,6.5,23.5
2022-07-12 16:00:00,7,12,1,26,60,6.0,23.2
2022-07-13 06:00:00,7,13,2,22,23,0.5,1.1
2022-07-13 07:00:00,7,13,2,23,34,1.1,3.8
2022-07-13 08:00:00,7,13,2,23,60,4.0,19.7
2022-07-13 09:00:00,7,13,2,24,60,5.7,23.7
2022-07-13 10:00:00,7,13,2,24,60,2.1,7.2
2022-07-13 11:00:00,7,13,2,24,60,6.0,23.6
2022-07-13 12:00:00,7,13,2,24,60,1.4,5.8
2022-07-13 13:00:00,7,13,2,24,60,5.1,21.0
2022-07-13 14:00:00,7,13,2,24,60,1.3,5.5
2022-07-13 15:00:00,7,13,2,25,60,3.4,15.3
2022-07-13 16:00:00,7,13,2,27,41,1.4,4.4
2022-07-14 06:00:00,7,14,3,23,20,0.4,1.2
2022-07-14 07:00:00,7,14,3,24,39,1.1,4.2
2022-07-14 08:00:00,7,14,3,25,60,5.4,20.9
2022-07-14 09:00:00,7,14,3,26,60,6.1,24.5
2022-07-14 10:00:00,7,14,3,26,60,6.1,24.4
2022-07-14 11:00:00,7,14,3,27,60,6.3,24.8
2022-07-14 12:00:00,7,14,3,24,60,6.3,25.1
2022-07-14 13:00:00,7,14,3,25,60,6.2,25.6
2022-07-14 14:00:00,7,14,3,24,60,6.1,26.1
2022-07-14 15:00:00,7,14,3,24,60,6.1,25.5
2022-07-14 16:00:00,7,14,3,24,60,6.0,24.8
2022-07-15 06:00:00,7,15,4,24,12,0.3,0.8
2022-07-15 07:00:00,7,15,4,25,34,1.2,3.2
2022-07-15 08:00:00,7,15,4,25,60,3.6,17.9
2022-07-15 09:00:00,7,15,4,22,60,5.2,21.6
2022-07-15 10:00:00,7,15,4,22,60,1.3,4.6
2022-07-15 11:00:00,7,15,4,23,60,4.1,15.0
2022-07-15 12:00:00,7,15,4,24,60,1.3,4.4
2022-07-15 13:00:00,7,15,4,25,60,2.7,11.9
2022-07-15 14:00:00,7,15,4,26,60,1.6,5.1
2022-07-15 15:00:00,7,15,4,24,60,1.9,9.2
2022-07-15 16:00:00,7,15,4,24,60,1.3,4.2
2022-07-16 08:00:00,7,16,5,22,57,2.3,10.2
2022-07-16 10:00:00,7,16,5,23,23,0.7,3.1
2022-07-17 08:00:00,7,17,6,24,32,0.9,4.4
2022-07-17 09:00:00,7,17,6,28,39,1.5,6.4
2022-07-17 10:00:00,7,17,6,30,35,1.2,5.3
2022-07-17 11:00:00,7,17,6,29,27,1.2,4.5
2022-07-17 12:00:00,7,17,6,30,42,2.3,7.4
2022-07-17 13:00:00,7,17,6,31,60,3.1,11.3
2022-07-17 14:00:00,7,17,6,31,35,1.5,5.1
2022-07-17 15:00:00,7,17,6,31,46,2.5,7.7
2022-07-17 16:00:00,7,17,6,30,35,1.5,5.1
2022-07-18 08:00:00,7,18,0,28,59,2.2,9.9
2022-07-18 09:00:00,7,18,0,29,47,2.0,7.3
2022-07-18 10:00:00,7,18,0,30,2,0.3,0.7
2022-07-18 11:00:00,7,18,0,34,59,4.2,15.9
2022-07-18 12:00:00,7,18,0,33,1,0.1,0.2
2022-07-18 13:00:00,7,18,0,34,59,3.6,10.2
2022-07-18 14:00:00,7,18,0,34,2,0.1,0.2
2022-07-18 15:00:00,7,18,0,34,59,3.0,9.7
2022-07-18 16:00:00,7,18,0,33,2,0.1,0.3
2022-07-19 06:00:00,7,19,1,28,24,0.5,1.5
2022-07-19 07:00:00,7,19,1,28,51,1.5,4.9
2022-07-19 08:00:00,7,19,1,29,60,5.7,19.4
2022-07-19 09:00:00,7,19,1,30,60,8.9,27.2
2022-07-19 10:00:00,7,19,1,32,60,6.4,21.3
2022-07-19 11:00:00,7,19,1,31,60,6.8,23.0
2022-07-19 12:00:00,7,19,1,31,60,6.9,23.4
2022-07-19 13:00:00,7,19,1,31,60,9.9,29.5
2022-07-19 14:00:00,7,19,1,30,60,9.2,30.9
2022-07-19 15:00:00,7,19,1,29,60,8.7,29.9
2022-07-19 16:00:00,7,19,1,28,60,6.9,24.7
2022-07-19 17:00:00,7,19,1,27,1,0.1,0.3
2022-07-20 06:00:00,7,20,2,26,19,0.4,1.2
2022-07-20 07:00:00,7,20,2,30,37,1.5,4.4
2022-07-20 08:00:00,7,20,2,32,60,5.8,20.5
2022-07-20 09:00:00,7,20,2,33,60,7.3,23.1
2022-07-20 10:00:00,7,20,2,35,60,2.3,5.4
2022-07-20 11:00:00,7,20,2,35,60,6.2,19.2
2022-07-20 12:00:00,7,20,2,34,60,2.3,6.4
2022-07-20 13:00:00,7,20,2,34,60,8.8,24.7
2022-07-20 14:00:00,7,20,2,34,60,2.5,6.3
2022-07-20 15:00:00,7,20,2,33,60,6.5,20.1
2022-07-20 16:00:00,7,20,2,33,60,2.2,5.5
2022-07-21 06:00:00,7,21,3,26,30,0.6,2.0
2022-07-21 07:00:00,7,21,3,27,60,1.6,5.8
2022-07-21 08:00:00,7,21,3,28,60,4.9,18.3
2022-07-21 09:00:00,7,21,3,32,60,6.6,23.0
2022-07-21 10:00:00,7,21,3,32,60,6.5,21.6
2022-07-21 11:00:00,7,21,3,32,60,6.5,21.4
2022-07-21 12:00:00,7,21,3,32,60,6.6,21.3
2022-07-21 13:00:00,7,21,3,35,60,8.4,24.6
2022-07-21 14:00:00,7,21,3,34,60,6.5,20.5
2022-07-21 15:00:00,7,21,3,32,60,6.3,21.2
2022-07-21 16:00:00,7,21,3,31,60,5.9,21.4
2022-07-21 17:00:00,7,21,3,31,1,0.1,0.3
2022-07-22 06:00:00,7,22,4,27,18,0.4,1.1
2022-07-22 07:00:00,7,22,4,29,33,0.9,3.4
2022-07-22 08:00:00,7,22,4,29,60,5.8,20.8
2022-07-22 09:00:00,7,22,4,27,60,6.4,23.5
2022-07-22 10:00:00,7,22,4,28,60,1.7,6.8
2022-07-22 11:00:00,7,22,4,29,60,6.2,21.7
2022-07-22 12:00:00,7,22,4,33,60,1.8,5.7
2022-07-22 13:00:00,7,22,4,34,60,9.2,25.8
2022-07-22 14:00:00,7,22,4,34,60,2.4,5.9
2022-07-22 15:00:00,7,22,4,33,60,8.9,24.7
2022-07-22 16:00:00,7,22,4,34,54,2.1,5.0
2022-07-23 08:00:00,7,23,5,31,59,2.6,9.8
2022-07-23 09:00:00,7,23,5,33,60,3.5,12.4
2022-07-23 10:00:00,7,23,5,34,60,3.2,11.8
2022-07-23 11:00:00,7,23,5,36,60,3.6,11.3
2022-07-23 12:00:00,7,23,5,36,60,3.6,11.5
2022-07-23 13:00:00,7,23,5,36,60,4.5,12.1
2022-07-23 14:00:00,7,23,5,36,60,5.3,16.5
2022-07-23 15:00:00,7,23,5,35,60,3.4,11.1
2022-07-23 16:00:00,7,23,5,34,60,3.4,11.1
2022-07-23 17:00:00,7,23,5,32,1,0.1,0.2
2022-07-24 08:00:00,7,24,6,30,59,2.7,12.0
2022-07-24 09:00:00,7,24,6,31,60,3.7,13.9
2022-07-24 10:00:00,7,24,6,33,60,3.1,10.7
2022-07-24 11:00:00,7,24,6,34,60,3.2,10.4
2022-07-24 12:00:00,7,24,6,35,60,4.4,13.1
2022-07-24 13:00:00,7,24,6,36,60,3.6,12.0
2022-07-24 14:00:00,7,24,6,34,60,4.7,15.1
2022-07-24 15:00:00,7,24,6,34,60,3.9,11.7
2022-07-24 16:00:00,7,24,6,33,48,2.0,6.3
2022-07-24 17:00:00,7,24,6,32,1,0.1,0.1
2022-07-25 06:00:00,7,25,0,27,26,0.6,1.9
2022-07-25 07:00:00,7,25,0,30,53,1.3,4.7
2022-07-25 08:00:00,7,25,0,32,60,5.6,18.4
2022-07-25 09:00:00,7,25,0,33,60,6.6,20.4
2022-07-25 10:00:00,7,25,0,35,60,2.2,5.2
2022-07-25 11:00:00,7,25,0,35,60,8.1,22.9
2022-07-25 12:00:00,7,25,0,35,60,2.6,5.7
2022-07-25 13:00:00,7,25,0,35,60,9.0,25.1
2022-07-25 14:00:00,7,25,0,34,60,2.3,5.5
2022-07-25 15:00:00,7,25,0,34,60,6.6,18.4
2022-07-25 16:00:00,7,25,0,33,59,2.2,5.5
2022-07-26 06:00:00,7,26,1,25,33,0.7,2.1
2022-07-26 07:00:00,7,26,1,25,46,1.5,4.8
2022-07-26 08:00:00,7,26,1,25,60,5.5,20.8
2022-07-26 09:00:00,7,26,1,25,60,6.3,24.7
2022-07-26 10:00:00,7,26,1,26,60,7.1,26.0
2022-07-26 11:00:00,7,26,1,26,60,9.4,31.7
2022-07-26 12:00:00,7,26,1,25,60,6.2,24.2
2022-07-26 13:00:00,7,26,1,29,60,7.7,27.0
2022-07-26 14:00:00,7,26,1,29,60,6.7,23.5
2022-07-26 15:00:00,7,26,1,30,60,6.5,23.5
2022-07-26 16:00:00,7,26,1,30,60,6.4,23.7
2022-07-27 06:00:00,7,27,2,28,27,0.6,1.7
2022-07-27 07:00:00,7,27,2,30,35,1.2,3.7
2022-07-27 08:00:00,7,27,2,32,60,6.0,20.9
2022-07-27 09:00:00,7,27,2,33,60,6.3,21.7
2022-07-27 10:00:00,7,27,2,33,60,2.3,6.0
2022-07-27 11:00:00,7,27,2,34,60,9.9,28.2
2022-07-27 12:00:00,7,27,2,34,60,2.4,6.3
2022-07-27 13:00:00,7,27,2,35,60,7.8,22.9
2022-07-27 14:00:00,7,27,2,34,60,2.4,6.0
2022-07-27 15:00:00,7,27,2,33,60,8.5,24.6
2022-07-27 16:00:00,7,27,2,33,60,2.2,5.3
2022-07-28 07:00:00,7,28,3,29,50,1.7,5.9
2022-07-28 08:00:00,7,28,3,32,60,6.0,20.3
2022-07-28 09:00:00,7,28,3,31,60,6.6,22.5
2022-07-28 10:00:00,7,28,3,32,60,6.6,21.9
2022-07-28 11:00:00,7,28,3,35,60,9.8,27.6
2022-07-28 12:00:00,7,28,3,35,60,9.4,28.7
2022-07-28 13:00:00,7,28,3,36,60,9.5,29.0
2022-07-28 14:00:00,7,28,3,35,60,9.5,28.4
2022-07-28 15:00:00,7,28,3,36,60,9.6,28.5
2022-07-28 16:00:00,7,28,3,34,60,6.3,20.4
2022-07-29 06:00:00,7,29,4,26,18,0.4,1.0
2022-07-29 07:00:00,7,29,4,29,39,1.0,3.6
2022-07-29 08:00:00,7,29,4,30,60,5.4,19.6
2022-07-29 09:00:00,7,29,4,30,60,6.3,22.2
2022-07-29 10:00:00,7,29,4,35,60,2.5,6.7
2022-07-29 11:00:00,7,29,4,37,60,10.1,26.7
2022-07-29 12:00:00,7,29,4,37,60,2.4,5.4
2022-07-29 13:00:00,7,29,4,37,60,8.8,24.5
2022-07-29 14:00:00,7,29,4,36,60,2.6,6.1
2022-07-29 15:00:00,7,29,4,35,60,8.5,22.2
2022-07-29 16:00:00,7,29,4,35,60,2.3,5.6
2022-07-30 06:00:00,7,30,5,28,21,0.5,1.2
2022-07-30 07:00:00,7,30,5,30,13,0.8,1.3
2022-07-30 08:00:00,7,30,5,31,60,2.8,9.5
2022-07-30 09:00:00,7,30,5,32,60,3.3,11.8
2022-07-30 10:00:00,7,30,5,35,60,4.7,13.6
2022-07-30 11:00:00,7,30,5,37,60,3.7,11.8
2022-07-30 12:00:00,7,30,5,36,60,4.4,12.5
2022-07-30 13:00:00,7,30,5,36,60,4.5,12.5
2022-07-30 14:00:00,7,30,5,36,60,3.9,12.3
2022-07-30 15:00:00,7,30,5,36,60,4.2,11.6
2022-07-30 16:00:00,7,30,5,34,60,2.9,8.5
2022-07-31 08:00:00,7,31,6,33,60,2.7,9.5
2022-07-31 09:00:00,7,31,6,35,60,3.8,11.7
2022-07-31 10:00:00,7,31,6,36,60,4.8,14.8
2022-07-31 11:00:00,7,31,6,36,60,4.3,14.0
2022-07-31 12:00:00,7,31,6,38,60,5.2,15.4
2022-07-31 13:00:00,7,31,6,37,60,5.4,15.8
2022-07-31 14:00:00,7,31,6,37,60,5.8,15.9
2022-07-31 15:00:00,7,31,6,36,60,4.6,13.7
2022-07-31 16:00:00,7,31,6,35,60,3.1,9.2
2022-08-01 06:00:00,8,1,0,29,32,0.7,1.7
2022-08-01 07:00:00,8,1,0,31,13,0.3,0.5
2022-08-01 08:00:00,8,1,0,33,59,5.7,18.2
2022-08-01 09:00:00,8,1,0,34,60,6.7,21.4
2022-08-01 10:00:00,8,1,0,36,60,2.4,5.5
2022-08-01 11:00:00,8,1,0,37,60,9.1,24.0
2022-08-01 12:00:00,8,1,0,37,60,3.1,6.7
2022-08-01 13:00:00,8,1,0,38,60,8.9,23.4
2022-08-01 14:00:00,8,1,0,37,60,2.7,5.9
2022-08-01 15:00:00,8,1,0,37,60,8.9,23.5
2022-08-01 16:00:00,8,1,0,36,60,2.9,5.8
2022-08-01 17:00:00,8,1,0,34,55,2.1,4.4
2022-08-01 18:00:00,8,1,0,33,60,2.2,4.9
2022-08-01 19:00:00,8,1,0,32,47,1.5,3.1
2022-08-01 20:00:00,8,1,0,31,55,1.4,3.3
2022-08-01 21:00:00,8,1,0,31,36,0.9,2.3
2022-08-02 06:00:00,8,2,1,30,29,0.7,1.6
2022-08-02 07:00:00,8,2,1,32,45,2.1,4.9
2022-08-02 08:00:00,8,2,1,34,60,6.9,19.8
2022-08-02 09:00:00,8,2,1,36,60,9.5,27.3
2022-08-02 10:00:00,8,2,1,38,60,10.5,28.1
2022-08-02 11:00:00,8,2,1,39,60,11.6,28.5
2022-08-02 12:00:00,8,2,1,40,60,10.3,26.9
2022-08-02 13:00:00,8,2,1,40,60,11.0,27.7
2022-08-02 14:00:00,8,2,1,39,60,10.9,27.5
2022-08-02 15:00:00,8,2,1,39,60,10.3,26.8
2022-08-02 16:00:00,8,2,1,38,60,11.4,27.4
2022-08-02 17:00:00,8,2,1,37,2,0.2,0.5
2022-08-03 06:00:00,8,3,2,30,33,0.8,2.2
2022-08-03 07:00:00,8,3,2,32,39,1.5,4.4
2022-08-03 08:00:00,8,3,2,33,60,5.9,19.9
2022-08-03 09:00:00,8,3,2,34,60,9.5,27.5
2022-08-03 10:00:00,8,3,2,37,60,3.7,8.2
2022-08-03 11:00:00,8,3,2,39,60,12.1,30.0
2022-08-03 12:00:00,8,3,2,38,60,3.3,7.8
2022-08-03 13:00:00,8,3,2,39,57,10.4,26.3
2022-08-03 14:00:00,8,3,2,36,60,3.1,8.0
2022-08-03 15:00:00,8,3,2,37,60,9.7,25.9
2022-08-03 16:00:00,8,3,2,36,60,3.2,7.2
2022-08-03 17:00:00,8,3,2,35,57,2.4,5.1
2022-08-03 18:00:00,8,3,2,35,60,2.4,5.0
2022-08-03 19:00:00,8,3,2,34,60,2.3,4.8
2022-08-03 20:00:00,8,3,2,34,60,2.7,5.8
2022-08-03 21:00:00,8,3,2,33,36,1.4,3.0
2022-08-04 06:00:00,8,4,3,25,34,0.7,2.1
2022-08-04 07:00:00,8,4,3,25,41,1.1,4.0
2022-08-04 08:00:00,8,4,3,25,60,5.6,21.2
2022-08-04 09:00:00,8,4,3,26,60,9.1,31.6
2022-08-04 10:00:00,8,4,3,27,60,9.5,32.4
2022-08-04 11:00:00,8,4,3,27,60,10.8,33.2
2022-08-04 12:00:00,8,4,3,27,60,9.6,32.5
2022-08-04 13:00:00,8,4,3,28,60,10.6,32.4
2022-08-04 14:00:00,8,4,3,28,60,10.8,32.7
2022-08-04 15:00:00,8,4,3,26,60,9.0,30.0
2022-08-04 16:00:00,8,4,3,23,60,10.3,31.2
2022-08-04 17:00:00,8,4,3,23,1,0.1,0.5
2022-08-05 06:00:00,8,5,4,22,19,0.4,1.2
2022-08-05 07:00:00,8,5,4,23,53,1.2,4.5
2022-08-05 08:00:00,8,5,4,23,60,4.1,18.2
2022-08-05 09:00:00,8,5,4,25,60,5.8,23.3
2022-08-05 10:00:00,8,5,4,26,60,1.5,5.4
2022-08-05 11:00:00,8,5,4,26,60,5.6,21.6
2022-08-05 12:00:00,8,5,4,28,60,1.4,4.6
2022-08-05 13:00:00,8,5,4,30,60,6.3,21.5
2022-08-05 14:00:00,8,5,4,28,60,1.3,4.8
2022-08-05 15:00:00,8,5,4,26,60,5.4,20.2
2022-08-05 16:00:00,8,5,4,26,47,1.1,4.1
2022-08-06 08:00:00,8,6,5,25,59,1.6,8.2
2022-08-06 09:00:00,8,6,5,26,60,2.3,11.0
2022-08-06 10:00:00,8,6,5,27,60,2.3,9.9
2022-08-06 11:00:00,8,6,5,27,51,1.6,6.9
2022-08-06 12:00:00,8,6,5,29,60,1.8,7.9
2022-08-06 13:00:00,8,6,5,30,60,2.4,8.6
2022-08-06 14:00:00,8,6,5,31,60,1.9,7.8
2022-08-06 15:00:00,8,6,5,30,60,1.8,7.7
2022-08-06 16:00:00,8,6,5,28,47,2.5,7.9
2022-08-07 08:00:00,8,7,6,28,59,1.9,8.9
2022-08-07 09:00:00,8,7,6,28,60,1.9,8.6
2022-08-07 10:00:00,8,7,6,29,60,2.3,9.5
2022-08-07 11:00:00,8,7,6,31,60,2.1,9.3
2022-08-07 12:00:00,8,7,6,32,60,2.5,9.7
2022-08-07 13:00:00,8,7,6,34,60,3.1,9.5
2022-08-07 14:00:00,8,7,6,32,60,2.6,8.7
2022-08-07 15:00:00,8,7,6,32,60,2.9,9.0
2022-08-07 16:00:00,8,7,6,31,60,2.7,9.2
2022-08-07 17:00:00,8,7,6,31,1,0.1,0.2
2022-08-08 06:00:00,8,8,0,27,30,0.7,1.6
2022-08-08 07:00:00,8,8,0,30,17,0.5,0.9
2022-08-08 08:00:00,8,8,0,31,60,5.6,18.4
2022-08-08 09:00:00,8,8,0,33,60,6.2,21.4
2022-08-08 10:00:00,8,8,0,34,60,2.2,5.0
2022-08-08 11:00:00,8,8,0,35,60,9.3,24.8
2022-08-08 12:00:00,8,8,0,36,60,2.4,5.4
2022-08-08 13:00:00,8,8,0,35,60,8.9,22.6
2022-08-08 14:00:00,8,8,0,35,60,2.4,5.2
2022-08-08 15:00:00,8,8,0,35,60,7.4,20.6
2022-08-08 16:00:00,8,8,0,34,60,2.3,4.9
2022-08-08 17:00:00,8,8,0,32,1,0.1,0.1
2022-08-09 06:00:00,8,9,1,29,29,0.7,1.9
2022-08-09 07:00:00,8,9,1,31,55,2.1,5.4
2022-08-09 08:00:00,8,9,1,33,60,6.4,19.7
2022-08-09 09:00:00,8,9,1,34,60,6.6,21.0
2022-08-09 10:00:00,8,9,1,36,60,10.9,29.0
2022-08-09 11:00:00,8,9,1,36,60,10.8,28.9
2022-08-09 12:00:00,8,9,1,37,60,10.5,29.1
2022-08-09 13:00:00,8,9,1,37,60,11.5,28.9
2022-08-09 14:00:00,8,9,1,37,60,10.4,29.1
2022-08-09 15:00:00,8,9,1,36,60,11.0,26.7
2022-08-09 16:00:00,8,9,1,35,60,10.3,26.4
2022-08-09 17:00:00,8,9,1,34,1,0.1,0.0
2022-08-10 06:00:00,8,10,2,29,32,0.7,1.8
2022-08-10 07:00:00,8,10,2,32,53,1.9,5.2
2022-08-10 08:00:00,8,10,2,34,60,5.6,19.1
2022-08-10 09:00:00,8,10,2,35,60,9.0,28.6
2022-08-10 10:00:00,8,10,2,35,60,3.8,8.3
2022-08-10 11:00:00,8,10,2,37,60,8.6,25.3
2022-08-10 12:00:00,8,10,2,36,60,3.1,7.1
2022-08-10 13:00:00,8,10,2,37,60,10.8,29.0
2022-08-10 14:00:00,8,10,2,35,60,2.7,7.0
2022-08-10 15:00:00,8,10,2,35,60,10.1,27.9
2022-08-10 16:00:00,8,10,2,34,55,2.7,6.4
2022-08-11 00:00:00,8,11,3,28,18,0.6,1.8
2022-08-11 01:00:00,8,11,3,28,40,1.0,3.2
2022-08-11 03:00:00,8,11,3,28,26,0.7,2.0
2022-08-11 04:00:00,8,11,3,27,18,0.4,1.4
2022-08-11 05:00:00,8,11,3,27,20,0.4,1.3
2022-08-11 06:00:00,8,11,3,29,48,1.1,2.9
2022-08-11 07:00:00,8,11,3,31,59,1.4,3.5
2022-08-11 08:00:00,8,11,3,32,58,3.5,11.0
2022-08-11 09:00:00,8,11,3,34,60,8.9,25.1
2022-08-11 10:00:00,8,11,3,35,60,9.7,25.9
2022-08-11 11:00:00,8,11,3,36,60,9.6,25.5
2022-08-11 12:00:00,8,11,3,36,60,9.5,25.6
2022-08-11 13:00:00,8,11,3,36,60,9.6,25.5
2022-08-11 14:00:00,8,11,3,35,60,9.4,25.7
2022-08-11 15:00:00,8,11,3,33,60,9.3,25.8
2022-08-11 16:00:00,8,11,3,32,60,9.4,24.6
2022-08-11 17:00:00,8,11,3,31,1,0.1,0.4
2022-08-12 06:00:00,8,12,4,28,25,0.5,1.5
2022-08-12 07:00:00,8,12,4,28,49,1.6,4.8
2022-08-12 08:00:00,8,12,4,29,60,5.6,20.3
2022-08-12 09:00:00,8,12,4,32,60,9.1,30.5
2022-08-12 10:00:00,8,12,4,32,60,2.2,6.5
2022-08-12 11:00:00,8,12,4,33,60,9.4,28.5
2022-08-12 12:00:00,8,12,4,34,60,2.3,5.7
2022-08-12 13:00:00,8,12,4,34,60,8.3,25.4
2022-08-12 14:00:00,8,12,4,32,60,2.3,5.9
2022-08-12 15:00:00,8,12,4,31,60,9.7,27.5
2022-08-12 16:00:00,8,12,4,31,57,1.7,5.4
2022-08-13 08:00:00,8,13,5,29,59,2.4,10.7
2022-08-13 09:00:00,8,13,5,28,60,4.1,15.1
2022-08-13 10:00:00,8,13,5,25,60,2.9,12.4
2022-08-13 11:00:00,8,13,5,23,60,2.7,10.8
2022-08-13 12:00:00,8,13,5,24,60,2.2,10.6
2022-08-13 13:00:00,8,13,5,24,46,1.6,7.3
2022-08-13 14:00:00,8,13,5,24,22,0.7,2.9
2022-08-13 15:00:00,8,13,5,24,7,0.2,0.6
2022-08-13 16:00:00,8,13,5,25,40,1.8,6.5
2022-08-14 08:00:00,8,14,6,28,59,2.1,9.6
2022-08-14 09:00:00,8,14,6,30,60,2.2,9.7
2022-08-14 10:00:00,8,14,6,32,60,2.6,9.7
2022-08-14 11:00:00,8,14,6,32,60,2.7,9.4
2022-08-14 12:00:00,8,14,6,34,60,3.2,9.6
2022-08-14 13:00:00,8,14,6,34,60,3.1,9.9
2022-08-14 14:00:00,8,14,6,34,60,3.0,9.2
2022-08-14 15:00:00,8,14,6,35,60,3.4,9.7
2022-08-14 16:00:00,8,14,6,35,60,2.8,8.6
2022-08-14 17:00:00,8,14,6,33,1,0.1,0.1
2022-08-15 06:00:00,8,15,0,28,31,0.7,1.9
2022-08-15 07:00:00,8,15,0,28,27,0.7,2.3
2022-08-15 08:00:00,8,15,0,30,60,6.0,20.8
2022-08-15 09:00:00,8,15,0,31,60,6.4,23.6
2022-08-15 10:00:00,8,15,0,32,60,2.6,6.5
2022-08-15 11:00:00,8,15,0,35,60,6.3,20.6
2022-08-15 12:00:00,8,15,0,34,60,2.2,5.1
2022-08-15 13:00:00,8,15,0,35,60,8.4,25.0
2022-08-15 14:00:00,8,15,0,34,60,3.0,6.5
2022-08-15 15:00:00,8,15,0,34,60,6.7,19.3
2022-08-15 16:00:00,8,15,0,34,58,2.2,4.5
2022-08-16 06:00:00,8,16,1,29,29,0.6,1.7
2022-08-16 07:00:00,8,16,1,30,54,2.0,5.6
2022-08-16 08:00:00,8,16,1,33,60,5.9,20.7
2022-08-16 09:00:00,8,16,1,34,60,6.3,21.3
2022-08-16 10:00:00,8,16,1,34,60,9.2,29.5
2022-08-16 11:00:00,8,16,1,37,60,10.8,28.7
2022-08-16 12:00:00,8,16,1,39,60,10.6,27.3
2022-08-16 13:00:00,8,16,1,38,60,11.5,28.4
2022-08-16 14:00:00,8,16,1,37,60,10.6,28.0
2022-08-16 15:00:00,8,16,1,35,60,11.3,27.9
2022-08-16 16:00:00,8,16,1,35,60,10.3,26.5
2022-08-16 17:00:00,8,16,1,34,1,0.1,0.0
2022-08-17 06:00:00,8,17,2,29,29,0.7,1.8
2022-08-17 07:00:00,8,17,2,29,46,1.5,4.3
2022-08-17 08:00:00,8,17,2,30,60,5.9,20.4
2022-08-17 09:00:00,8,17,2,28,60,6.5,23.3
2022-08-17 10:00:00,8,17,2,27,60,2.2,6.9
2022-08-17 11:00:00,8,17,2,31,60,6.5,22.0
2022-08-17 12:00:00,8,17,2,31,60,2.2,6.4
2022-08-17 13:00:00,8,17,2,32,60,8.1,24.2
2022-08-17 14:00:00,8,17,2,31,60,2.2,6.2
2022-08-17 15:00:00,8,17,2,31,60,6.7,22.1
2022-08-17 16:00:00,8,17,2,29,60,2.3,6.8
2022-08-17 20:00:00,8,17,2,27,20,0.5,1.7
2022-08-17 21:00:00,8,17,2,27,45,1.0,2.8
2022-08-17 22:00:00,8,17,2,26,25,0.5,1.2
2022-08-17 23:00:00,8,17,2,25,30,0.7,1.7
2022-08-18 00:00:00,8,18,3,24,59,1.3,3.9
2022-08-18 01:00:00,8,18,3,24,60,1.3,3.9
2022-08-18 02:00:00,8,18,3,24,60,1.3,3.8
2022-08-18 03:00:00,8,18,3,24,60,1.7,4.7
2022-08-18 04:00:00,8,18,3,24,60,1.3,4.1
2022-08-18 05:00:00,8,18,3,24,60,1.3,3.7
2022-08-18 06:00:00,8,18,3,24,35,0.8,3.3
2022-08-18 07:00:00,8,18,3,24,54,1.1,3.9
2022-08-18 08:00:00,8,18,3,23,60,5.2,20.3
2022-08-18 09:00:00,8,18,3,26,60,6.3,25.8
2022-08-18 10:00:00,8,18,3,26,60,6.3,25.0
2022-08-18 11:00:00,8,18,3,26,60,6.2,23.7
2022-08-18 12:00:00,8,18,3,28,60,6.6,25.0
2022-08-18 13:00:00,8,18,3,30,60,6.5,23.4
2022-08-18 14:00:00,8,18,3,30,60,9.4,30.6
2022-08-18 15:00:00,8,18,3,32,60,9.6,31.1
2022-08-18 16:00:00,8,18,3,31,60,6.4,22.3
2022-08-19 06:00:00,8,19,4,25,20,0.4,1.0
2022-08-19 07:00:00,8,19,4,28,49,1.1,3.1
2022-08-19 08:00:00,8,19,4,29,60,3.6,16.1
2022-08-19 09:00:00,8,19,4,31,60,5.5,19.3
2022-08-19 10:00:00,8,19,4,32,60,1.5,4.5
2022-08-19 11:00:00,8,19,4,34,60,5.5,18.1
2022-08-19 12:00:00,8,19,4,33,60,1.7,4.8
2022-08-19 13:00:00,8,19,4,33,60,6.1,19.0
2022-08-19 14:00:00,8,19,4,35,60,2.0,4.7
2022-08-19 15:00:00,8,19,4,33,60,6.0,17.8
2022-08-19 16:00:00,8,19,4,31,60,1.9,4.3
2022-08-20 08:00:00,8,20,5,30,59,2.2,8.9
2022-08-20 09:00:00,8,20,5,30,60,2.6,11.8
2022-08-20 10:00:00,8,20,5,31,60,3.4,12.5
2022-08-20 11:00:00,8,20,5,33,60,3.1,11.4
2022-08-20 12:00:00,8,20,5,31,60,2.7,8.9
2022-08-20 13:00:00,8,20,5,31,17,0.7,2.3
2022-08-20 14:00:00,8,20,5,31,60,2.6,7.8
2022-08-20 15:00:00,8,20,5,29,59,2.2,7.7
2022-08-20 16:00:00,8,20,5,29,5,0.1,0.3
2022-08-21 08:00:00,8,21,6,26,59,2.0,10.1
2022-08-21 09:00:00,8,21,6,27,60,2.3,9.5
2022-08-21 10:00:00,8,21,6,27,60,2.0,9.3
2022-08-21 11:00:00,8,21,6,28,60,1.9,8.7
2022-08-21 12:00:00,8,21,6,28,60,2.4,9.2
2022-08-21 13:00:00,8,21,6,29,60,2.0,8.7
2022-08-21 14:00:00,8,21,6,29,60,2.3,9.2
2022-08-21 15:00:00,8,21,6,29,60,2.2,9.1
2022-08-21 16:00:00,8,21,6,29,60,2.2,9.4
2022-08-22 06:00:00,8,22,0,24,27,0.6,1.9
2022-08-22 07:00:00,8,22,0,24,19,0.4,1.2
2022-08-22 08:00:00,8,22,0,24,60,4.7,18.3
2022-08-22 09:00:00,8,22,0,25,60,5.6,22.2
2022-08-22 10:00:00,8,22,0,26,60,1.4,4.7
2022-08-22 11:00:00,8,22,0,28,60,5.4,20.6
2022-08-22 12:00:00,8,22,0,29,60,1.4,4.7
2022-08-22 13:00:00,8,22,0,29,60,5.8,20.9
2022-08-22 14:00:00,8,22,0,31,60,1.5,4.8
2022-08-22 15:00:00,8,22,0,30,60,5.6,20.1
2022-08-22 16:00:00,8,22,0,30,60,1.4,4.0
2022-08-23 06:00:00,8,23,1,26,24,0.5,1.4
2022-08-23 07:00:00,8,23,1,27,52,1.4,4.9
2022-08-23 08:00:00,8,23,1,29,60,5.2,19.6
2022-08-23 09:00:00,8,23,1,31,60,6.2,22.4
2022-08-23 10:00:00,8,23,1,33,60,6.5,22.3
2022-08-23 11:00:00,8,23,1,32,60,6.5,21.9
2022-08-23 12:00:00,8,23,1,34,60,6.8,21.8
2022-08-23 13:00:00,8,23,1,35,60,6.6,21.2
2022-08-23 14:00:00,8,23,1,35,60,10.1,27.6
2022-08-23 15:00:00,8,23,1,35,60,10.6,29.9
2022-08-23 16:00:00,8,23,1,34,60,10.9,32.3
2022-08-23 17:00:00,8,23,1,33,1,0.1,0.1
2022-08-24 06:00:00,8,24,2,28,27,0.6,1.6
2022-08-24 07:00:00,8,24,2,30,60,1.6,5.6
2022-08-24 08:00:00,8,24,2,31,60,6.1,21.4
2022-08-24 09:00:00,8,24,2,32,60,6.4,22.4
2022-08-24 10:00:00,8,24,2,33,60,2.6,8.1
2022-08-24 11:00:00,8,24,2,32,60,9.4,27.5
2022-08-24 12:00:00,8,24,2,26,60,2.4,8.1
2022-08-24 13:00:00,8,24,2,31,60,6.6,22.2
2022-08-24 14:00:00,8,24,2,31,60,2.3,7.0
2022-08-24 15:00:00,8,24,2,31,60,8.1,24.7
2022-08-24 16:00:00,8,24,2,29,60,2.6,6.8
2022-08-24 17:00:00,8,24,2,28,2,0.1,0.3
2022-08-25 06:00:00,8,25,3,24,26,0.5,1.6
2022-08-25 07:00:00,8,25,3,25,57,1.3,4.7
2022-08-25 08:00:00,8,25,3,25,60,4.5,17.7
2022-08-25 09:00:00,8,25,3,26,60,5.6,22.2
2022-08-25 10:00:00,8,25,3,27,60,4.8,20.3
2022-08-25 11:00:00,8,25,3,28,60,5.6,21.3
2022-08-25 12:00:00,8,25,3,29,60,5.7,21.0
2022-08-25 13:00:00,8,25,3,30,60,5.9,20.8
2022-08-25 14:00:00,8,25,3,29,60,6.1,21.7
2022-08-25 15:00:00,8,25,3,29,60,6.1,21.9
2022-08-25 16:00:00,8,25,3,29,60,5.7,20.4
2022-08-25 17:00:00,8,25,3,28,1,0.1,0.3
2022-08-26 06:00:00,8,26,4,25,18,0.3,1.0
2022-08-26 07:00:00,8,26,4,26,11,0.2,0.6
2022-08-26 08:00:00,8,26,4,26,59,4.3,16.4
2022-08-26 09:00:00,8,26,4,27,60,5.9,22.8
2022-08-26 10:00:00,8,26,4,28,60,1.4,4.7
2022-08-26 11:00:00,8,26,4,30,60,6.1,21.9
2022-08-26 12:00:00,8,26,4,31,60,1.6,4.9
2022-08-26 13:00:00,8,26,4,30,60,6.2,21.4
2022-08-26 14:00:00,8,26,4,30,60,1.5,4.7
2022-08-26 15:00:00,8,26,4,30,60,6.1,20.8
2022-08-26 16:00:00,8,26,4,29,60,1.5,4.7
2022-08-27 08:00:00,8,27,5,30,59,2.9,10.5
2022-08-27 09:00:00,8,27,5,32,60,3.3,13.1
2022-08-27 10:00:00,8,27,5,34,60,3.8,12.1
2022-08-27 11:00:00,8,27,5,35,60,2.5,6.5
2022-08-27 12:00:00,8,27,5,36,40,1.9,5.4
2022-08-27 13:00:00,8,27,5,33,60,3.7,10.0
2022-08-27 14:00:00,8,27,5,34,60,3.4,10.5
2022-08-27 15:00:00,8,27,5,33,60,4.5,13.4
2022-08-27 16:00:00,8,27,5,33,47,2.0,6.4
2022-08-28 08:00:00,8,28,6,23,59,1.9,10.3
2022-08-28 09:00:00,8,28,6,23,60,2.4,10.8
2022-08-28 10:00:00,8,28,6,22,60,1.9,9.9
2022-08-28 11:00:00,8,28,6,23,60,1.9,9.5
2022-08-28 12:00:00,8,28,6,23,60,2.2,10.4
2022-08-28 13:00:00,8,28,6,23,60,2.0,10.1
2022-08-28 14:00:00,8,28,6,23,60,2.4,10.3
2022-08-28 15:00:00,8,28,6,23,60,2.5,13.0
2022-08-28 16:00:00,8,28,6,24,60,2.1,10.3
2022-08-28 17:00:00,8,28,6,24,52,1.5,3.9
2022-08-28 18:00:00,8,28,6,23,55,1.2,3.5
2022-08-28 19:00:00,8,28,6,23,46,1.0,2.7
2022-08-28 20:00:00,8,28,6,22,41,0.9,2.5
2022-08-28 21:00:00,8,28,6,22,38,0.8,2.0
2022-08-29 06:00:00,8,29,0,22,28,0.6,1.7
2022-08-29 07:00:00,8,29,0,24,6,0.1,0.2
2022-08-29 08:00:00,8,29,0,25,59,3.7,14.8
2022-08-29 09:00:00,8,29,0,26,60,3.4,16.4
2022-08-29 10:00:00,8,29,0,28,60,1.4,4.7
2022-08-29 11:00:00,8,29,0,27,60,4.5,18.1
2022-08-29 12:00:00,8,29,0,28,57,1.3,4.4
2022-08-29 13:00:00,8,29,0,27,59,4.4,16.7
2022-08-29 14:00:00,8,29,0,28,54,1.2,3.7
2022-08-29 15:00:00,8,29,0,26,59,4.3,16.4
2022-08-29 16:00:00,8,29,0,26,28,0.6,1.3
2022-08-29 17:00:00,8,29,0,26,25,0.5,1.3
2022-08-29 18:00:00,8,29,0,26,35,0.7,1.9
2022-08-30 06:00:00,8,30,1,21,12,0.3,0.9
2022-08-30 07:00:00,8,30,1,22,42,0.8,2.6
2022-08-30 08:00:00,8,30,1,23,60,3.8,17.6
2022-08-30 09:00:00,8,30,1,24,60,5.0,22.4
2022-08-30 10:00:00,8,30,1,25,60,5.1,21.9
2022-08-30 11:00:00,8,30,1,27,60,5.8,23.0
2022-08-30 12:00:00,8,30,1,27,60,5.7,22.6
2022-08-30 13:00:00,8,30,1,27,60,6.0,23.3
2022-08-30 14:00:00,8,30,1,27,60,6.5,24.3
2022-08-30 15:00:00,8,30,1,26,60,6.2,23.9
2022-08-30 16:00:00,8,30,1,25,60,6.2,24.5
2022-08-31 06:00:00,8,31,2,23,22,0.4,1.3
2022-08-31 07:00:00,8,31,2,24,52,1.0,3.9
2022-08-31 08:00:00,8,31,2,26,60,4.7,19.6
2022-08-31 09:00:00,8,31,2,29,60,5.8,22.0
2022-08-31 10:00:00,8,31,2,31,60,1.6,5.4
2022-08-31 11:00:00,8,31,2,32,60,6.9,22.1
2022-08-31 12:00:00,8,31,2,33,60,1.9,5.1
2022-08-31 13:00:00,8,31,2,32,60,7.1,22.4
2022-08-31 14:00:00,8,31,2,34,60,1.9,5.5
2022-08-31 15:00:00,8,31,2,33,60,5.7,18.8
2022-08-31 16:00:00,8,31,2,32,60,1.9,4.7
2022-08-31 17:00:00,8,31,2,31,1,0.1,0.1
2022-09-01 06:00:00,9,1,3,27,23,0.5,1.3
2022-09-01 07:00:00,9,1,3,27,46,1.2,4.3
2022-09-01 08:00:00,9,1,3,28,60,5.2,20.7
2022-09-01 09:00:00,9,1,3,28,60,6.7,25.7
2022-09-01 10:00:00,9,1,3,30,60,8.2,28.0
2022-09-01 11:00:00,9,1,3,33,60,10.8,30.7
2022-09-01 12:00:00,9,1,3,35,60,10.2,30.1
2022-09-01 13:00:00,9,1,3,34,60,8.8,27.1
2022-09-01 14:00:00,9,1,3,33,60,7.4,23.3
2022-09-01 15:00:00,9,1,3,33,60,6.8,22.8
2022-09-01 16:00:00,9,1,3,31,60,6.5,22.6
2022-09-02 06:00:00,9,2,4,25,15,0.3,0.9
2022-09-02 07:00:00,9,2,4,26,40,0.9,3.7
2022-09-02 08:00:00,9,2,4,24,60,4.9,20.5
2022-09-02 09:00:00,9,2,4,23,60,5.2,21.6
2022-09-02 10:00:00,9,2,4,24,60,1.2,5.4
2022-09-02 11:00:00,9,2,4,24,60,5.0,20.9
2022-09-02 12:00:00,9,2,4,23,60,1.2,4.9
2022-09-02 13:00:00,9,2,4,23,60,4.8,21.0
2022-09-02 14:00:00,9,2,4,23,60,1.3,4.1
2022-09-02 15:00:00,9,2,4,22,60,4.1,19.6
2022-09-02 16:00:00,9,2,4,23,60,1.6,5.5
2022-09-02 17:00:00,9,2,4,23,49,1.0,2.8
2022-09-02 18:00:00,9,2,4,23,25,0.5,1.5
2022-09-02 19:00:00,9,2,4,23,17,0.4,0.8
2022-09-03 08:00:00,9,3,5,24,60,1.8,9.0
2022-09-03 09:00:00,9,3,5,26,60,2.2,9.2
2022-09-03 10:00:00,9,3,5,26,60,1.8,9.2
2022-09-03 11:00:00,9,3,5,27,60,1.9,9.3
2022-09-03 12:00:00,9,3,5,27,60,2.3,9.7
2022-09-03 13:00:00,9,3,5,29,60,1.9,9.4
2022-09-03 14:00:00,9,3,5,30,60,1.9,9.0
2022-09-03 15:00:00,9,3,5,29,60,2.3,9.0
2022-09-03 16:00:00,9,3,5,28,60,1.8,8.4
2022-09-04 08:00:00,9,4,6,27,60,1.8,9.5
2022-09-04 09:00:00,9,4,6,29,60,2.1,8.7
2022-09-04 10:00:00,9,4,6,29,60,1.9,8.8
2022-09-04 11:00:00,9,4,6,29,60,1.8,7.9
2022-09-04 12:00:00,9,4,6,30,60,2.1,7.7
2022-09-04 13:00:00,9,4,6,32,60,1.9,8.3
2022-09-04 14:00:00,9,4,6,32,60,1.9,7.8
2022-09-04 15:00:00,9,4,6,32,60,1.9,7.3
2022-09-04 16:00:00,9,4,6,30,60,2.2,8.4
2022-09-05 06:00:00,9,5,0,24,24,0.5,1.7
2022-09-05 07:00:00,9,5,0,28,53,1.1,4.1
2022-09-05 08:00:00,9,5,0,27,60,4.7,18.1
2022-09-05 09:00:00,9,5,0,29,60,6.0,23.0
2022-09-05 10:00:00,9,5,0,31,60,1.4,5.3
2022-09-05 11:00:00,9,5,0,30,60,5.6,20.1
2022-09-05 12:00:00,9,5,0,31,60,1.5,5.0
2022-09-05 13:00:00,9,5,0,31,60,5.9,21.0
2022-09-05 14:00:00,9,5,0,32,60,1.8,5.2
2022-09-05 15:00:00,9,5,0,32,60,5.3,18.6
2022-09-05 16:00:00,9,5,0,31,60,1.6,5.2
2022-09-06 06:00:00,9,6,1,24,21,0.4,1.2
2022-09-06 07:00:00,9,6,1,26,42,1.1,3.9
2022-09-06 08:00:00,9,6,1,27,60,5.1,19.5
2022-09-06 09:00:00,9,6,1,30,60,6.6,23.4
2022-09-06 10:00:00,9,6,1,32,60,6.8,23.0
2022-09-06 11:00:00,9,6,1,31,60,6.5,22.1
2022-09-06 12:00:00,9,6,1,34,60,6.8,22.8
2022-09-06 13:00:00,9,6,1,34,60,6.8,22.6
2022-09-06 14:00:00,9,6,1,33,60,6.7,23.7
2022-09-06 15:00:00,9,6,1,32,60,6.8,22.8
2022-09-06 16:00:00,9,6,1,32,60,6.9,23.5
2022-09-06 17:00:00,9,6,1,30,56,1.3,3.6
2022-09-06 18:00:00,9,6,1,29,60,1.3,3.7
2022-09-06 19:00:00,9,6,1,29,43,0.9,2.6
2022-09-07 06:00:00,9,7,2,27,22,0.5,1.5
2022-09-07 07:00:00,9,7,2,29,41,1.4,3.6
2022-09-07 08:00:00,9,7,2,29,60,3.9,17.7
2022-09-07 09:00:00,9,7,2,30,60,5.9,21.7
2022-09-07 10:00:00,9,7,2,30,60,1.7,6.1
2022-09-07 11:00:00,9,7,2,30,60,5.9,22.1
2022-09-07 12:00:00,9,7,2,30,60,2.2,7.1
2022-09-07 13:00:00,9,7,2,28,60,5.7,21.0
2022-09-07 14:00:00,9,7,2,26,60,1.8,5.4
2022-09-07 15:00:00,9,7,2,27,60,4.8,19.9
2022-09-07 16:00:00,9,7,2,27,60,1.6,5.8
2022-09-08 06:00:00,9,8,3,22,35,0.8,2.2
2022-09-08 07:00:00,9,8,3,23,42,1.0,3.5
2022-09-08 08:00:00,9,8,3,23,60,4.5,19.4
2022-09-08 09:00:00,9,8,3,23,60,5.2,23.1
2022-09-08 10:00:00,9,8,3,24,60,5.3,23.3
2022-09-08 11:00:00,9,8,3,25,60,5.1,22.7
2022-09-08 12:00:00,9,8,3,24,60,5.2,23.0
2022-09-08 13:00:00,9,8,3,25,60,5.2,21.2
2022-09-08 14:00:00,9,8,3,25,60,5.1,20.7
2022-09-08 15:00:00,9,8,3,25,60,5.3,21.8
2022-09-08 16:00:00,9,8,3,24,60,5.4,21.9
2022-09-08 17:00:00,9,8,3,24,1,0.1,0.1
2022-09-09 06:00:00,9,9,4,22,18,0.4,1.0
2022-09-09 07:00:00,9,9,4,24,53,1.1,3.8
2022-09-09 08:00:00,9,9,4,24,60,3.1,17.1
2022-09-09 09:00:00,9,9,4,23,60,5.1,21.2
2022-09-09 10:00:00,9,9,4,24,60,1.3,5.7
2022-09-09 11:00:00,9,9,4,24,60,5.4,21.7
2022-09-09 12:00:00,9,9,4,27,60,1.8,6.1
2022-09-09 13:00:00,9,9,4,28,60,3.6,17.5
2022-09-09 14:00:00,9,9,4,29,60,1.9,6.0
2022-09-09 15:00:00,9,9,4,29,60,3.5,15.8
2022-09-09 16:00:00,9,9,4,28,60,1.4,5.6
2022-09-09 17:00:00,9,9,4,28,57,1.8,5.1
2022-09-09 18:00:00,9,9,4,28,60,1.3,4.2
2022-09-09 19:00:00,9,9,4,26,60,1.3,3.8
2022-09-09 20:00:00,9,9,4,25,28,0.6,1.8
2022-09-10 08:00:00,9,10,5,26,59,2.0,9.8
2022-09-10 09:00:00,9,10,5,29,60,2.4,11.1
2022-09-10 10:00:00,9,10,5,30,60,1.9,8.6
2022-09-10 11:00:00,9,10,5,31,60,1.8,7.9
2022-09-10 12:00:00,9,10,5,31,60,2.2,8.3
2022-09-10 13:00:00,9,10,5,31,60,1.8,7.8
2022-09-10 14:00:00,9,10,5,31,60,1.8,7.7
2022-09-10 15:00:00,9,10,5,30,60,2.5,8.4
2022-09-10 16:00:00,9,10,5,29,60,1.8,7.8
2022-09-11 08:00:00,9,11,6,24,59,1.5,7.0
2022-09-11 09:00:00,9,11,6,27,60,1.6,7.3
2022-09-11 10:00:00,9,11,6,29,60,2.0,7.9
2022-09-11 11:00:00,9,11,6,29,60,1.8,8.2
2022-09-11 12:00:00,9,11,6,28,60,1.8,8.2
2022-09-11 13:00:00,9,11,6,29,60,2.1,8.5
2022-09-11 14:00:00,9,11,6,28,60,1.8,8.4
2022-09-11 15:00:00,9,11,6,28,60,1.8,8.1
2022-09-11 16:00:00,9,11,6,27,60,2.0,8.5
2022-09-11 17:00:00,9,11,6,27,2,0.1,0.3
2022-09-12 06:00:00,9,12,0,23,19,0.4,1.2
2022-09-12 07:00:00,9,12,0,26,41,0.8,2.6
2022-09-12 08:00:00,9,12,0,27,60,3.1,15.9
2022-09-12 09:00:00,9,12,0,27,60,5.1,19.7
2022-09-12 10:00:00,9,12,0,30,60,1.4,4.6
2022-09-12 11:00:00,9,12,0,30,60,5.3,18.7
2022-09-12 12:00:00,9,12,0,31,60,1.5,5.1
2022-09-12 13:00:00,9,12,0,30,60,5.4,18.5
2022-09-12 14:00:00,9,12,0,31,60,1.9,4.7
2022-09-12 15:00:00,9,12,0,30,60,4.9,18.1
2022-09-12 16:00:00,9,12,0,30,60,1.6,4.7
2022-09-12 17:00:00,9,12,0,29,60,1.3,3.6
2022-09-12 18:00:00,9,12,0,28,60,1.3,3.5
2022-09-12 19:00:00,9,12,0,26,60,1.3,3.5
2022-09-12 20:00:00,9,12,0,26,52,1.1,3.0
2022-09-12 21:00:00,9,12,0,24,60,1.3,3.6
2022-09-12 22:00:00,9,12,0,23,42,1.3,2.9
2022-09-12 23:00:00,9,12,0,23,54,1.1,3.3
2022-09-13 00:00:00,9,13,1,23,58,1.2,3.4
2022-09-13 01:00:00,9,13,1,23,60,1.3,3.6
2022-09-13 02:00:00,9,13,1,23,60,1.2,3.6
2022-09-13 03:00:00,9,13,1,23,60,1.2,3.5
2022-09-13 04:00:00,9,13,1,23,60,1.2,3.6
2022-09-13 05:00:00,9,13,1,23,60,1.7,4.1
2022-09-13 06:00:00,9,13,1,24,32,0.8,3.5
2022-09-13 07:00:00,9,13,1,26,50,1.1,3.2
2022-09-13 08:00:00,9,13,1,26,60,3.1,16.4
2022-09-13 09:00:00,9,13,1,28,60,5.7,22.2
2022-09-13 10:00:00,9,13,1,30,60,5.9,22.3
2022-09-13 11:00:00,9,13,1,31,60,6.2,22.7
2022-09-13 12:00:00,9,13,1,31,60,6.7,23.9
2022-09-13 13:00:00,9,13,1,32,60,6.9,23.3
2022-09-13 14:00:00,9,13,1,31,60,6.6,22.2
2022-09-13 15:00:00,9,13,1,32,60,6.7,22.7
2022-09-13 16:00:00,9,13,1,31,60,6.5,22.8
2022-09-13 17:00:00,9,13,1,30,52,1.2,3.6
2022-09-13 18:00:00,9,13,1,30,60,1.3,4.4
2022-09-13 19:00:00,9,13,1,29,39,0.9,2.9
2022-09-14 06:00:00,9,14,2,26,26,1.0,2.0
2022-09-14 07:00:00,9,14,2,27,44,1.0,4.0
2022-09-14 08:00:00,9,14,2,29,60,4.5,19.1
2022-09-14 09:00:00,9,14,2,30,60,5.9,22.3
2022-09-14 10:00:00,9,14,2,31,60,2.2,7.0
2022-09-14 11:00:00,9,14,2,32,60,6.2,21.0
2022-09-14 12:00:00,9,14,2,31,60,1.6,5.4
2022-09-14 13:00:00,9,14,2,33,60,6.6,21.5
2022-09-14 14:00:00,9,14,2,32,60,1.6,4.8
2022-09-14 15:00:00,9,14,2,30,60,4.4,16.3
2022-09-14 16:00:00,9,14,2,29,60,2.0,4.7
2022-09-15 06:00:00,9,15,3,23,21,0.5,1.4
2022-09-15 07:00:00,9,15,3,23,48,0.9,3.1
2022-09-15 08:00:00,9,15,3,23,60,2.6,14.8
2022-09-15 09:00:00,9,15,3,24,60,4.7,19.7
2022-09-15 10:00:00,9,15,3,24,60,4.7,19.7
2022-09-15 11:00:00,9,15,3,25,60,3.3,17.1
2022-09-15 12:00:00,9,15,3,27,60,5.1,20.4
2022-09-15 13:00:00,9,15,3,27,60,5.0,19.8
2022-09-15 14:00:00,9,15,3,27,60,4.2,18.4
2022-09-15 15:00:00,9,15,3,26,60,4.1,18.0
2022-09-15 16:00:00,9,15,3,26,60,3.8,16.2
2022-09-15 17:00:00,9,15,3,25,1,0.1,0.2
2022-09-16 06:00:00,9,16,4,21,15,0.3,0.7
2022-09-16 07:00:00,9,16,4,22,47,1.0,3.2
2022-09-16 08:00:00,9,16,4,25,60,3.0,14.3
2022-09-16 09:00:00,9,16,4,26,60,3.7,15.7
2022-09-16 10:00:00,9,16,4,31,60,1.3,4.1
2022-09-16 11:00:00,9,16,4,30,60,5.0,17.8
2022-09-16 12:00:00,9,16,4,33,60,1.4,4.2
2022-09-16 13:00:00,9,16,4,32,60,5.0,17.5
2022-09-16 14:00:00,9,16,4,33,60,1.4,4.0
2022-09-16 15:00:00,9,16,4,30,60,3.5,15.3
2022-09-16 16:00:00,9,16,4,30,19,0.5,1.5
2022-09-17 08:00:00,9,17,5,28,59,2.1,9.0
2022-09-17 09:00:00,9,17,5,29,60,1.8,8.7
2022-09-17 10:00:00,9,17,5,30,60,1.8,8.2
2022-09-17 11:00:00,9,17,5,32,60,2.3,8.2
2022-09-17 12:00:00,9,17,5,32,60,1.9,7.6
2022-09-17 13:00:00,9,17,5,32,60,1.9,7.6
2022-09-17 14:00:00,9,17,5,31,53,2.1,6.9
2022-09-17 15:00:00,9,17,5,31,60,1.8,7.2
2022-09-17 16:00:00,9,17,5,30,60,1.7,7.1
2022-09-18 08:00:00,9,18,6,25,59,1.8,9.7
2022-09-18 09:00:00,9,18,6,25,60,2.1,10.1
2022-09-18 10:00:00,9,18,6,26,60,1.7,8.9
2022-09-18 11:00:00,9,18,6,25,60,1.7,8.6
2022-09-18 12:00:00,9,18,6,25,60,2.1,9.9
2022-09-18 13:00:00,9,18,6,25,60,1.7,8.6
2022-09-18 14:00:00,9,18,6,25,60,1.7,8.7
2022-09-18 15:00:00,9,18,6,25,60,2.1,8.8
2022-09-18 16:00:00,9,18,6,25,60,1.8,8.5
2022-09-19 08:00:00,9,19,0,29,60,2.7,11.3
2022-09-19 09:00:00,9,19,0,31,60,2.6,11.2
2022-09-19 10:00:00,9,19,0,30,1,0.1,0.1
2022-09-19 11:00:00,9,19,0,24,59,2.7,14.2
2022-09-19 12:00:00,9,19,0,25,7,0.5,0.8
2022-09-19 13:00:00,9,19,0,29,59,3.0,13.8
2022-09-19 14:00:00,9,19,0,29,1,0.1,0.1
2022-09-19 15:00:00,9,19,0,30,59,3.6,12.6
2022-09-19 16:00:00,9,19,0,28,1,0.1,0.1
2022-09-20 06:00:00,9,20,1,24,28,0.6,1.8
2022-09-20 07:00:00,9,20,1,26,51,1.4,5.1
2022-09-20 08:00:00,9,20,1,28,60,5.9,22.7
2022-09-20 09:00:00,9,20,1,29,60,6.8,24.9
2022-09-20 10:00:00,9,20,1,23,60,5.3,23.1
2022-09-20 11:00:00,9,20,1,21,60,5.2,22.4
2022-09-20 12:00:00,9,20,1,22,59,5.4,22.7
2022-09-20 13:00:00,9,20,1,21,60,2.9,15.4
2022-09-20 14:00:00,9,20,1,21,60,3.4,15.4
2022-09-20 15:00:00,9,20,1,22,60,2.1,11.2
2022-09-20 16:00:00,9,20,1,22,60,2.6,15.4
2022-09-20 17:00:00,9,20,1,22,18,0.4,1.1
2022-09-21 07:00:00,9,21,2,19,25,0.7,1.7
2022-09-21 08:00:00,9,21,2,18,60,1.5,8.4
2022-09-21 09:00:00,9,21,2,20,60,1.8,10.2
2022-09-21 10:00:00,9,21,2,21,8,0.2,0.3
2022-09-21 11:00:00,9,21,2,22,59,1.3,4.4
2022-09-21 12:00:00,9,21,2,22,10,0.2,0.6
2022-09-21 13:00:00,9,21,2,25,58,2.8,9.2
2022-09-21 14:00:00,9,21,2,24,7,0.2,0.4
2022-09-21 15:00:00,9,21,2,24,59,1.2,5.0
2022-09-21 16:00:00,9,21,2,23,2,0.1,0.1
2022-09-22 07:00:00,9,22,3,19,35,0.7,2.2
2022-09-22 08:00:00,9,22,3,19,60,1.5,6.8
2022-09-22 09:00:00,9,22,3,23,60,3.1,12.5
2022-09-22 10:00:00,9,22,3,24,60,2.2,12.1
2022-09-22 11:00:00,9,22,3,24,60,4.0,17.0
2022-09-22 12:00:00,9,22,3,24,60,2.3,12.9
2022-09-22 13:00:00,9,22,3,24,60,3.8,16.6
2022-09-22 14:00:00,9,22,3,24,60,2.2,12.6
2022-09-22 15:00:00,9,22,3,23,60,3.3,15.4
2022-09-22 16:00:00,9,22,3,23,60,2.3,11.2
2022-09-23 08:00:00,9,23,4,20,59,1.4,7.5
2022-09-23 09:00:00,9,23,4,21,60,1.9,9.0
2022-09-23 10:00:00,9,23,4,21,2,0.1,0.2
2022-09-23 11:00:00,9,23,4,23,59,2.1,11.6
2022-09-23 12:00:00,9,23,4,24,60,1.3,4.2
2022-09-23 13:00:00,9,23,4,24,60,1.3,6.4
2022-09-23 14:00:00,9,23,4,25,60,1.5,4.3
2022-09-23 15:00:00,9,23,4,24,60,1.7,7.0
2022-09-23 16:00:00,9,23,4,23,60,1.2,4.1
2022-09-23 17:00:00,9,23,4,23,30,0.6,2.0
2022-09-24 08:00:00,9,24,5,24,35,1.0,4.9
2022-09-24 09:00:00,9,24,5,26,43,1.3,5.8
2022-09-24 10:00:00,9,24,5,25,28,1.2,4.1
2022-09-24 11:00:00,9,24,5,23,30,0.8,3.6
2022-09-24 12:00:00,9,24,5,23,35,1.0,4.7
2022-09-24 13:00:00,9,24,5,23,23,0.7,3.2
2022-09-24 14:00:00,9,24,5,23,19,0.6,2.8
2022-09-24 16:00:00,9,24,5,23,35,1.0,4.9
2022-09-25 08:00:00,9,25,6,23,37,0.9,4.5
2022-09-25 10:00:00,9,25,6,28,60,2.0,7.8
2022-09-25 11:00:00,9,25,6,28,24,0.6,2.6
2022-09-25 12:00:00,9,25,6,29,46,1.3,5.8
2022-09-25 13:00:00,9,25,6,29,60,1.9,8.9
2022-09-25 14:00:00,9,25,6,29,60,2.3,9.4
2022-09-25 15:00:00,9,25,6,28,60,1.9,8.8
2022-09-25 16:00:00,9,25,6,25,60,1.8,9.2
2022-09-26 07:00:00,9,26,0,23,33,0.7,2.0
2022-09-26 08:00:00,9,26,0,24,60,2.2,8.8
2022-09-26 09:00:00,9,26,0,26,60,2.5,13.9
2022-09-26 10:00:00,9,26,0,29,60,1.3,4.3
2022-09-26 11:00:00,9,26,0,27,60,4.3,15.8
2022-09-26 12:00:00,9,26,0,29,60,1.3,4.6
2022-09-26 13:00:00,9,26,0,30,60,3.0,13.3
2022-09-26 14:00:00,9,26,0,31,60,1.9,5.6
2022-09-26 15:00:00,9,26,0,28,60,2.0,8.7
2022-09-26 16:00:00,9,26,0,29,59,1.3,4.1
2022-09-27 06:00:00,9,27,1,21,19,0.4,0.8
2022-09-27 07:00:00,9,27,1,23,56,1.1,4.0
2022-09-27 08:00:00,9,27,1,25,60,3.9,15.6
2022-09-27 09:00:00,9,27,1,26,60,4.2,17.7
2022-09-27 10:00:00,9,27,1,28,60,4.1,18.7
2022-09-27 11:00:00,9,27,1,29,60,5.3,20.1
2022-09-27 12:00:00,9,27,1,30,60,5.1,18.8
2022-09-27 13:00:00,9,27,1,29,60,4.2,18.4
2022-09-27 14:00:00,9,27,1,28,60,4.9,19.1
2022-09-27 15:00:00,9,27,1,27,60,4.9,18.6
2022-09-27 16:00:00,9,27,1,27,60,5.0,19.8
2022-09-27 17:00:00,9,27,1,25,60,1.2,3.8
2022-09-27 18:00:00,9,27,1,23,60,1.2,3.7
2022-09-27 19:00:00,9,27,1,23,60,1.3,3.8
2022-09-27 20:00:00,9,27,1,22,60,1.3,3.8
2022-09-27 21:00:00,9,27,1,22,60,1.4,3.8
2022-09-27 22:00:00,9,27,1,22,60,1.4,3.8
2022-09-27 23:00:00,9,27,1,22,60,1.7,4.4
2022-09-28 00:00:00,9,28,2,21,26,0.5,1.4
2022-09-28 01:00:00,9,28,2,21,35,0.8,1.8
2022-09-28 02:00:00,9,28,2,21,35,0.8,1.7
2022-09-28 03:00:00,9,28,2,21,35,0.8,1.7
2022-09-28 04:00:00,9,28,2,21,28,0.6,1.2
2022-09-28 05:00:00,9,28,2,20,36,0.8,1.6
2022-09-28 06:00:00,9,28,2,20,12,0.3,0.7
2022-09-28 07:00:00,9,28,2,23,45,1.0,2.7
2022-09-28 08:00:00,9,28,2,23,60,3.0,12.9
2022-09-28 09:00:00,9,28,2,24,60,2.1,12.1
2022-09-28 10:00:00,9,28,2,27,30,0.6,1.8
2022-09-28 11:00:00,9,28,2,26,59,3.6,13.0
2022-09-28 12:00:00,9,28,2,28,57,1.3,3.6
2022-09-28 13:00:00,9,28,2,27,60,3.0,14.1
2022-09-28 14:00:00,9,28,2,28,60,1.3,3.9
2022-09-28 15:00:00,9,28,2,27,60,2.9,10.6
2022-09-28 16:00:00,9,28,2,26,60,1.3,3.6
2022-09-29 06:00:00,9,29,3,21,3,0.1,0.3
2022-09-29 07:00:00,9,29,3,22,44,0.9,2.9
2022-09-29 08:00:00,9,29,3,23,60,2.1,12.4
2022-09-29 09:00:00,9,29,3,23,60,4.0,16.7
2022-09-29 10:00:00,9,29,3,25,60,3.1,14.8
2022-09-29 11:00:00,9,29,3,25,60,4.0,16.2
2022-09-29 12:00:00,9,29,3,27,60,4.3,17.6
2022-09-29 13:00:00,9,29,3,28,60,3.5,15.4
2022-09-29 14:00:00,9,29,3,26,60,4.2,16.1
2022-09-29 15:00:00,9,29,3,25,60,2.6,12.2
2022-09-29 16:00:00,9,29,3,24,60,3.3,14.0
2022-09-30 06:00:00,9,30,4,20,6,0.1,0.3
2022-09-30 07:00:00,9,30,4,22,50,1.1,3.2
2022-09-30 08:00:00,9,30,4,22,60,2.2,13.0
2022-09-30 09:00:00,9,30,4,24,60,4.1,16.6
2022-09-30 10:00:00,9,30,4,28,60,1.3,4.2
2022-09-30 11:00:00,9,30,4,26,60,2.4,12.7
2022-09-30 12:00:00,9,30,4,28,10,0.2,0.8
2022-09-30 13:00:00,9,30,4,28,59,3.7,13.7
2022-09-30 14:00:00,9,30,4,30,60,1.3,4.2
2022-09-30 15:00:00,9,30,4,28,60,2.4,12.1
