“úŽž,EHP2-2,EHP4-4,EHP6-2
2018/4/1,22.95,23.29166667,22.9
2018/4/2,25,23.5,22.9
2018/4/3,24.83333333,23.5,22.9
2018/4/4,24.6,23.5,23.525
2018/4/5,20.05,23.5,23.9
2018/4/6,20.05,23.5,23.9
2018/4/7,24.6,23.5,23.9
2018/4/8,24.6,24.55208333,23.9
2018/4/9,24.6,25.5,24.0625
2018/4/10,24.6,25.03125,24.2
2018/4/11,24.6,24.75,24.24166667
2018/4/12,24.6,24.75,24.1625
2018/4/13,24.6,22.91666667,24
2018/4/14,24.6,22.72916667,24
2018/4/15,24.6,25.40625,24
2018/4/16,24.6,25.25,24
2018/4/17,24.6,24.36458333,24
2018/4/18,24.6,24,24
2018/4/19,24.6,24,23.94583333
2018/4/20,24.6,24,23.95
2018/4/21,24.6,24,24
2018/4/22,25.24166667,24,24
2018/4/23,26.2,24,24
2018/4/24,26.2,25.45833333,23.99583333
2018/4/25,26.61666667,26.5,24
2018/4/26,27.2,26.5,24.05
2018/4/27,27.2,26.5,24.1
2018/4/28,27.36666667,26.5,24.1
2018/4/29,27.6,26.5,24.1
2018/4/30,26.975,26.5,24.1
2018/5/1,27.10833333,26.5,24.07083333
2018/5/2,26.21666667,26.91666667,24.02083333
2018/5/3,26.325,27,24
2018/5/4,26.8,27,24
2018/5/5,26.8,27,24
2018/5/6,26.55833333,27,24
2018/5/7,26.25,27.39583333,24.04583333
2018/5/8,25.6,27.75,24.1
2018/5/9,25.4,27.75,24.05833333
2018/5/10,25.4,25.85416667,24
2018/5/11,25.4,24.5,24.02083333
2018/5/12,25.4,24.5,24.1
2018/5/13,25.4,24.5,24.1
2018/5/14,25.4,26.66666667,23.9375
2018/5/15,25.68333333,27.89583333,23.84583333
2018/5/16,25.55833333,27.22916667,24.02916667
2018/5/17,24.75,27.14583333,24.31666667
2018/5/18,24.85833333,27.01041667,24.3125
2018/5/19,25.38333333,27.25,24.4
2018/5/20,25.4,27.33333333,24.4
2018/5/21,24.8,27.5,24.32916667
2018/5/22,24.10833333,26.625,24.34166667
2018/5/23,24.5,26.3125,24.40833333
2018/5/24,24.71666667,26.5,24.3625
2018/5/25,24.75,26.5,24.35
2018/5/26,24.875,26.5,24.38333333
2018/5/27,25.14166667,26.35416667,24.4
2018/5/28,24.68333333,26.55208333,24.39583333
2018/5/29,24.55833333,26.91666667,24.35416667
2018/5/30,24.3,26.85416667,24.37916667
2018/5/31,25.25,26.84375,24.48333333
2018/6/1,25.11666667,26.6875,24.49583333
2018/6/2,24.725,26,24.6
2018/6/3,25.25,26.63541667,24.6
2018/6/4,25.06666667,27.10416667,24.7125
2018/6/5,24.76666667,27.48958333,24.95416667
2018/6/6,25.34166667,27.65625,25.0625
2018/6/7,24.84166667,27.05208333,24.85416667
2018/6/8,24.83333333,26.55208333,24.74583333
2018/6/9,25.69166667,26.58333333,24.9
2018/6/10,24.31666667,27.11458333,24.75
2018/6/11,24.96666667,26.71875,24.62083333
2018/6/12,24.94166667,26.5625,24.82083333
2018/6/13,24.55,27.04166667,24.85833333
2018/6/14,24.69166667,26.5,24.56666667
2018/6/15,24.53333333,26.58333333,24.6625
2018/6/16,24.2,26,24.8
2018/6/17,24.2,26.23958333,24.77083333
2018/6/18,25.10833333,26.09375,24.74166667
2018/6/19,24.66666667,25.70833333,24.63333333
2018/6/20,24.525,26.41666667,24.78333333
2018/6/21,24.475,26.67708333,24.79583333
2018/6/22,24.4,26.5,24.725
2018/6/23,24.49166667,26.5,24.57916667
2018/6/24,24.575,26.5,24.5
2018/6/25,24.7,26.47916667,24.60833333
2018/6/26,24.18333333,26.71875,24.79583333
2018/6/27,23.925,26.58333333,24.75
2018/6/28,24.49166667,26.94791667,24.79166667
2018/6/29,24.01666667,27.02083333,24.65833333
2018/6/30,24.88333333,26.95833333,24.65833333
2018/7/1,25.075,26.77083333,24.6
2018/7/2,24.08333333,26.92708333,24.65833333
2018/7/3,23.90833333,27.6875,24.77083333
2018/7/4,24.2,27.66666667,24.75416667
2018/7/5,24.225,27.5,24.81666667
2018/7/6,24.36666667,27.16666667,24.675
2018/7/7,24.15833333,27,24.6
2018/7/8,24.35,26.95833333,24.575
2018/7/9,24.30833333,26.9375,24.6125
2018/7/10,24.33333333,26.79166667,24.6875
2018/7/11,24.3,27.20833333,24.77083333
2018/7/12,24.21666667,27.3125,24.62916667
2018/7/13,24.26666667,27.08333333,24.59583333
2018/7/14,23.98333333,26.55208333,24.6
2018/7/15,24,26.34375,24.54583333
2018/7/16,24.175,26.52083333,24.5
2018/7/17,24.3,27.26041667,24.49166667
2018/7/18,24.08333333,28.07291667,24.52083333
2018/7/19,24.05,28,24.69166667
2018/7/20,24.20833333,27.91666667,24.5375
2018/7/21,23.95,27.85416667,24.5
2018/7/22,23.8,27.84375,24.39166667
2018/7/23,24.00833333,27.59375,24.35416667
2018/7/24,24.06666667,27.70833333,24.54166667
2018/7/25,24.13333333,27.22916667,24.58333333
2018/7/26,24.5,27.71875,24.7375
2018/7/27,24.86666667,27.65625,24.70833333
2018/7/28,25.2,27.41666667,24.6
2018/7/29,25.2,27.0625,24.49166667
2018/7/30,24.71666667,27.04166667,24.52083333
2018/7/31,24.20833333,27.03125,24.52083333
2018/8/1,24.30833333,27.51041667,24.51666667
2018/8/2,24.30833333,27.1875,24.52083333
2018/8/3,24.29166667,26.85416667,24.38333333
2018/8/4,24.1,27.02083333,24.28333333
2018/8/5,24.4,27.5,24.2
2018/8/6,24.525,27.33333333,24.27083333
2018/8/7,24.66666667,27.16666667,24.72083333
2018/8/8,24.48333333,26.60416667,24.85416667
2018/8/9,23.69166667,26.96875,24.79166667
2018/8/10,23.88333333,26.60416667,24.55833333
2018/8/11,23.86666667,26.72916667,24.2
2018/8/12,23.25833333,27.0625,24.2
2018/8/13,23.49166667,27.08333333,24.12916667
2018/8/14,23.85,26.89583333,24.14166667
2018/8/15,23.8,26.95833333,24.3875
2018/8/16,23.8,27.08333333,24.59583333
2018/8/17,24.08333333,27.04166667,24.65833333
2018/8/18,24.53333333,26.89583333,24.575
2018/8/19,24.6,27,24.4
2018/8/20,24.73333333,26.95833333,24.52916667
2018/8/21,24.225,26.89583333,24.52916667
2018/8/22,24.15833333,27,24.63333333
2018/8/23,24.28333333,27,24.69166667
2018/8/24,24.15833333,26.83333333,24.91666667
2018/8/25,24,26.91666667,24.6875
2018/8/26,24,27,24.2625
2018/8/27,24.03333333,26.94791667,24.23333333
2018/8/28,24.10833333,27.28125,24.52916667
2018/8/29,24.10833333,26.8125,24.6875
2018/8/30,24.00833333,27.0625,24.52083333
2018/8/31,23.8,26.5625,24.41666667
2018/9/1,23.6,26.28125,24.7125
2018/9/2,23.6,26.72916667,24.8
2018/9/3,24.11666667,26.92708333,24.775
2018/9/4,23.99166667,26.88541667,24.7
2018/9/5,23.975,26.625,24.5875
2018/9/6,23.86666667,27.04166667,24.64166667
2018/9/7,24.29166667,27.32291667,24.69166667
2018/9/8,24.4,27.375,24.5
2018/9/9,24.36666667,27.16666667,24.55833333
2018/9/10,24.48333333,27.07291667,24.77083333
2018/9/11,24.51666667,26.89583333,24.74166667
2018/9/12,24.41666667,26.97916667,24.7125
2018/9/13,24.4,26.89583333,24.75833333
2018/9/14,24.23333333,26.89583333,24.84166667
2018/9/15,23.85,27,24.9
2018/9/16,23.975,27.0625,24.9
2018/9/17,24,26.91666667,24.9
2018/9/18,23.95,26.82291667,24.82916667
2018/9/19,24.06666667,27.04166667,24.70416667
2018/9/20,24.13333333,26.79166667,24.66666667
2018/9/21,24.15833333,26.16666667,24.6375
2018/9/22,23.96666667,26,24.6
2018/9/23,23.93333333,26.71875,24.55416667
2018/9/24,24,28,24.5
2018/9/25,24.50833333,27.38541667,24.575
2018/9/26,24.49166667,26.5,24.59166667
2018/9/27,24.85,26,24.5
2018/9/28,24.50833333,26,24.49583333
2018/9/29,24.2,26.40625,24.5
2018/9/30,24.2,26.75,24.5
2018/10/1,24.05833333,26.39583333,24.575
2018/10/2,23.8,26.23958333,24.65416667
2018/10/3,24.01666667,26.52083333,24.6375
2018/10/4,24.34166667,26.64583333,24.56666667
2018/10/5,24.075,26.25,24.5
2018/10/6,23.68333333,26.1875,24.5
2018/10/7,24.46666667,25.75,24.5
2018/10/8,25.2,26.02083333,24.4375
2018/10/9,24.63333333,26.75,24.40416667
2018/10/10,24.04166667,26.33333333,24.54166667
2018/10/11,23.95,25.8125,24.57083333
2018/10/12,24.36666667,26.25,24.44166667
2018/10/13,24.8,26.6875,24.21666667
2018/10/14,24.7,26.5,24.1
2018/10/15,24.74166667,27.3125,24.23333333
2018/10/16,24.6,27.6875,24.43333333
2018/10/17,24.6,27.5625,24.44583333
2018/10/18,24.6,27.73958333,24.47916667
2018/10/19,24.45,28,24.55
2018/10/20,24.08333333,28,24.6
2018/10/21,24,25.25,24.6
2018/10/22,24.05,26.25,24.50833333
2018/10/23,24.2,24.89583333,24.3
2018/10/24,24.11666667,22.5,24.29166667
2018/10/25,23.96666667,22.5,24.35416667
2018/10/26,24.05,22.5,24.51666667
2018/10/27,24,22.52083333,24.49583333
2018/10/28,24,22.5625,24.5
2018/10/29,23.91666667,26.16666667,24.54583333
2018/10/30,24.06666667,28,24.58333333
2018/10/31,23.89166667,28,24.59166667
2018/11/1,23.8,25.5,24.55416667
2018/11/2,24.19166667,23,24.50416667
2018/11/3,24,23.20833333,24.45
2018/11/4,23.2,24.14583333,24.4
2018/11/5,23.95,26.01041667,24.31666667
2018/11/6,24.08333333,26.10416667,24.2
2018/11/7,24.33333333,23.44791667,24.2
2018/11/8,24.38333333,23.08333333,24.2
2018/11/9,24.2,21.625,24.2
2018/11/10,24.2,21.92708333,24.2
2018/11/11,24.2,23.5,24.2
2018/11/12,24.2,26.70833333,24.2
2018/11/13,24.2,27.0625,24.2
2018/11/14,20.19166667,23,23.90833333
2018/11/15,16.8,22.375,22.45
2018/11/16,16.8,22,22.4
2018/11/17,16.8,22,22.4
2018/11/18,16.8,22,22.4
2018/11/19,16.86666667,22,22.52083333
2018/11/20,17.06666667,22,22.6
2018/11/21,17.2,22,22.77916667
2018/11/22,17.2,22,23.0375
2018/11/23,17.2,22,23.2
2018/11/24,19.94166667,23.1875,23.30833333
2018/11/25,21.6,25.76041667,23.4
2018/11/26,21.86666667,23.5,23.31666667
2018/11/27,22,22,23.16666667
2018/11/28,22,22.15625,22.86666667
2018/11/29,22,22.4375,22.96666667
2018/11/30,22,22.34375,23.15833333
2018/12/1,22.21666667,22,23.2
2018/12/2,22.4,22,23.2
2018/12/3,22.13333333,22,23.2
2018/12/4,22,22,23.2
2018/12/5,22,22.0625,23.15833333
2018/12/6,22,22.25,23.10416667
2018/12/7,22,22.28125,23.15
2018/12/8,22,22,23.3
2018/12/9,22,22.22916667,23.3125
2018/12/10,22.38333333,22.91666667,23.36666667
2018/12/11,21.975,22.625,23.4125
2018/12/12,23.13333333,21.5,23.1375
2018/12/13,23.86666667,21.92708333,23.15
2018/12/14,24,23.3125,23.4
2018/12/15,24.55833333,25.5,23.54166667
2018/12/16,24.8,25.65625,23.6
2018/12/17,24.83333333,23.5,23.41666667
2018/12/18,24.73333333,22.32291667,23.10416667
2018/12/19,25,21.58333333,22.91666667
2018/12/20,25,22,22.80416667
2018/12/21,25.25833333,21.66666667,23.1
2018/12/22,25.15,21.82291667,23.1
2018/12/23,25,23.75,23.1
2018/12/24,25,24,23.1
2018/12/25,24.91666667,22.75,23.09166667
2018/12/26,24.04166667,22,23.27083333
2018/12/27,23.63333333,22.66666667,23.16666667
2018/12/28,23.65,23.73958333,23.1
2018/12/29,23.7,25.9375,23.1
2018/12/30,24.4,27.8125,23.1
2018/12/31,24.4,28,23.17916667
2019/1/1,24.4,28,23.29166667
2019/1/2,24.4,28,23.4
2019/1/3,24.4,28,23.5
2019/1/4,24.775,28,23.35416667
2019/1/5,25.29166667,28.02083333,23.2
2019/1/6,26.63333333,29,23.2
2019/1/7,24.94166667,25.08333333,23.27916667
2019/1/8,24.06666667,22.875,23.57916667
2019/1/9,24.375,22,23.5375
2019/1/10,24.98333333,23.875,23.20833333
2019/1/11,24.3,23.875,23.20833333
2019/1/12,24.4,25.28125,23.24583333
2019/1/13,25,27.5625,23.3
2019/1/14,25,26.79166667,23.34583333
2019/1/15,24.78333333,23.33333333,23.65416667
2019/1/16,24.6,22.375,23.75833333
2019/1/17,23.9,22.85416667,23.56666667
2019/1/18,23.2,22.5,23.4
2019/1/19,24.65,24.03125,23.11666667
2019/1/20,25.6,24.5,23
2019/1/21,25.6,23.5,22.775
2019/1/22,25.03333333,23.21875,22.35
2019/1/23,24.05,22.91666667,22.16666667
2019/1/24,24.16666667,22,21.92916667
2019/1/25,24.225,22,21.90833333
2019/1/26,24.53333333,23.67708333,21.97916667
2019/1/27,24.8,25.90625,22.1
2019/1/28,24.60833333,24.8125,22.6375
2019/1/29,24.225,24.67708333,22.77916667
2019/1/30,24.03333333,23,22.4
2019/1/31,24.58333333,22,22.325
2019/2/1,24.75,23.08333333,22.61666667
2019/2/2,25.625,25.42708333,22.64166667
2019/2/3,26.4,26.79166667,22.59166667
2019/2/4,25.61666667,23.66666667,22.7375
2019/2/5,25.09166667,22,22.95833333
2019/2/6,25.08333333,22,22.98333333
2019/2/7,24.45,21.83333333,22.7125
2019/2/8,24.6,22.91666667,22.7375
2019/2/9,25.4,24.125,22.8
2019/2/10,25.8,26.09375,22.8
2019/2/11,26.03333333,26.15625,22.85416667
2019/2/12,25.56666667,23.41666667,22.83333333
2019/2/13,26.21666667,22,23.1375
2019/2/14,26.4,22,23.2875
2019/2/15,26.15833333,22.25,23.0875
2019/2/16,26.79166667,23,23.1
2019/2/17,26.2,24.70833333,23.1
2019/2/18,24.79166667,23.33333333,23.01666667
2019/2/19,24.68333333,21.20833333,23.11666667
2019/2/20,24.34166667,20.89583333,22.87916667
2019/2/21,24.26666667,21.25,22.75
2019/2/22,24.11666667,21.5,22.61666667
2019/2/23,23.025,23.75,22.5
2019/2/24,23.2,25.5,22.5
2019/2/25,23.11666667,23.16666667,22.5
2019/2/26,23.2,22,22.5
2019/2/27,23.43333333,23.41666667,22.5
2019/2/28,23.45,22.83333333,22.5
2019/3/1,24.06666667,22.0625,22.4375
2019/3/2,23.2,22.91666667,22.4
2019/3/3,23.2,26.09375,22.4
2019/3/4,23.31666667,23.70833333,22.73333333
2019/3/5,23.35,22.29166667,22.6875
2019/3/6,23.2,22.17708333,22.5875
2019/3/7,23.25,22.41666667,22.5
2019/3/8,23.2,21.83333333,22.49166667
2019/3/9,23.2,23,22.59166667
2019/3/10,23.2,23,22.7
2019/3/11,23.2,22.33333333,22.72916667
2019/3/12,22.95,21.16666667,22.51666667
2019/3/13,22.6,21.16666667,22.19166667
2019/3/14,23.08333333,22.33333333,22.06666667
2019/3/15,23.175,21.33333333,22.07083333
2019/3/16,23.4,21.91666667,22.06666667
2019/3/17,24,24,22.19583333
2019/3/18,23.55,21.89583333,22.25416667
2019/3/19,22.925,21.09375,22.30833333
2019/3/20,22.6,21.0625,22.45833333
2019/3/21,22.825,20.75,22.3
2019/3/22,22.8,21.15625,22.3
2019/3/23,22.8,24.16666667,22.38333333
2019/3/24,22.8,23.83333333,22.5
2019/3/25,22.975,22.80208333,22.5
2019/3/26,23.14166667,23,22.325
2019/3/27,22.95833333,21,22.3
2019/3/28,22.575,20.625,22.3
2019/3/29,23.25833333,22.33333333,22.5125
2019/3/30,23.8,24,22.7
2019/3/31,23.8,24,22.7
2019/4/1,23.8,23.41666667,22.35416667
2019/4/2,23.4,22.08333333,22.14583333
2019/4/3,23.05833333,22.41666667,22.20416667
2019/4/4,23.06666667,23,22.1
2019/4/5,22.5,21.625,22.1625
2019/4/6,22.15833333,23.39583333,22.2
2019/4/7,22.2,23.79166667,22.2
2019/4/8,22.4,23.83333333,22.20833333
2019/4/9,22.25,24,22.25
2019/4/10,22.95,24.3125,22.5
2019/4/11,23.00833333,23.5,22.22083333
2019/4/12,22.925,23,22.15833333
2019/4/13,23.2,23,22.2
2019/4/14,23.2,23.16666667,22.2
2019/4/15,23.2,21.33333333,22.17916667
2019/4/16,23.2,20,22.1
2019/4/17,23.2,20,22.1
2019/4/18,23.2,20,22.1
2019/4/19,23.2,20,22.1
2019/4/20,23.2,20,22.1
2019/4/21,23.2,20,22.1
2019/4/22,23.2,20,22.1
2019/4/23,23.2,24.45833333,22.1
2019/4/24,23.2,26.5,22.1
2019/4/25,23.58333333,26.34375,21.975
2019/4/26,23.06666667,26.25,21.85
2019/4/27,22.375,26.25,22.1
2019/4/28,23,24.1875,22.1
2019/4/29,23.60833333,22.5,22.1
2019/4/30,24,22.5,21.925
2019/5/1,24,22.65625,21.8
2019/5/2,24,22.5,21.8
2019/5/3,24,22.5,21.8
2019/5/4,23.18333333,22.5,21.8
2019/5/5,22.6,22.5,21.8
2019/5/6,22.6,22.5,21.8
2019/5/7,22.6,24.84375,21.825
2019/5/8,22.6,26.25,22.1
2019/5/9,22.6,26.25,22.1
2019/5/10,23.41666667,26.25,23.15416667
2019/5/11,23.88333333,26.25,24.31666667
2019/5/12,23.8,26.25,24.2
2019/5/13,23.93333333,26.25,24.2
2019/5/14,24.2,26.41666667,23.90833333
2019/5/15,24.2,26.5,23.92916667
2019/5/16,24.60833333,26.5,24.17083333
2019/5/17,25.33333333,26.5,24.09166667
2019/5/18,25.2,26.5,24.1
2019/5/19,25.2,26.5,24.1
2019/5/20,25.2,26.66666667,23.95833333
2019/5/21,25.35833333,26.8125,23.9
2019/5/22,25.45833333,26.14583333,23.875
2019/5/23,25.3,26.41666667,23.70416667
2019/5/24,25.2,27.17708333,23.95833333
2019/5/25,24.95,27.25,24.1
2019/5/26,24.8,26.71875,24.1
2019/5/27,25.34166667,26.4375,24.09166667
2019/5/28,25.58333333,27.10416667,24.24166667
2019/5/29,25.6,27.75,24.30833333
2019/5/30,25.11666667,27.41666667,24.39166667
2019/5/31,25.04166667,27.38541667,24.44166667
2019/6/1,25.425,27.5,24.3625
2019/6/2,25.6,27.1875,24.3
2019/6/3,25.175,26.71875,24.175
2019/6/4,24.75,26.72916667,24.02083333
2019/6/5,24.86666667,27.04166667,24.30833333
2019/6/6,24.73333333,26.64583333,24.4125
2019/6/7,25.16666667,26.375,24.38333333
2019/6/8,24.76666667,26.25,24.26666667
2019/6/9,24.83333333,27.5625,24.2
2019/6/10,25.36666667,27.625,24.2
2019/6/11,25.35,26.6875,24.3
2019/6/12,25.45833333,26.5,24.4
2019/6/13,25.59166667,26.5,24.38333333
2019/6/14,25.16666667,27.04166667,24.425
2019/6/15,25,27.91666667,24.5
2019/6/16,24.375,27.16666667,24.5
2019/6/17,24.60833333,26.91666667,24.37083333
2019/6/18,24.8,27,24.15833333
2019/6/19,24.73333333,27,24.12916667
2019/6/20,24.79166667,27.11458333,24.025
2019/6/21,24.76666667,26.05208333,23.99166667
2019/6/22,24.36666667,24.82291667,24.2125
2019/6/23,24.78333333,24.5,24.4
2019/6/24,24.975,25.3125,24.525
2019/6/25,25.01666667,25.60416667,24.52083333
2019/6/26,24.68333333,25.42708333,24.5
2019/6/27,24.34166667,26.17708333,24.50416667
2019/6/28,24.075,26.53125,24.525
2019/6/29,24.4,27,24.6
2019/6/30,24.4,26.66666667,24.6
2019/7/1,24.41666667,26.61458333,24.54583333
2019/7/2,24.85,26.40625,24.4125
2019/7/3,24.95,26.20833333,24.38333333
2019/7/4,25.29166667,26.875,24.325
2019/7/5,24.9,26.34375,24.3125
2019/7/6,24.6,26,24.33333333
2019/7/7,24.64166667,25.625,24.3
2019/7/8,25.04166667,25.6875,24.3
2019/7/9,25.19166667,25.79166667,24.21666667
2019/7/10,24.98333333,26.1875,24.17916667
2019/7/11,25.29166667,26.5,24.21666667
2019/7/12,24.89166667,26.45833333,24.35416667
2019/7/13,24.34166667,26.25,24.1125
2019/7/14,24.2,26.0625,23.8
2019/7/15,24.2,26,23.71666667
2019/7/16,24.66666667,25.73958333,24.1
2019/7/17,24.68333333,25.59375,24.35416667
2019/7/18,24.2,26.08333333,24.49166667
2019/7/19,23.64166667,26,24.58333333
2019/7/20,23.55833333,26.07291667,24.47083333
2019/7/21,24.50833333,26.05208333,24.45
2019/7/22,24.54166667,26.33333333,24.35
2019/7/23,24.45,26.44791667,24.2125
2019/7/24,24.21666667,26.27083333,24.0125
2019/7/25,24.46666667,26.25,24.09166667
2019/7/26,24.03333333,26.3125,24.1625
2019/7/27,24.28333333,26.41666667,24.2
2019/7/28,24.6,26.60416667,24.04583333
2019/7/29,24.68333333,26.98958333,23.96666667
2019/7/30,24.575,27,23.85833333
2019/7/31,24.58333333,26.86458333,23.69166667
2019/8/1,24.25,27,23.84166667
2019/8/2,23.8,26.92708333,24.19166667
2019/8/3,24.48333333,27.08333333,24.1
2019/8/4,25,26.32291667,24
2019/8/5,24.33333333,26.51041667,23.91666667
2019/8/6,23.84166667,26.83333333,24.20416667
2019/8/7,23.6,27,24.3375
2019/8/8,23.6,26.92708333,24.18333333
2019/8/9,23.625,27.16666667,24.10416667
2019/8/10,24.2,27.1875,24
2019/8/11,24.4,26.875,24
2019/8/12,24.66666667,26.75,23.7
2019/8/13,24.8,26.75,23.37916667
2019/8/14,24.53333333,26.75,23.68333333
2019/8/15,24.25833333,26.64583333,24.1375
2019/8/16,24.25833333,26.29166667,24.14166667
2019/8/17,24.33333333,26.63541667,24.1
2019/8/18,23.95,27.33333333,24.0625
2019/8/19,24.13333333,27,24.17083333
2019/8/20,24.23333333,26.54166667,24.55416667
2019/8/21,24.01666667,26.5,24.50416667
2019/8/22,23.76666667,26.5,24.40416667
2019/8/23,23.6,26.47916667,24.2625
2019/8/24,23.55,26.625,24.525
2019/8/25,24.23333333,27.41666667,24.57916667
2019/8/26,24.16666667,27.35416667,24.47916667
2019/8/27,23.95,26.79166667,24.48333333
2019/8/28,23.83333333,27.03125,24.475
2019/8/29,23.55,26.70833333,24.3625
2019/8/30,23.45,26.73958333,24.13333333
2019/8/31,24.05833333,26.5625,24.16666667
2019/9/1,24.44166667,26.25,24.28333333
2019/9/2,24.26666667,26.17708333,24.65416667
2019/9/3,24.25833333,26.35416667,24.625
2019/9/4,24.225,26.70833333,24.55833333
2019/9/5,24,26.47916667,24.39166667
2019/9/6,24.03333333,26.29166667,24.29166667
2019/9/7,24.2,26.59375,24.4
2019/9/8,24.39166667,27.48958333,24.375
2019/9/9,24.21666667,27.4375,24.26666667
2019/9/10,24.23333333,27.33333333,24.3125
2019/9/11,23.59166667,27.33333333,24.44583333
2019/9/12,23.40833333,27,24.60833333
2019/9/13,23.725,26.98958333,24.8
2019/9/14,24.03333333,26.52083333,24.52916667
2019/9/15,24.6,26.83333333,24.3
2019/9/16,24.6,27.1875,24.425
2019/9/17,23.98333333,26.70833333,24.39583333
2019/9/18,24.43333333,26.77083333,24.45
2019/9/19,24.53333333,26.5,24.34583333
2019/9/20,24.35,26.34375,24.32916667
2019/9/21,24.57391304,26.68478261,24.4
2019/9/22,24.67272727,26.73863636,24.25
2019/9/23,24.54166667,26.625,24.1
2019/9/24,24.1,26.38541667,24.1375
2019/9/25,24.33333333,26.16666667,24.16666667
2019/9/26,24.45,26.66666667,24.22083333
2019/9/27,24.4,26.71875,24.23333333
2019/9/28,24.25,27.08333333,24.08333333
2019/9/29,24.11666667,28,24.1
2019/9/30,24.31666667,27.39583333,24.225
2019/10/1,24.36666667,26.88541667,24.2375
2019/10/2,23.91666667,26.8125,24.14583333
2019/10/3,24.04166667,26.625,24.18333333
2019/10/4,23.88333333,26.33333333,24.32916667
2019/10/5,23.275,26.6875,24.5
2019/10/6,23.75,27.0625,24.45416667
2019/10/7,24.725,27,24.375
2019/10/8,24.86666667,26.875,24.39583333
2019/10/9,25.13333333,26.97916667,24.4875
2019/10/10,25.04166667,27.25,24.44583333
2019/10/11,25,27.25,24.35833333
2019/10/12,25.2,27.25,24.4
2019/10/13,25.35,27.25,24.4
2019/10/14,25.6,27.25,24.4
2019/10/15,25.23333333,27.25,24.325
2019/10/16,24.99166667,27.25,24.3
2019/10/17,24.8,27.25,24.3
2019/10/18,25.7,27.25,24.3
2019/10/19,25.8,27.25,22.55
2019/10/20,25.8,27.25,21.40833333
2019/10/21,25.40833333,27.25,21.5
2019/10/22,25,27.25,21.5
2019/10/23,24.81666667,27.25,21.5
2019/10/24,24.6,27.13541667,21.5
2019/10/25,24.6,26.0625,21.675
2019/10/26,24.6,25.33333333,21.9125
2019/10/27,24.6,22.60416667,22.1
2019/10/28,25.2,21.5,22.1
2019/10/29,25.50833333,25.39583333,22.06666667
2019/10/30,24.51666667,27,21.9
2019/10/31,24.4,27,21.88333333
2019/11/1,24.4,27,21.8
2019/11/2,24.4,24.67708333,21.83333333
2019/11/3,24.4,21.95833333,21.9
2019/11/4,24.4,22.33333333,21.9
2019/11/5,24.4,24.14583333,21.73333333
2019/11/6,24.4,24.25,21.5
2019/11/7,24.4,23.58333333,21.5
2019/11/8,24.4,23.25,21.5
2019/11/9,24.525,23.25,21.5
2019/11/10,24.6,22.9375,21.56666667
2019/11/11,,,
2019/11/12,24.4,23.16666667,21.62916667
2019/11/13,24.28333333,22.39583333,22.02916667
2019/11/14,24.2,21.39583333,22.1
2019/11/15,24.09166667,22.23958333,22.1
2019/11/16,24,23.92708333,22.1
2019/11/17,24,24.5625,22.1
2019/11/18,24,23.21875,22.1
2019/11/19,24,22.22916667,22.08333333
2019/11/20,22.44166667,22.125,22
2019/11/21,21.425,22.79166667,22.06666667
2019/11/22,22.7,22.76041667,22.725
2019/11/23,23.81666667,24.6875,23.1
2019/11/24,24,25.21875,23.1
2019/11/25,23.8,22.875,23.10833333
2019/11/26,23.6,22,23.15833333
2019/11/27,23.6,22.13541667,23.04166667
2019/11/28,23.58333333,23.0625,22.94166667
2019/11/29,23.53333333,23.45833333,22.78333333
2019/11/30,23.6,24,22.9
2019/12/1,24.65,24.55208333,22.9
2019/12/2,24.2,24.5,22.79166667
2019/12/3,23.6,22.60416667,22.47083333
2019/12/4,23.6,21.72916667,22.45833333
2019/12/5,23.6,23.20833333,22.4375
2019/12/6,24,23.70833333,22.5875
2019/12/7,24.63333333,23.75,22.77916667
2019/12/8,23.13333333,24.17708333,22.7
2019/12/9,23.18333333,22.91666667,22.75416667
2019/12/10,24.8,21.66666667,22.87083333
2019/12/11,24.8,21.89583333,22.91666667
2019/12/12,24.8,22.04166667,22.84166667
2019/12/13,24.8,22.25,22.98333333
2019/12/14,24.85833333,23.76041667,23.1
2019/12/15,25.23333333,24.5625,23.1
2019/12/16,22.6,23.70833333,23.04583333
2019/12/17,23.33333333,22.39583333,23.04583333
2019/12/18,24.43333333,21.70833333,23.02916667
2019/12/19,24.56666667,22.70833333,22.79166667
2019/12/20,24.4,22.375,22.51666667
2019/12/21,24.51666667,22,22.4
2019/12/22,24.83333333,24,22.4
2019/12/23,24.975,23.41666667,22.9125
2019/12/24,24.89166667,22.625,23.09583333
2019/12/25,24.6,22.16666667,23.33333333
2019/12/26,,,
2019/12/27,24.76666667,23.09375,23.3
2019/12/28,24.13333333,25,23.3
2019/12/29,24.4,25,23.3
2019/12/30,24.4,25,23.3
2019/12/31,24.4,25.45833333,23.3
2020/1/1,24.4,25.5,23.3
2020/1/2,24.4,25.5,23.3
2020/1/3,24.4,25.5,23.3
2020/1/4,24.4,25.70833333,23.3
2020/1/5,25.3,25.5,23.35833333
2020/1/6,25.125,23.45833333,23.49583333
2020/1/7,25.11666667,22.4375,23.69583333
2020/1/8,25,22.16666667,23.525
2020/1/9,25.23333333,22.27083333,22.7375
2020/1/10,25.28333333,22.5,22.5125
2020/1/11,22.4,23.03125,22.45
2020/1/12,21.73333333,25.5,22.6
2020/1/13,22.4,25.64583333,22.6625
2020/1/14,24.775,23.59375,22.75416667
2020/1/15,25.79166667,22.89583333,23.08333333
2020/1/16,23.73333333,22.8125,23.2
2020/1/17,24.46666667,22.85416667,23.15416667
2020/1/18,24.85,24.65625,23.19166667
2020/1/19,24.23333333,24.4375,23.3
2020/1/20,24,22.77083333,23.175
2020/1/21,24.5,22.60416667,23.10833333
2020/1/22,24.63333333,24.66666667,23.26666667
2020/1/23,25.49166667,24.15625,23.375
2020/1/24,25,22.77083333,23.40416667
2020/1/25,24.2,24.55208333,23.4
2020/1/26,24.68333333,25.47916667,23.48333333
2020/1/27,25.46666667,23.9375,23.58333333
2020/1/28,25.7,23.29166667,23.70833333
2020/1/29,25.4,22.41666667,23.49583333
2020/1/30,25.21666667,21.58333333,23.4
2020/1/31,25.21666667,23.23958333,23.36666667
2020/2/1,26.26666667,24.07291667,23.4
2020/2/2,26.6,25.02083333,23.4
2020/2/3,24.2,22.6875,23.225
2020/2/4,24.06666667,23.14583333,23.11666667
2020/2/5,24.66666667,23.70833333,23.10833333
2020/2/6,24.975,24.86458333,23.29583333
2020/2/7,25.4,23.75,23.37083333
2020/2/8,25.2,24.32291667,23.3
2020/2/9,25.15,24.65625,23.3
2020/2/10,25.09166667,22.08333333,23.41666667
2020/2/11,25,22.875,23.5
2020/2/12,24.93333333,23.70833333,23.27083333
2020/2/13,24.81666667,21.83333333,23.1
2020/2/14,25.06666667,21.875,23.1125
2020/2/15,25.4,23.41666667,23.1
2020/2/16,25.4,23.52083333,23.1
2020/2/17,24.41666667,22.08333333,23.19583333
2020/2/18,23.4,21.79166667,23.0875
2020/2/19,23.45833333,22.625,23.04166667
2020/2/20,23.58333333,21.60416667,23.10833333
2020/2/21,24.14166667,23,23.2
2020/2/22,24.3,23,23.2
2020/2/23,24.4,24.08333333,23.2
2020/2/24,24.4,26.14583333,23.2
2020/2/25,24.23333333,22.75,23.1
2020/2/26,23.86666667,21.66666667,23.0875
2020/2/27,23.68333333,22.125,23.17083333
2020/2/28,23.80833333,22.42708333,23.13333333
2020/2/29,23.9,23,23.1
2020/3/1,24.825,23,23.15
2020/3/2,24.975,22.95833333,23.275
2020/3/3,24.4,23,23.25833333
2020/3/4,24.45,23,23.26666667
2020/3/5,24.6,23,23.24583333
2020/3/6,24.3,22.27083333,23.27083333
2020/3/7,24,23.3125,23.3
2020/3/8,24.35833333,24.25,23.41666667
2020/3/9,24.85,22.58333333,23.25
2020/3/10,24.53333333,21.75,23.1
2020/3/11,24.2,22.13541667,23.125
2020/3/12,24.2,21.97916667,23.2
2020/3/13,24.2,21,23.2
2020/3/14,25.09166667,21.80208333,23.2
2020/3/15,25.43333333,23.75,23.2
2020/3/16,24.83333333,23.25,23.22916667
2020/3/17,24.41666667,22.90625,23.28333333
2020/3/18,23.75,22.75,23.16666667
2020/3/19,23.725,22.08333333,23.1
2020/3/20,24.6,22.07291667,23.1
2020/3/21,24.6,23.5,23.19166667
2020/3/22,24.6,24.25,23.3
2020/3/23,23.95833333,23.08333333,23.275
2020/3/24,23.06666667,22.45833333,23.2
2020/3/25,22.95,22.58333333,23.13333333
2020/3/26,22.8,23,23.1
2020/3/27,22.8,21.125,22.8875
2020/3/28,22.8,20.73958333,22.8
2020/3/29,23.4,22.79166667,22.8
2020/3/30,23.75,23.54166667,22.85
2020/3/31,23.35,22.75,22.87083333
2020/4/1,23.575,23,23.00416667
2020/4/2,23.8,23,22.93333333
2020/4/3,23.8,21.66666667,22.82916667
2020/4/4,23.8,20.5,22.8
2020/4/5,23.8,22.07291667,22.82083333
2020/4/6,23.8,24.58333333,22.85416667
2020/4/7,23.8,23.71875,22.9
2020/4/8,23.8,21.85416667,22.9
2020/4/9,23.8,22,22.9
2020/4/10,24.33333333,22.83333333,22.925
2020/4/11,24.8,28.75,23.1
2020/4/12,24.8,28.91666667,23.09166667
2020/4/13,24.8,27.64583333,22.925
2020/4/14,24.69166667,24.66666667,22.9
2020/4/15,24.95,26,22.90416667
2020/4/16,26.4,26,22.8
2020/4/17,26.4,25,22.86666667
2020/4/18,24.8,24.16666667,23
2020/4/19,25.2,23,23
2020/4/20,24.48333333,23,23
2020/4/21,21.8,23,22.98333333
2020/4/22,22.1,23,22.93333333
2020/4/23,23,23.16666667,23
2020/4/24,23,26.5,22.99166667
2020/4/25,23.35,26.52083333,23
2020/4/26,24.2,26.08333333,23
2020/4/27,24.2,25.66666667,23
2020/4/28,24.2,26.5,22.99166667
2020/4/29,24.2,26.5,22.94583333
2020/4/30,24.2,26.5,22.98333333
2020/5/1,24.2,26.5,22.9
2020/5/2,23.8,26.5,22.9
2020/5/3,23.6,26.5,22.90833333
2020/5/4,25.23333333,26.5,22.9
2020/5/5,26.4,26.5,22.9
2020/5/6,26.4,26.5,22.9
2020/5/7,26.4,26.5,22.9
2020/5/8,26.4,25.5,22.9
2020/5/9,26.4,25,22.9
2020/5/10,26.4,25,22.9
2020/5/11,25.8,25.54166667,22.9
2020/5/12,25.025,26,22.9
2020/5/13,24.6,26,23.76666667
2020/5/14,24.8,26,24.4375
2020/5/15,25.23333333,26,24.28333333
2020/5/16,25,26,24.2
2020/5/17,25,26,24.2
2020/5/18,25.03333333,26,24.09166667
2020/5/19,25,26,24
2020/5/20,25,26,24
2020/5/21,25,26.77083333,24
2020/5/22,25,27.25,23.8
2020/5/23,25,27.25,23.6
2020/5/24,25,27.25,23.6
2020/5/25,25.49166667,27.25,23.75833333
2020/5/26,25.43333333,27.25,23.875
2020/5/27,26.4,27.25,23.8
2020/5/28,26.2,27.25,23.72916667
2020/5/29,26.95,27.25,23.58333333
2020/5/30,26.95,27.25,23.5
2020/5/31,26.6,27.25,23.5
2020/6/1,26.3,27.25,23.5
2020/6/2,25.58333333,27.25,23.5
2020/6/3,24.5,27.08333333,23.72916667
2020/6/4,24.66666667,26.66666667,23.9375
2020/6/5,25.09166667,26.5,23.9875
2020/6/6,25,26.5,24.10833333
2020/6/7,25,26.5,24.28333333
2020/6/8,25.33333333,26.5,24.12083333
2020/6/9,25.2,25.83333333,23.975
2020/6/10,25.2,26.5,23.7875
2020/6/11,25.1,26.70833333,23.40833333
2020/6/12,24.125,26.16666667,23.4875
2020/6/13,24.63333333,25.75,24
2020/6/14,25.86666667,25.75,23.8375
2020/6/15,25.29166667,25.33333333,23.51666667
2020/6/16,24.69166667,25.625,23.62916667
2020/6/17,24.76666667,27,23.62083333
2020/6/18,25.03333333,27,23.59583333
2020/6/19,25.25,27,23.6
2020/6/20,25.39166667,27,23.6625
2020/6/21,25.4,26.72916667,23.7
2020/6/22,25.53333333,26.5,23.5875
2020/6/23,24.95,26.5,23.475
2020/6/24,24.61666667,26.5,23.51666667
2020/6/25,24.36666667,26.83333333,23.5
2020/6/26,24.06666667,26.5,23.44583333
2020/6/27,24.5,25.55208333,23.525
2020/6/28,24.975,25.78125,23.6
2020/6/29,24.75,26.29166667,23.55416667
2020/6/30,24.40833333,26,23.54166667
2020/7/1,24.11666667,25.77083333,23.57083333
2020/7/2,23.73333333,25.5,23.50833333
2020/7/3,23.8,25.5,23.5125
2020/7/4,23.81666667,25.72916667,23.5
2020/7/5,24.4,26,23.5
2020/7/6,24.78333333,26.25,23.54166667
2020/7/7,24.44166667,26,23.64583333
2020/7/8,24.4,26.35416667,23.45416667
2020/7/9,24.40833333,26.5,23.51666667
2020/7/10,24.375,26.375,23.49583333
2020/7/11,24.575,26.52083333,23.4
2020/7/12,24.4,26.5,23.4
2020/7/13,24.43333333,26.5,23.48333333
2020/7/14,24.725,26.5,23.69166667
2020/7/15,25.03333333,26.63541667,23.55833333
2020/7/16,25.125,26.67708333,23.25416667
2020/7/17,24.975,26.75,23.425
2020/7/18,25,26.75,23.5
2020/7/19,24.85,26.75,23.5
2020/7/20,24.15,25.3125,23.4875
2020/7/21,23.80833333,24.75,23.52083333
2020/7/22,23.64166667,25.54166667,23.41666667
2020/7/23,23.6,26,23.4
2020/7/24,23.8,26.15625,23.3875
2020/7/25,24.03333333,26.25,23.4
2020/7/26,23.55833333,26.25,23.4
2020/7/27,22.825,25.52083333,23.39166667
2020/7/28,23.05,25.83333333,23.4375
2020/7/29,23.475,26.07291667,23.49166667
2020/7/30,24.34166667,26.16666667,23.45416667
2020/7/31,24.36666667,26.44791667,23.675
2020/8/1,24.325,26.5,23.7
2020/8/2,24.86666667,26.5,23.7
2020/8/3,24.48333333,26.5,23.75
2020/8/4,24.28333333,26.27083333,23.87916667
2020/8/5,24.425,25.875,23.7375
2020/8/6,24.34166667,26.02083333,23.80416667
2020/8/7,24.075,25.97916667,23.74166667
2020/8/8,23.8,26,23.8
2020/8/9,24.73333333,26,23.8
2020/8/10,25.06666667,26,23.85833333
2020/8/11,23.91666667,26,23.7875
2020/8/12,24.06666667,26.11458333,23.72916667
2020/8/13,24.70833333,26.40625,23.79583333
2020/8/14,24.15,26.28125,23.58333333
2020/8/15,23.76666667,26,23.225
2020/8/16,24.53333333,25.875,23.51666667
2020/8/17,24.45,25.65625,23.5625
2020/8/18,24.50833333,25.875,23.55833333
2020/8/19,23.7,26,23.825
2020/8/20,24.2,25.91666667,23.7875
2020/8/21,23.6,26,23.9125
2020/8/22,23.60833333,26.29166667,23.8
2020/8/23,24.6,26.16666667,23.64583333
2020/8/24,24.025,26,23.9625
2020/8/25,23.49166667,26,24.075
2020/8/26,23.69166667,26,24.07916667
2020/8/27,24,26,24.1125
2020/8/28,23.9,26,24.30833333
2020/8/29,23.66666667,26.15625,24.29583333
2020/8/30,24.475,25.125,24.11666667
2020/8/31,24.375,25.33333333,24.0625
2020/9/1,24.525,26,24.40416667
2020/9/2,24.325,26,24.4875
2020/9/3,24.1,26,24.3625
2020/9/4,23.8,26,24.15
2020/9/5,23.63333333,26.15625,23.98333333
2020/9/6,24.6,26.25,23.9
2020/9/7,24.55833333,26.25,24.1625
2020/9/8,24.4,26.25,24.325
2020/9/9,24.4,26.25,24.2375
2020/9/10,24.625,26.1875,24.36666667
2020/9/11,24.3,26.15625,24.45416667
2020/9/12,24.325,26.45833333,24.525
2020/9/13,24.86666667,27,24.59166667
2020/9/14,24.85,26.88541667,24.39166667
2020/9/15,24.63333333,26.75,24.41666667
2020/9/16,25.09166667,26.40625,24.52083333
2020/9/17,24.875,26.20833333,24.52916667
2020/9/18,24.4,25.58333333,24.61666667
2020/9/19,24.31818182,25.70454545,24.6
2020/9/20,24.9,26.25,24.38333333
2020/9/21,24.88333333,26.25,24.41666667
2020/9/22,24.65,26.25,24.39583333
2020/9/23,24.94166667,26.75,24.49583333
2020/9/24,24.81666667,27,24.57083333
2020/9/25,24.65,27,24.5375
2020/9/26,24.6,27,24.5
2020/9/27,24.6,27,24.5
2020/9/28,24.75,27,24.50833333
2020/9/29,25.08333333,27,24.5
2020/9/30,25.05833333,27,24.4375
2020/10/1,24.95,27,24.4
2020/10/2,24.74166667,27,24.34166667
2020/10/3,24,27,24.35
2020/10/4,24,27,24.28333333
2020/10/5,24.33333333,27,24.13333333
2020/10/6,24.59166667,27,24.09166667
2020/10/7,24.76666667,27,24.1
2020/10/8,25.2,27,24.1
2020/10/9,25.2,27,23.76666667
2020/10/10,24.93333333,27,23.1
2020/10/11,24.3,27,23.1
2020/10/12,24.225,27,23.85833333
2020/10/13,24.59166667,27,24.25416667
2020/10/14,24.76666667,27,24.27083333
2020/10/15,24.7,27,24.125
2020/10/16,24.90833333,27,22.9
2020/10/17,24.85833333,27,22.9
2020/10/18,24.10833333,27,22.9
2020/10/19,24.08333333,27,22.66666667
2020/10/20,24.4,27,22.4
2020/10/21,24.2,27,22.2
2020/10/22,24.2,27,22.2
2020/10/23,24.2,27,22.2
2020/10/24,24.2,27,22.2
2020/10/25,24.2,27,22.2
2020/10/26,24.2,27,22.2
2020/10/27,24.2,27,22.2
2020/10/28,24.2,27,22.2
2020/10/29,24.2,27,22.2
2020/10/30,24.3,27,22.2
2020/10/31,24.6,26.41666667,22.2
2020/11/1,25.00833333,25.25,22.2
2020/11/2,26,25.25,22.19583333
2020/11/3,26,25.25,22.43333333
2020/11/4,26,25.25,22.6
2020/11/5,26,25.25,22.6
2020/11/6,25.8,25.25,22.65416667
2020/11/7,25.2,25.25,22.7
2020/11/8,25.21666667,25.25,22.7
2020/11/9,24.8,25.25,22.7
2020/11/10,24.7,25.25,22.75
2020/11/11,24.83333333,25.25,22.81666667
2020/11/12,24.83333333,22.20833333,22.91666667
2020/11/13,23.68333333,20.9375,22.79166667
2020/11/14,23.2,22,22.6
2020/11/15,23.63333333,22.15625,22.6
2020/11/16,24,22.85416667,22.7
2020/11/17,24,23.25,22.6
2020/11/18,24,22.75,22.6
2020/11/19,24,21.75,22.6
2020/11/20,24,21.75,22.6
2020/11/21,24,21.75,22.6
2020/11/22,24,21.75,22.6
2020/11/23,24,21.75,22.6
2020/11/24,24.35,21.54166667,22.77916667
2020/11/25,24.38333333,21.5625,22.85
2020/11/26,24.23333333,21.25,22.71666667
2020/11/27,24.2,21.125,22.76666667
2020/11/28,24.2,21.25,22.9
2020/11/29,24.2,21.66666667,22.8375
2020/11/30,24.2,21.20833333,22.78333333
2020/12/1,23.48333333,20.75,22.86666667
2020/12/2,23.98333333,21.5,23.0875
2020/12/3,24.35833333,22.85416667,23
2020/12/4,24.13333333,22.75,22.8
2020/12/5,24.2,23.6875,22.8375
2020/12/6,24.725,25,22.9
2020/12/7,26,24.29166667,22.80833333
2020/12/8,26,24.75,22.73333333
2020/12/9,26,23.14583333,22.70833333
2020/12/10,25.65,21.5,22.7
2020/12/11,25.125,21.22916667,22.7
2020/12/12,24.6,22.83333333,22.76666667
2020/12/13,24.6,25,22.8
2020/12/14,24.6,23.125,22.8
2020/12/15,25.09166667,22.69791667,22.8
2020/12/16,25.26666667,23.375,22.8625
2020/12/17,24.8,21.83333333,22.9375
2020/12/18,25.14166667,21.125,22.9125
2020/12/19,25.70833333,21.66666667,22.9
2020/12/20,26.2,23.6875,22.9
2020/12/21,25.71666667,23.66666667,23.0125
2020/12/22,25.66666667,22.0625,22.94166667
2020/12/23,25.775,21.53125,22.85
2020/12/24,25.8,21.98958333,22.78333333
2020/12/25,25.975,22.3125,22.82083333
2020/12/26,26,22.95833333,22.9
2020/12/27,26,24.5,22.9
2020/12/28,26,23.66666667,22.91666667
2020/12/29,26,24.94791667,22.9
2020/12/30,26,26,22.9
2020/12/31,26,26,22.9
2021/1/1,26,26,22.9
2021/1/2,26,26,22.9
2021/1/3,26,26,22.9
2021/1/4,26.06666667,25.9375,23.075
2021/1/5,25.85833333,26,23.17083333
2021/1/6,25.61666667,25.9375,23.21666667
2021/1/7,25.45,25.70833333,23.3125
2021/1/8,25.05,25.5,23.39166667
2021/1/9,25.425,25.8125,23.35416667
2021/1/10,25.6,26,23.37083333
2021/1/11,26.21666667,26,23.5
2021/1/12,25.2,25.70833333,23.75416667
2021/1/13,25.35,25.5,23.99583333
2021/1/14,24.88333333,24.5625,23.79166667
2021/1/15,25.26666667,24.02083333,23.76666667
2021/1/16,25.4,24,23.8
2021/1/17,26.01666667,24,23.8
2021/1/18,26.50833333,24,23.875
2021/1/19,26.6,24.52083333,23.8
2021/1/20,26.475,24.9375,23.66666667
2021/1/21,26.425,25.125,23.56666667
2021/1/22,26.26666667,25.5,23.6125
2021/1/23,26,25.5,23.78333333
2021/1/24,26.70833333,25.5,23.66666667
2021/1/25,25.61666667,25.5,23.60833333
2021/1/26,24.7,25.5,23.65
2021/1/27,24.6,24.66666667,23.6
2021/1/28,24.6,23,23.65833333
2021/1/29,24.88333333,23,23.7
2021/1/30,25,23,23.7
2021/1/31,25,23,23.64166667
2021/2/1,25.26666667,23.02083333,23.62916667
2021/2/2,25.29166667,22.25,23.50833333
2021/2/3,25,22.33333333,23.42083333
2021/2/4,25.25,22.25,23.34583333
2021/2/5,25.2,23,23.37083333
2021/2/6,25.2,23,23.4
2021/2/7,25.53333333,23,23.4
2021/2/8,25.5,22.33333333,23.4
2021/2/9,25,23.48958333,23.4
2021/2/10,25,24,23.4
2021/2/11,25.46666667,24.25,23.4
2021/2/12,25.38333333,23.8125,23.3375
2021/2/13,25,23.70833333,23.1
2021/2/14,25,24.1875,23.1
2021/2/15,24.83333333,22.66666667,23.1
2021/2/16,24.61666667,22.4375,22.9
2021/2/17,25.53333333,22.75,22.8
2021/2/18,26,22.625,22.8
2021/2/19,26,22.28125,22.8
2021/2/20,26,22,22.8
2021/2/21,26,22,22.8
2021/2/22,26,22.45833333,22.525
2021/2/23,26,24.625,22.2
2021/2/24,26,26.5,22.1875
2021/2/25,26,24.5,22.1625
2021/2/26,26,23.58333333,22.25833333
2021/2/27,26,25.85416667,22.3
2021/2/28,26,27,22.3
2021/3/1,25.55,25,22.2625
2021/3/2,25.2,24,22.25416667
2021/3/3,25.58333333,24,22.3
2021/3/4,25.65,23.42708333,22.27083333
2021/3/5,25.30833333,24,22.2
2021/3/6,25.2,23.05208333,22.2
2021/3/7,25.2,23.33333333,22.2
2021/3/8,25.43333333,23.47916667,22.17916667
2021/3/9,25.475,23.25,22.16666667
2021/3/10,25.4,23.5625,22.22916667
2021/3/11,25.525,23.75,22.2
2021/3/12,25.23333333,23.75,22.2
2021/3/13,24.8,23.75,22.2
2021/3/14,24.8,23.07291667,22.2
2021/3/15,24.8,21.71875,22.2
2021/3/16,24.66666667,20.69791667,22.2
2021/3/17,24.61666667,20.58333333,22.2
2021/3/18,24.8,21,22.2
2021/3/19,24.8,20.45833333,22.2
2021/3/20,24.8,20,22.2
2021/3/21,24.8,20,22.15
2021/3/22,24.98333333,20,22.16666667
2021/3/23,25.2,20,22.22916667
2021/3/24,25.2,20,22.2
2021/3/25,25.2,20,22.13333333
2021/3/26,25.2,20,22.10833333
2021/3/27,24.73333333,20,22.1
2021/3/28,24.4,20,22.15416667
2021/3/29,24.4,20,22.2
2021/3/30,24.4,20,22.2
2021/3/31,24.4,20,22.2
2021/4/1,24.4,20,22.2
2021/4/2,24.4,20,22.2
2021/4/3,24.4,20,22.2
2021/4/4,24.4,20,22.2
2021/4/5,24.4,20,22.2
2021/4/6,24.4,20,22.1375
2021/4/7,24.4,20,22.15833333
2021/4/8,24.4,20,22.23333333
2021/4/9,24.4,20,22.3
2021/4/10,24.4,20,22.3
2021/4/11,24.4,20.1875,22.3
2021/4/12,24.4,20.75,22.3
2021/4/13,24.4,20.75,22.3
2021/4/14,24.4,20.75,22.3
2021/4/15,24.4,20.75,22.3
2021/4/16,24.88333333,20.75,22.3
2021/4/17,26.8,20.75,22.3
2021/4/18,26.8,20.75,22.3
2021/4/19,26.8,20.75,22.3
2021/4/20,26.8,20.75,22.3
2021/4/21,26.8,20.75,22.3
2021/4/22,26.8,20.75,22.3
2021/4/23,26.8,20.75,22.3
2021/4/24,26.8,20.94791667,22.3
2021/4/25,26.8,21,22.3
2021/4/26,26.8,21,22.3
2021/4/27,26.8,21,22.3
2021/4/28,26.8,21,22.3
2021/4/29,26.8,21,22.3
2021/4/30,26.8,21,22.3
2021/5/1,26.8,21,22.3
2021/5/2,26.8,21,22.3
2021/5/3,26.8,21,22.3
2021/5/4,26.8,21,22.3
2021/5/5,26.8,21,22.3
2021/5/6,26.8,21,22.3
2021/5/7,25.675,21,22.3
2021/5/8,25,21,22.3
2021/5/9,25,21,22.3
2021/5/10,25,21,22.3
2021/5/11,25,21,22.3
2021/5/12,25,21,22.3
2021/5/13,25,21,22.3
2021/5/14,25,21,23.09166667
2021/5/15,25,21,24.15
2021/5/16,25,21,24.1
2021/5/17,25.04166667,21,24.12083333
2021/5/18,25.05,21,24.24583333
2021/5/19,24.99166667,21,24.3
2021/5/20,24.80833333,21,24.24583333
2021/5/21,24.675,21,24.04166667
2021/5/22,24.6,21,24
2021/5/23,24.6,21,23.90416667
2021/5/24,24.91666667,21,23.92916667
2021/5/25,25.04166667,21,24.02916667
2021/5/26,24.99166667,21,24.04166667
2021/5/27,25,21,24.25416667
2021/5/28,24.725,21,24.32083333
2021/5/29,24.4,21,24.1
2021/5/30,24.4,21,24.1
2021/5/31,24.53333333,21,24.17083333
2021/6/1,24.7,21,24.33333333
2021/6/2,24.8,21,24.3875
2021/6/3,25.075,21,24.33333333
2021/6/4,24.94166667,21,24.35
2021/6/5,25,24.35416667,24.4
2021/6/6,25,26.75,24.28333333
2021/6/7,24.86666667,26.75,24.21666667
2021/6/8,24.8,26.54166667,24.37916667
2021/6/9,24.8,26.71875,24.33333333
2021/6/10,24.8,27,24.42916667
2021/6/11,24.8,27,24.55833333
2021/6/12,24.51666667,27,24.5
2021/6/13,24.75,26.86458333,24.44583333
2021/6/14,25.50833333,26.72916667,24.45833333
2021/6/15,25.325,26.75,24.6
2021/6/16,25.16666667,26.75,24.55833333
2021/6/17,25,26.72916667,24.48333333
2021/6/18,25,26.375,24.42916667
2021/6/19,24.86666667,25.75,24.45
2021/6/20,25,25.48958333,24.54583333
2021/6/21,25,24.5,24.5875
2021/6/22,25.125,25.3125,24.56666667
2021/6/23,25.25,26,24.34583333
2021/6/24,25.425,26.66666667,24.22916667
2021/6/25,24.875,27.16666667,24.3125
2021/6/26,23.94166667,26,24.22083333
2021/6/27,22.8,25.89583333,24.2
2021/6/28,23.40833333,26.20833333,24.375
2021/6/29,24.625,26.5,24.37083333
2021/6/30,24.275,26.5,24.175
2021/7/1,24.21666667,26.5,24.21666667
2021/7/2,24.20833333,26.64583333,24.24166667
2021/7/3,25.65,26.5,24.07916667
2021/7/4,26.4,26.5,24.1
2021/7/5,25.59166667,26.5,24.09166667
2021/7/6,25.225,26.02083333,24.10833333
2021/7/7,25,25.625,24.12083333
2021/7/8,25,25.66666667,24.24583333
2021/7/9,25,25.83333333,24.2875
2021/7/10,25.20833333,26,24.3875
2021/7/11,25.11666667,26.58333333,24.30833333
2021/7/12,24.80833333,26.16666667,24.2125
2021/7/13,24.8,25.625,24.15
2021/7/14,24.8,25.36458333,24.20833333
2021/7/15,24.8,25.625,24.19583333
2021/7/16,24.8,25.61458333,24.12083333
2021/7/17,25.2,26,23.67916667
2021/7/18,26.56666667,25.5,23.68333333
2021/7/19,25.35,25.14583333,24.08333333
2021/7/20,24.91666667,25.3125,24.325
2021/7/21,24.74166667,26.3125,24.39166667
2021/7/22,24.475,26.52083333,24.225
2021/7/23,23.85833333,26.85416667,24.05
2021/7/24,23.33333333,27.5,24.1
2021/7/25,23,26.95833333,24.1
2021/7/26,23.60833333,26.35416667,24.12916667
2021/7/27,24.66666667,25.75,24.4625
2021/7/28,24.74166667,26.25,24.38333333
2021/7/29,24.6,26.57291667,24.19166667
2021/7/30,24.525,26.66666667,24.3375
2021/7/31,24.58333333,26,24.31666667
2021/8/1,24.65833333,26.13541667,24.24583333
2021/8/2,24.75,26.0625,24.27916667
2021/8/3,24.33333333,26.45833333,24.35833333
2021/8/4,24.2,26.53125,24.275
2021/8/5,24.4,26.58333333,24.25416667
2021/8/6,24.3,26.92708333,24.19166667
2021/8/7,24.21666667,26.40625,24.3125
2021/8/8,24.15833333,26.40625,24.3
2021/8/9,24.3,26.0625,24.28333333
2021/8/10,24.11666667,26.40625,24.2875
2021/8/11,24.55,26.83333333,24.27916667
2021/8/12,24.69166667,26.5,24.3625
2021/8/13,25.31666667,26.66666667,24.40833333
2021/8/14,25.16666667,27,24.44166667
2021/8/15,25,27,24.5
2021/8/16,24.9,27,24.3125
2021/8/17,24.64166667,26.59375,24.34166667
2021/8/18,24.48333333,25.91666667,24.3625
2021/8/19,24.58333333,25.75,24.2
2021/8/20,24.45833333,25.92708333,24.1125
2021/8/21,24.4,25.95833333,24.19583333
2021/8/22,24.4,26.25,24.1
2021/8/23,24.56666667,26.07291667,24.175
2021/8/24,24.59166667,25.98958333,24.2625
2021/8/25,24.44166667,26,24.30833333
2021/8/26,24.2,26,24.15
2021/8/27,24.29166667,26,24.05833333
2021/8/28,24.4,26.27083333,24
2021/8/29,24.4,26.5,23.85833333
2021/8/30,24.5,26.14583333,24.10416667
2021/8/31,24.53333333,26.5,24.275
2021/9/1,24.65833333,27.33333333,24.325
2021/9/2,24.6,27.41666667,24.37083333
2021/9/3,24.925,27.5,24.26666667
2021/9/4,25.26666667,27.5,24.2
2021/9/5,26.6,26.84375,24.2
2021/9/6,25.58333333,25.95833333,24.3125
2021/9/7,24.825,26.25,24.35416667
2021/9/8,24.83333333,26.78125,24.35416667
2021/9/9,24.6,27,24.39166667
2021/9/10,24.70833333,26.51041667,24.33333333
2021/9/11,24.86666667,25.75,24.16666667
2021/9/12,24.8,25.5,24.13333333
2021/9/13,24.73333333,26.44791667,24.34166667
2021/9/14,24.89166667,26.73958333,24.40833333
2021/9/15,24.79166667,26.75,24.46666667
2021/9/16,24.66666667,26.73958333,24.36666667
2021/9/17,24.86666667,26.75,24.35416667
2021/9/18,24.55,26.75,24.2
2021/9/19,24.2,26.28125,24.15
2021/9/20,24.2,26.10416667,24.07083333
2021/9/21,24.4,26.78125,24.19583333
2021/9/22,24.5,26.67708333,24.29166667
2021/9/23,24.4,26.03125,24.27083333
2021/9/24,24.66666667,26.08333333,24.25833333
2021/9/25,24.8,26.25,24.4
2021/9/26,24.8,26.25,24.4
2021/9/27,24.76666667,26.60416667,24.3125
2021/9/28,24.625,26.75,24.275
2021/9/29,24.71666667,26.75,24.27083333
2021/9/30,24.75,26.75,24.25
2021/10/1,25.625,26.75,24.33333333
2021/10/2,25.33333333,26.5625,24.45833333
2021/10/3,25,26.5,24.5
2021/10/4,25.01666667,26.5,24.3375
2021/10/5,24.85,26.32291667,24.2
2021/10/6,24.53333333,26.25,24.09583333
2021/10/7,24.65,26.25,24.04166667
2021/10/8,24.31666667,26.25,24.14583333
2021/10/9,24.2,26.25,24.18181818
2021/10/10,24.42105263,26.25,24.13684211
2021/10/11,24.79166667,26.25,24.2
2021/10/12,24.96666667,26.25,24.34166667
2021/10/13,24.96666667,26.25,24.3625
2021/10/14,24.68333333,26.25,24.34583333
2021/10/15,24.75,26.25,24.3125
2021/10/16,24.875,26.25,24.34166667
2021/10/17,25.525,26.25,24.4
2021/10/18,25.84166667,26.25,24.0125
2021/10/19,24.85,26.25,22.35833333
2021/10/20,24.86666667,26.25,22.5
2021/10/21,25.875,26.25,22.5
2021/10/22,25.58333333,26.25,22.6
2021/10/23,24.6,26.25,22.7
2021/10/24,24.6,26.25,22.7
2021/10/25,24.6,24.625,22.7
2021/10/26,24.78333333,23,22.7
2021/10/27,24.88333333,23,22.5625
2021/10/28,25.09166667,23,22.4
2021/10/29,25.06666667,23,22.375
2021/10/30,24.8,23,22.3
2021/10/31,24.8,23,22.3
2021/11/1,24.8,23,22.30833333
2021/11/2,24.8,23,22.3
2021/11/3,24.8,23,22.3625
2021/11/4,24.63333333,23,22.35833333
2021/11/5,24.4,23,22.4
2021/11/6,24.16666667,23,22.4
2021/11/7,24,23,22.4
2021/11/8,24,23,22.39166667
2021/11/9,24,23,22.4
2021/11/10,24,23,22.4
2021/11/11,24,23.10416667,22.4
2021/11/12,24,23.5,22.35416667
2021/11/13,24,23.52083333,22.3
2021/11/14,24,24.02083333,22.3
2021/11/15,24.18333333,23.5,22.3
2021/11/16,24.4,23.5,22.3
2021/11/17,24.4,23.5,22.3
2021/11/18,24.45,23.67708333,22.3
2021/11/19,24.33333333,23.75,22.3
2021/11/20,24.2,23.75,23.21666667
2021/11/21,24.2,23.75,24.3
2021/11/22,24.2,23.625,22.88333333
2021/11/23,24.2,23.25,22.3
2021/11/24,22.45,23.25,22.3
2021/11/25,20.6,23.25,22.175
2021/11/26,20.6,23.60416667,22.12916667
2021/11/27,20.6,23.8125,22.2
2021/11/28,20.6,24.14583333,22.2
2021/11/29,23.39166667,23.71875,22.27083333
2021/11/30,24.68333333,23.76041667,22.19583333
2021/12/1,24.58333333,23.75,22.1
2021/12/2,24.4,23.28125,22.05833333
2021/12/3,24.4,23,22.19166667
2021/12/4,24.4,23,22.22083333
2021/12/5,24.4,23,22.08333333
2021/12/6,24.66666667,23.40625,22.32083333
2021/12/7,24.8,23.75,22.3375
2021/12/8,25.03333333,23.75,22.225
2021/12/9,25.2,23.59375,22.025
2021/12/10,25.34166667,22.77083333,22.075
2021/12/11,25.4,22.25,21.33333333
2021/12/12,25.4,22.66666667,20.9
2021/12/13,25.4,23.0625,20.92916667
2021/12/14,25.63333333,22.98958333,21.01666667
2021/12/15,25.61666667,23.28125,21.12083333
2021/12/16,25.4,23,21.19166667
2021/12/17,25.4,22.70833333,21.29583333
2021/12/18,25.45,23.46875,22.15416667
2021/12/19,23.625,24.79166667,23.2
2021/12/20,22.18333333,23.39583333,22.24583333
2021/12/21,24.53333333,22.78125,21.85416667
2021/12/22,23.46666667,22.75,21.875
2021/12/23,22.39166667,23.02083333,21.70416667
2021/12/24,24,22.71875,21.93333333
2021/12/25,24.8,22,22
2021/12/26,24.9,22.91666667,22
2021/12/27,24.93333333,23.6875,22.13333333
2021/12/28,24.8,23.5,22.25833333
2021/12/29,24.8,23.5,22.35
2021/12/30,24.8,23.875,22.3625
2021/12/31,24.8,24.5,22.3
2022/1/1,24.8,24.5,22.3
2022/1/2,24.8,24.5,22.3
2022/1/3,24.8,24.5,22.3
2022/1/4,24.8,24.5,22.57916667
2022/1/5,24.8,24.60416667,22.75
2022/1/6,25,26.125,23.03333333
2022/1/7,24.21666667,27.28125,22.7625
2022/1/8,23.53333333,25,22.70833333
2022/1/9,23.6,24.75,22.74166667
2022/1/10,22.23333333,25,22.89166667
2022/1/11,22.05833333,24.8125,23.04166667
2022/1/12,24.4,24.20833333,23.06666667
2022/1/13,24.38333333,24.1875,23.00833333
2022/1/14,24.61666667,24.35416667,23.06666667
2022/1/15,25.09166667,24.39583333,23.29166667
2022/1/16,23.525,24.64583333,23.28333333
2022/1/17,23.35833333,24.69791667,23.21666667
2022/1/18,24.6,24.25,23.1125
2022/1/19,24.8,24.58333333,23.05833333
2022/1/20,24.8,24.45833333,23.175
2022/1/21,24.8,24.25,23.0375
2022/1/22,25,27.60416667,23.11666667
2022/1/23,26,30,23.42916667
2022/1/24,24.94166667,25.33333333,23.3
2022/1/25,24.26666667,23.25,23.20833333
2022/1/26,24.56666667,23.1875,23.225
2022/1/27,24.66666667,24.16666667,23.13333333
2022/1/28,24.7,25.19791667,23.125
2022/1/29,24.6,24.26041667,23.12916667
2022/1/30,25.03333333,24.25,23.2
2022/1/31,24.86666667,24.22916667,23.19166667
2022/2/1,24.6,23.97916667,23.45416667
2022/2/2,24.6,23.75,23.54583333
2022/2/3,24.3,23.79166667,23.5
2022/2/4,23.78333333,24.10416667,23.47083333
2022/2/5,24,24.25,23.4
2022/2/6,24.7,24.52083333,23.4
2022/2/7,25.025,24.57291667,23.02083333
2022/2/8,24.68333333,24.5,22.43333333
2022/2/9,24.08333333,24.20833333,22.44583333
2022/2/10,24.46666667,24.47916667,22.55416667
2022/2/11,25.19166667,25.0625,22.81666667
2022/2/12,24.53333333,25.25,22.9
2022/2/13,24.71666667,25.34375,22.9
2022/2/14,25.075,25.14583333,22.90416667
2022/2/15,24.73333333,24.41666667,22.85833333
2022/2/16,24.73333333,24.34375,23.1625
2022/2/17,25.5,24.25,23.125
2022/2/18,25.13333333,24.25,22.95
2022/2/19,24.8,24.33333333,23
2022/2/20,25.76666667,26.64583333,23.325
2022/2/21,25.925,25.79166667,23.25
2022/2/22,25.65,24.67708333,22.93333333
2022/2/23,25.75,25.17708333,23
2022/2/24,24.90833333,25.64583333,23.0125
2022/2/25,24.9,24.01041667,22.975
2022/2/26,24.4,22,23
2022/2/27,24.4,23.4375,23
2022/2/28,25.375,24.39583333,22.98333333
2022/3/1,24.71666667,24.25,22.9875
2022/3/2,25.26666667,22.75,22.9
2022/3/3,25.65,22.04166667,22.9
2022/3/4,25.66666667,22.25,22.97083333
2022/3/5,26.05,23.04166667,23
2022/3/6,27.05,23.5,23
2022/3/7,26.85,23.02083333,22.675
2022/3/8,25.86666667,23.28125,22.75
2022/3/9,25.8,23.14583333,23.03333333
2022/3/10,25.8,23,23
2022/3/11,25.8,23,23
2022/3/12,25.8,23,23
2022/3/13,25.8,23,23
2022/3/14,25.8,23,22.85833333
2022/3/15,25.8,23,22.85
2022/3/16,25.8,22.82291667,23
2022/3/17,25.8,22.75,23
2022/3/18,25.8,22.90625,22.82916667
2022/3/19,25.8,22.5,22.6
2022/3/20,25.8,22.5625,22.6
2022/3/21,25.8,23,22.69166667
2022/3/22,25.7,22.58333333,22.475
2022/3/23,24.78333333,22.70833333,21.81666667
2022/3/24,25.13333333,23,21.83333333
2022/3/25,25.6,23,21.8
2022/3/26,25.6,23,21.8
2022/3/27,25.6,23,21.8
2022/3/28,25.6,23,21.75833333
2022/3/29,25.70833333,23,22.05833333
2022/3/30,25.8,22.66666667,22.17083333
2022/3/31,25.8,22.79166667,22.225
2022/4/1,25.475,22.65625,22.20416667
2022/4/2,25.2,22,22.1
2022/4/3,25.91666667,22.34375,22.15
2022/4/4,26.13333333,22.86458333,22.55
2022/4/5,25.8,22.51041667,22.98333333
2022/4/6,25.8,22.77083333,23.4
2022/4/7,25.8,23,22.9875
2022/4/8,25.8,23,22.9
2022/4/9,25.8,23,23.0375
2022/4/10,25.8,23,23.2
2022/4/11,25.8,24.125,23.0125
2022/4/12,25.84166667,26,22.77083333
2022/4/13,25.06666667,26,22.69166667
2022/4/14,24.8,25.66666667,22.45
2022/4/15,24.8,25.5,22.39166667
2022/4/16,24.8,25.5,22.7
2022/4/17,24.8,25.5,23
2022/4/18,24.8,25.5,22.92916667
2022/4/19,24.8,25.5,22.8125
2022/4/20,24.8,25.75,22.7625
2022/4/21,24.8,26,22.7
2022/4/22,24.70833333,26,22.82083333
2022/4/23,24.6,26,23
2022/4/24,24.6,26,23
2022/4/25,24.475,26,22.94583333
2022/4/26,24.725,26.14583333,22.9
2022/4/27,24.69166667,26.9375,22.9125
2022/4/28,24.68333333,26.75,23.0375
2022/4/29,24.6,26.61458333,23.1
2022/4/30,24.6,26.5,23.1
2022/5/1,25.00833333,26.5,23.1
2022/5/2,25.06666667,25.01041667,23.1
2022/5/3,24.6,23.75,23.1
2022/5/4,24.41666667,23.75,23.1
2022/5/5,24.1,23.75,23.1
2022/5/6,24,23.75,23.1
2022/5/7,24,23.75,23.1
2022/5/8,24.21666667,23.75,23.1
2022/5/9,24.4,24.5,23.2125
2022/5/10,24.21666667,24.75,23.29166667
2022/5/11,24.16666667,24.75,23.13333333
2022/5/12,24.45833333,24.75,23.08333333
2022/5/13,24.425,24.75,23.17083333
2022/5/14,24.4,24.75,23.2
2022/5/15,24.4,24.75,23.2
2022/5/16,24.4,24.75,23.2
2022/5/17,24.4,24.75,23.2
2022/5/18,24.8,24.75,23.1375
2022/5/19,24.6,24.75,23.15416667
2022/5/20,25.16666667,24.75,23.15
2022/5/21,25,24.75,23.1
2022/5/22,24.73333333,24.75,23.1
2022/5/23,24.46666667,25.375,23.1875
2022/5/24,24.51666667,26.41666667,23.3125
2022/5/25,24.58333333,26,23.30833333
2022/5/26,24.93333333,26.625,23.32083333
2022/5/27,24.9,27,23.39166667
2022/5/28,24.99166667,27.35416667,23.3375
2022/5/29,25.21666667,26.66666667,23.3
2022/5/30,24.325,26.29166667,23.22916667
2022/5/31,24.50833333,27.35416667,23.1375
2022/6/1,24.66666667,26.80208333,23.15833333
2022/6/2,24.7,26.25,23.2625
2022/6/3,24.925,26.51041667,23.20833333
2022/6/4,24.38333333,27.25,23.10833333
2022/6/5,24.48333333,27.25,23
2022/6/6,24.8,26.95833333,23.125
2022/6/7,24.74166667,26.70833333,23.16666667
2022/6/8,24.93333333,26.5,23.1
2022/6/9,24.875,26.5,23.05833333
2022/6/10,24.68333333,25.90625,23.17083333
2022/6/11,24.8,25.75,23.4
2022/6/12,24.66666667,26,23.4
2022/6/13,24.60833333,26.33333333,23.12916667
2022/6/14,24.4,26.5,23.07916667
2022/6/15,24.24166667,26.3125,23.2875
2022/6/16,24.60833333,25.6875,23.31666667
2022/6/17,24.65,25,23.3625
2022/6/18,24.69166667,25,23.2
2022/6/19,24.91666667,25.5,23.2
2022/6/20,24.41666667,25.6875,23.22916667
2022/6/21,24.64166667,25.25,23.4125
2022/6/22,25.25833333,25.33333333,23.5625
2022/6/23,24.58333333,26,23.475
2022/6/24,24.575,26,23.58333333
2022/6/25,24.98333333,26.4375,23.375
2022/6/26,25.25833333,26,23.09583333
2022/6/27,24.88333333,26.58333333,23.10416667
2022/6/28,25.15,26.83333333,23.13333333
2022/6/29,24.84166667,26.3125,23.19583333
2022/6/30,24.55833333,26.39583333,23.3375
2022/7/1,25.05833333,26.60416667,23.62083333
2022/7/2,25.25,27,23.35
2022/7/3,24.93333333,27.22916667,23.07916667
2022/7/4,25.23333333,26.875,23.37916667
2022/7/5,25.24166667,26.76041667,23.52916667
2022/7/6,25.46666667,26.25,23.40833333
2022/7/7,25.6,26.25,23.54166667
2022/7/8,25.325,26.70833333,23.70833333
2022/7/9,25.43333333,26,23.3
2022/7/10,25.525,26.60416667,23.79583333
2022/7/11,25.175,26.52083333,23.88333333
2022/7/12,25.15833333,26.58333333,24.05833333
2022/7/13,25.025,26.58333333,23.79166667
2022/7/14,25.125,26.08333333,23.98333333
2022/7/15,25.16666667,26.15625,24.08333333
2022/7/16,25,26.5,23.9
2022/7/17,25.16666667,26.33333333,23.87916667
2022/7/18,25.24166667,26.125,23.95
2022/7/19,25.25,26.40625,23.92916667
2022/7/20,25.18333333,26,23.99166667
2022/7/21,25.53333333,26,23.67083333
2022/7/22,25.20833333,25.75,23.65416667
2022/7/23,25.28333333,25.75,23.4625
2022/7/24,25.425,26,23.19166667
2022/7/25,24.74166667,26,23.5375
2022/7/26,24.65833333,25.70833333,23.92916667
2022/7/27,25.075,25.54166667,24.125
2022/7/28,25.00833333,25.72916667,23.95
2022/7/29,24.74166667,25.8125,23.85416667
2022/7/30,24.33333333,26.42708333,23.6375
2022/7/31,24.19166667,26.75,23.35
